#! /usr/bin/vvp
:ivl_version "12.0 (stable)";
:ivl_delay_selection "TYPICAL";
:vpi_time_precision + 0;
:vpi_module "/usr/lib/x86_64-linux-gnu/ivl/system.vpi";
:vpi_module "/usr/lib/x86_64-linux-gnu/ivl/vhdl_sys.vpi";
:vpi_module "/usr/lib/x86_64-linux-gnu/ivl/vhdl_textio.vpi";
:vpi_module "/usr/lib/x86_64-linux-gnu/ivl/v2005_math.vpi";
:vpi_module "/usr/lib/x86_64-linux-gnu/ivl/va_math.vpi";
:vpi_module "/usr/lib/x86_64-linux-gnu/ivl/v2009.vpi";
S_0x64ab4b557fd0 .scope package, "$unit" "$unit" 2 1;
 .timescale 0 0;
S_0x64ab4b595830 .scope module, "tb_cpu" "tb_cpu" 3 2;
 .timescale 0 0;
v0x64ab4b6b45c0_0 .var "clk", 0 0;
v0x64ab4b6b4660_0 .var "fail_count", 31 0;
v0x64ab4b6b4720_0 .var/i "file_handle", 31 0;
v0x64ab4b6b47e0_0 .var "line_buffer", 2047 0;
v0x64ab4b6b48c0_0 .var/i "line_idx", 31 0;
v0x64ab4b6b49a0_0 .var/str "line_str";
v0x64ab4b6b4a60_0 .var "pass_count", 31 0;
v0x64ab4b6b4b40_0 .var "rst", 0 0;
v0x64ab4b6b4c30_0 .var/i "task_count", 31 0;
v0x64ab4b6b4d10 .array/str "test_names", 255 0;
S_0x64ab4b5a2cd0 .scope begin, "$ivl_for_loop0" "$ivl_for_loop0" 3 82, 3 82 0, S_0x64ab4b595830;
 .timescale 0 0;
v0x64ab4b66bc20_0 .var/2s "k", 31 0;
S_0x64ab4b66dd20 .scope task, "check_mem" "check_mem" 3 36, 3 36 0, S_0x64ab4b595830;
 .timescale 0 0;
v0x64ab4b663910_0 .var "comp_value", 31 0;
v0x64ab4b568550_0 .var "mem_addr", 31 0;
v0x64ab4b5577c0_0 .var "test_num", 31 0;
E_0x64ab4b4bf620 .event posedge, v0x64ab4b6a9e70_0;
TD_tb_cpu.check_mem ;
    %ix/getv 4, v0x64ab4b568550_0;
    %load/vec4a v0x64ab4b6a9f30, 4;
    %load/vec4 v0x64ab4b663910_0;
    %cmp/e;
    %jmp/0xz  T_0.0, 4;
    %vpi_call/w 3 43 "$display", "[PASS] test %0d: %s                        mem slot %0d = %0d", v0x64ab4b6b4c30_0, &A<v0x64ab4b6b4d10, v0x64ab4b6b4c30_0 >, v0x64ab4b568550_0, v0x64ab4b663910_0 {0 0 0};
    %load/vec4 v0x64ab4b6b4a60_0;
    %addi 1, 0, 32;
    %store/vec4 v0x64ab4b6b4a60_0, 0, 32;
    %jmp T_0.1;
T_0.0 ;
    %vpi_call/w 3 47 "$display", "[FAIL] test %0d: %-30s                        mem slot %0d = %0d, expected %0d", v0x64ab4b6b4c30_0, &A<v0x64ab4b6b4d10, v0x64ab4b6b4c30_0 >, v0x64ab4b568550_0, &A<v0x64ab4b6a9f30, v0x64ab4b568550_0 >, v0x64ab4b663910_0 {0 0 0};
    %load/vec4 v0x64ab4b6b4660_0;
    %addi 1, 0, 32;
    %store/vec4 v0x64ab4b6b4660_0, 0, 32;
T_0.1 ;
    %wait E_0x64ab4b4bf620;
    ; show_stmt_assign_vector: Get l-value for compressed += operand
    %load/vec4 v0x64ab4b6b4c30_0;
    %pushi/vec4 1, 0, 32;
    %add;
    %store/vec4 v0x64ab4b6b4c30_0, 0, 32;
    %end;
S_0x64ab4b66dfb0 .scope task, "check_registers" "check_registers" 3 18, 3 18 0, S_0x64ab4b595830;
 .timescale 0 0;
v0x64ab4b6546b0_0 .var "comp_value", 31 0;
v0x64ab4b555af0_0 .var "reg_addr", 4 0;
TD_tb_cpu.check_registers ;
    %load/vec4 v0x64ab4b555af0_0;
    %pad/u 7;
    %ix/vec4 4;
    %load/vec4a v0x64ab4b6af6a0, 4;
    %load/vec4 v0x64ab4b6546b0_0;
    %cmp/e;
    %jmp/0xz  T_1.2, 4;
    %vpi_call/w 3 24 "$display", "[PASS] test %0d: %-30s                        x%0h = %0d", v0x64ab4b6b4c30_0, &A<v0x64ab4b6b4d10, v0x64ab4b6b4c30_0 >, v0x64ab4b555af0_0, v0x64ab4b6546b0_0 {0 0 0};
    %load/vec4 v0x64ab4b6b4a60_0;
    %addi 1, 0, 32;
    %store/vec4 v0x64ab4b6b4a60_0, 0, 32;
    %jmp T_1.3;
T_1.2 ;
    %load/vec4 v0x64ab4b555af0_0;
    %pad/u 7;
    %ix/vec4 4;
    %load/vec4a v0x64ab4b6af6a0, 4;
    %vpi_call/w 3 28 "$display", "[FAIL] test %0d: %-30s                        x%0h = %0d, expected %0d", v0x64ab4b6b4c30_0, &A<v0x64ab4b6b4d10, v0x64ab4b6b4c30_0 >, v0x64ab4b555af0_0, S<0,vec4,u32>, v0x64ab4b6546b0_0 {1 0 0};
    %load/vec4 v0x64ab4b6b4660_0;
    %addi 1, 0, 32;
    %store/vec4 v0x64ab4b6b4660_0, 0, 32;
T_1.3 ;
    %wait E_0x64ab4b4bf620;
    ; show_stmt_assign_vector: Get l-value for compressed += operand
    %load/vec4 v0x64ab4b6b4c30_0;
    %pushi/vec4 1, 0, 32;
    %add;
    %store/vec4 v0x64ab4b6b4c30_0, 0, 32;
    %end;
S_0x64ab4b66e1c0 .scope module, "my_cpu" "cpu" 3 14, 4 13 0, S_0x64ab4b595830;
 .timescale 0 0;
    .port_info 0 /INPUT 1 "clk";
    .port_info 1 /INPUT 1 "rst";
P_0x64ab4b66e350 .param/l "B_type" 1 4 41, C4<011>;
P_0x64ab4b66e390 .param/l "I_type" 1 4 41, C4<001>;
P_0x64ab4b66e3d0 .param/l "J_type" 1 4 41, C4<101>;
P_0x64ab4b66e410 .param/l "R_type" 1 4 41, C4<000>;
P_0x64ab4b66e450 .param/l "S_type" 1 4 41, C4<010>;
P_0x64ab4b66e490 .param/l "U_type" 1 4 41, C4<100>;
L_0x64ab4b66ba80 .functor OR 1, v0x64ab4b6afd60_0, v0x64ab4b6b01f0_0, C4<0>, C4<0>;
L_0x64ab4b6637f0 .functor OR 1, L_0x64ab4b66ba80, v0x64ab4b6b0150_0, C4<0>, C4<0>;
L_0x64ab4b568430 .functor OR 1, v0x64ab4b6afd60_0, v0x64ab4b6b01f0_0, C4<0>, C4<0>;
L_0x64ab4b557620 .functor OR 1, L_0x64ab4b568430, v0x64ab4b6b0150_0, C4<0>, C4<0>;
v0x64ab4b6afa10_0 .net "ALU_src", 0 0, v0x64ab4b6a8eb0_0;  1 drivers
v0x64ab4b6afb00_0 .var "EX_MEM_ALU_result", 31 0;
v0x64ab4b6afbc0_0 .var "EX_MEM_addr", 31 0;
v0x64ab4b6afcc0_0 .var "EX_MEM_branch", 0 0;
v0x64ab4b6afd60_0 .var "EX_MEM_branch_taken", 0 0;
v0x64ab4b6afe20_0 .var "EX_MEM_branch_target", 31 0;
v0x64ab4b6afee0_0 .var "EX_MEM_data_read", 0 0;
v0x64ab4b6affb0_0 .var "EX_MEM_data_write", 0 0;
v0x64ab4b6b0080_0 .var "EX_MEM_funct3", 2 0;
v0x64ab4b6b0150_0 .var "EX_MEM_jalr", 0 0;
v0x64ab4b6b01f0_0 .var "EX_MEM_jump", 0 0;
v0x64ab4b6b0290_0 .var "EX_MEM_mem_to_reg", 0 0;
v0x64ab4b6b0330_0 .var "EX_MEM_negative", 0 0;
v0x64ab4b6b03f0_0 .var "EX_MEM_overflow", 0 0;
v0x64ab4b6b04b0_0 .var "EX_MEM_pc", 31 0;
v0x64ab4b6b0590_0 .var "EX_MEM_r2", 31 0;
v0x64ab4b6b0680_0 .var "EX_MEM_rd", 4 0;
v0x64ab4b6b0860_0 .var "EX_MEM_reg_write", 0 0;
v0x64ab4b6b0930_0 .var "EX_MEM_zero", 0 0;
v0x64ab4b6b09d0_0 .var "ID_EX_ALU_sel", 4 0;
v0x64ab4b6b0a90_0 .var "ID_EX_ALU_src", 0 0;
v0x64ab4b6b0b50_0 .var "ID_EX_branch", 0 0;
v0x64ab4b6b0c10_0 .var "ID_EX_data_read", 0 0;
v0x64ab4b6b0ce0_0 .var "ID_EX_data_write", 0 0;
v0x64ab4b6b0d80_0 .var "ID_EX_funct3", 2 0;
v0x64ab4b6b0e70_0 .var "ID_EX_funct7", 6 0;
v0x64ab4b6b0f40_0 .var "ID_EX_imm", 31 0;
v0x64ab4b6b1010_0 .var "ID_EX_jalr", 0 0;
v0x64ab4b6b10b0_0 .var "ID_EX_jump", 0 0;
v0x64ab4b6b1170_0 .var "ID_EX_mem_to_reg", 0 0;
v0x64ab4b6b1230_0 .var "ID_EX_opcode", 6 0;
v0x64ab4b6b1320_0 .var "ID_EX_pc", 31 0;
v0x64ab4b6b13e0_0 .var "ID_EX_r1", 31 0;
v0x64ab4b6b16d0_0 .var "ID_EX_r2", 31 0;
v0x64ab4b6b17b0_0 .var "ID_EX_rd", 4 0;
v0x64ab4b6b18a0_0 .var "ID_EX_reg_write", 0 0;
v0x64ab4b6b1940_0 .var "ID_EX_rs1", 4 0;
v0x64ab4b6b1a30_0 .var "ID_EX_rs2", 4 0;
v0x64ab4b6b1b00_0 .var "IF_ID_instr", 31 0;
v0x64ab4b6b1bd0_0 .var "IF_ID_pc", 31 0;
v0x64ab4b6b1c90_0 .var "MEM_WB_ALU_result", 31 0;
v0x64ab4b6b1d70_0 .var "MEM_WB_jump", 0 0;
v0x64ab4b6b1e30_0 .var "MEM_WB_mem_to_reg", 0 0;
v0x64ab4b6b1ef0_0 .var "MEM_WB_pc", 31 0;
v0x64ab4b6b1fd0_0 .var "MEM_WB_rd", 4 0;
v0x64ab4b6b2090_0 .var "MEM_WB_read_data", 31 0;
v0x64ab4b6b2170_0 .var "MEM_WB_reg_write", 0 0;
v0x64ab4b6b2260_0 .net *"_ivl_1", 0 0, L_0x64ab4b66ba80;  1 drivers
v0x64ab4b6b2320_0 .net *"_ivl_5", 0 0, L_0x64ab4b568430;  1 drivers
v0x64ab4b6b23e0_0 .var "alu_a", 31 0;
v0x64ab4b6b24a0_0 .var "alu_a_reg", 31 0;
v0x64ab4b6b2580_0 .var "alu_b", 31 0;
v0x64ab4b6b2640_0 .var "alu_b_reg", 31 0;
v0x64ab4b6b2720_0 .net "branch", 0 0, v0x64ab4b6a8f90_0;  1 drivers
v0x64ab4b6b27c0_0 .var "branch_taken", 0 0;
v0x64ab4b6b2860_0 .var "branch_target", 31 0;
v0x64ab4b6b2940_0 .net "clk", 0 0, v0x64ab4b6b45c0_0;  1 drivers
v0x64ab4b6b29e0_0 .net "data_read", 0 0, v0x64ab4b6a9050_0;  1 drivers
v0x64ab4b6b2a80_0 .net "data_write", 0 0, v0x64ab4b6a9120_0;  1 drivers
v0x64ab4b6b2b50_0 .net "flush", 0 0, L_0x64ab4b6637f0;  1 drivers
v0x64ab4b6b2bf0_0 .net "funct3", 2 0, v0x64ab4b6ac080_0;  1 drivers
v0x64ab4b6b2cc0_0 .net "funct7", 6 0, v0x64ab4b6ac180_0;  1 drivers
v0x64ab4b6b2d90_0 .net "fwd_a", 1 0, v0x64ab4b6aae40_0;  1 drivers
v0x64ab4b6b2e60_0 .net "fwd_b", 1 0, v0x64ab4b6aaf20_0;  1 drivers
v0x64ab4b6b2f30_0 .net "imm", 31 0, v0x64ab4b6ac260_0;  1 drivers
v0x64ab4b6b3410_0 .net "inst_type", 2 0, v0x64ab4b6ac320_0;  1 drivers
v0x64ab4b6b34e0_0 .net "instr", 31 0, L_0x64ab4b654590;  1 drivers
v0x64ab4b6b35b0_0 .net "jalr", 0 0, v0x64ab4b6a91e0_0;  1 drivers
v0x64ab4b6b3680_0 .net "jump", 0 0, v0x64ab4b6a92f0_0;  1 drivers
v0x64ab4b6b3750_0 .net "mem_to_reg", 0 0, v0x64ab4b6a93b0_0;  1 drivers
v0x64ab4b6b3820_0 .net "negative", 0 0, v0x64ab4b6a6fa0_0;  1 drivers
v0x64ab4b6b38f0_0 .net "opcode", 6 0, v0x64ab4b6ac530_0;  1 drivers
v0x64ab4b6b39e0_0 .net "overflow", 0 0, v0x64ab4b6a7140_0;  1 drivers
v0x64ab4b6b3a80_0 .net "pc", 31 0, v0x64ab4b6ad640_0;  1 drivers
v0x64ab4b6b3b70_0 .net "r1", 31 0, L_0x64ab4b6c5a70;  1 drivers
v0x64ab4b6b3c10_0 .net "r2", 31 0, L_0x64ab4b6c6440;  1 drivers
v0x64ab4b6b3ce0_0 .net "rd", 4 0, v0x64ab4b6ac5f0_0;  1 drivers
v0x64ab4b6b3db0_0 .net "read_data", 31 0, v0x64ab4b6aa250_0;  1 drivers
v0x64ab4b6b3e80_0 .net "reg_write", 0 0, v0x64ab4b6a9550_0;  1 drivers
v0x64ab4b6b3f50_0 .net "result", 31 0, v0x64ab4b6a73b0_0;  1 drivers
v0x64ab4b6b4020_0 .net "rs1", 4 0, v0x64ab4b6ac6b0_0;  1 drivers
v0x64ab4b6b4110_0 .net "rs2", 4 0, v0x64ab4b6ac790_0;  1 drivers
v0x64ab4b6b4200_0 .net "rst", 0 0, v0x64ab4b6b4b40_0;  1 drivers
v0x64ab4b6b42a0_0 .net "sel", 4 0, v0x64ab4b6a89c0_0;  1 drivers
v0x64ab4b6b4390_0 .net "stall", 0 0, v0x64ab4b6ab710_0;  1 drivers
v0x64ab4b6b4480_0 .var "wb_data", 31 0;
v0x64ab4b6b4520_0 .net "zero", 0 0, v0x64ab4b6a7b10_0;  1 drivers
E_0x64ab4b4a2300/0 .event anyedge, v0x64ab4b6aae40_0, v0x64ab4b6b13e0_0, v0x64ab4b6af1c0_0, v0x64ab4b6afb00_0;
E_0x64ab4b4a2300/1 .event anyedge, v0x64ab4b6aaf20_0, v0x64ab4b6b16d0_0, v0x64ab4b6b0a90_0, v0x64ab4b6a87f0_0;
E_0x64ab4b4a2300/2 .event anyedge, v0x64ab4b6b2640_0, v0x64ab4b6a88e0_0, v0x64ab4b6b1320_0, v0x64ab4b6b24a0_0;
E_0x64ab4b4a2300 .event/or E_0x64ab4b4a2300/0, E_0x64ab4b4a2300/1, E_0x64ab4b4a2300/2;
E_0x64ab4b4a2ab0/0 .event anyedge, v0x64ab4b6b27c0_0, v0x64ab4b6b10b0_0, v0x64ab4b6b1010_0, v0x64ab4b6a87f0_0;
E_0x64ab4b4a2ab0/1 .event anyedge, v0x64ab4b6b1320_0, v0x64ab4b6a73b0_0, v0x64ab4b6b24a0_0, v0x64ab4b6acfc0_0;
E_0x64ab4b4a2ab0 .event/or E_0x64ab4b4a2ab0/0, E_0x64ab4b4a2ab0/1;
E_0x64ab4b4a54d0/0 .event anyedge, v0x64ab4b6b1d70_0, v0x64ab4b6b1e30_0, v0x64ab4b6b1c90_0, v0x64ab4b6b2090_0;
E_0x64ab4b4a54d0/1 .event anyedge, v0x64ab4b6b1ef0_0;
E_0x64ab4b4a54d0 .event/or E_0x64ab4b4a54d0/0, E_0x64ab4b4a54d0/1;
E_0x64ab4b4a2bd0 .event anyedge, v0x64ab4b6b0b50_0, v0x64ab4b6a8610_0, v0x64ab4b6b24a0_0, v0x64ab4b6b2640_0;
L_0x64ab4b6f6310 .part v0x64ab4b6b1b00_0, 15, 5;
L_0x64ab4b6f6400 .part v0x64ab4b6b1b00_0, 20, 5;
S_0x64ab4b66e840 .scope module, "my_alu" "alu" 4 171, 5 1 0, S_0x64ab4b66e1c0;
 .timescale 0 0;
    .port_info 0 /INPUT 5 "sel";
    .port_info 1 /INPUT 32 "r1";
    .port_info 2 /INPUT 32 "r2";
    .port_info 3 /OUTPUT 32 "result";
    .port_info 4 /OUTPUT 1 "overflow";
    .port_info 5 /OUTPUT 1 "negative";
    .port_info 6 /OUTPUT 1 "zero";
v0x64ab4b6a6de0_0 .net "add_out", 31 0, L_0x64ab4b6dcdd0;  1 drivers
v0x64ab4b6a6ed0_0 .net "and_out", 31 0, L_0x64ab4b6f4bb0;  1 drivers
v0x64ab4b6a6fa0_0 .var "negative", 0 0;
v0x64ab4b6a7070_0 .net "or_out", 31 0, L_0x64ab4b6f4af0;  1 drivers
v0x64ab4b6a7140_0 .var "overflow", 0 0;
v0x64ab4b6a7230_0 .net "r1", 31 0, v0x64ab4b6b23e0_0;  1 drivers
v0x64ab4b6a72f0_0 .net "r2", 31 0, v0x64ab4b6b2580_0;  1 drivers
v0x64ab4b6a73b0_0 .var "result", 31 0;
v0x64ab4b6a7490_0 .net "sel", 4 0, v0x64ab4b6a89c0_0;  alias, 1 drivers
v0x64ab4b6a7570_0 .net "sll_out", 31 0, L_0x64ab4b6f4c70;  1 drivers
v0x64ab4b6a7630_0 .net "slt_out", 31 0, L_0x64ab4b6f56c0;  1 drivers
v0x64ab4b6a7700_0 .net "sltu_out", 31 0, L_0x64ab4b6f5d50;  1 drivers
v0x64ab4b6a77d0_0 .net "sra_out", 31 0, L_0x64ab4b6f5440;  1 drivers
v0x64ab4b6a78a0_0 .net "srl_out", 31 0, L_0x64ab4b6f4e50;  1 drivers
v0x64ab4b6a7970_0 .net "sub_out", 31 0, L_0x64ab4b6f3fc0;  1 drivers
v0x64ab4b6a7a40_0 .net "xor_out", 31 0, L_0x64ab4b6f4a30;  1 drivers
v0x64ab4b6a7b10_0 .var "zero", 0 0;
E_0x64ab4b4a2030/0 .event anyedge, v0x64ab4b6a7490_0, v0x64ab4b688ea0_0, v0x64ab4b6a6790_0, v0x64ab4b6a6c70_0;
E_0x64ab4b4a2030/1 .event anyedge, v0x64ab4b689960_0, v0x64ab4b689390_0, v0x64ab4b689db0_0, v0x64ab4b68b810_0;
E_0x64ab4b4a2030/2 .event anyedge, v0x64ab4b68b2e0_0, v0x64ab4b68a650_0, v0x64ab4b68aec0_0, v0x64ab4b688c00_0;
E_0x64ab4b4a2030/3 .event anyedge, v0x64ab4b688d00_0, v0x64ab4b6a73b0_0;
E_0x64ab4b4a2030 .event/or E_0x64ab4b4a2030/0, E_0x64ab4b4a2030/1, E_0x64ab4b4a2030/2, E_0x64ab4b4a2030/3;
L_0x64ab4b6f4d60 .part v0x64ab4b6b2580_0, 0, 5;
L_0x64ab4b6f5350 .part v0x64ab4b6b2580_0, 0, 5;
L_0x64ab4b6f5530 .part v0x64ab4b6b2580_0, 0, 5;
S_0x64ab4b66eb70 .scope module, "adder" "add" 5 9, 6 1 0, S_0x64ab4b66e840;
 .timescale 0 0;
    .port_info 0 /INPUT 32 "a";
    .port_info 1 /INPUT 32 "b";
    .port_info 2 /OUTPUT 32 "sum";
v0x64ab4b688c00_0 .net "a", 31 0, v0x64ab4b6b23e0_0;  alias, 1 drivers
v0x64ab4b688d00_0 .net "b", 31 0, v0x64ab4b6b2580_0;  alias, 1 drivers
v0x64ab4b688de0_0 .net "c_outs", 7 0, L_0x64ab4b6dcee0;  1 drivers
v0x64ab4b688ea0_0 .net "sum", 31 0, L_0x64ab4b6dcdd0;  alias, 1 drivers
L_0x64ab4b6c8f60 .part v0x64ab4b6b23e0_0, 0, 4;
L_0x64ab4b6c91e0 .part v0x64ab4b6b2580_0, 0, 4;
L_0x64ab4b6cbb40 .part v0x64ab4b6b23e0_0, 4, 4;
L_0x64ab4b6cbdc0 .part v0x64ab4b6b2580_0, 4, 4;
L_0x64ab4b6cbe60 .part L_0x64ab4b6dcee0, 0, 1;
L_0x64ab4b6ce8d0 .part v0x64ab4b6b23e0_0, 8, 4;
L_0x64ab4b6ceb50 .part v0x64ab4b6b2580_0, 8, 4;
L_0x64ab4b6cebf0 .part L_0x64ab4b6dcee0, 1, 1;
L_0x64ab4b6d1660 .part v0x64ab4b6b23e0_0, 12, 4;
L_0x64ab4b6d18e0 .part v0x64ab4b6b2580_0, 12, 4;
L_0x64ab4b6d19e0 .part L_0x64ab4b6dcee0, 2, 1;
L_0x64ab4b6d42f0 .part v0x64ab4b6b23e0_0, 16, 4;
L_0x64ab4b6d45e0 .part v0x64ab4b6b2580_0, 16, 4;
L_0x64ab4b6d4680 .part L_0x64ab4b6dcee0, 3, 1;
L_0x64ab4b6d6ed0 .part v0x64ab4b6b23e0_0, 20, 4;
L_0x64ab4b6d7150 .part v0x64ab4b6b2580_0, 20, 4;
L_0x64ab4b6d7280 .part L_0x64ab4b6dcee0, 4, 1;
L_0x64ab4b6d9b90 .part v0x64ab4b6b23e0_0, 24, 4;
L_0x64ab4b6d9eb0 .part v0x64ab4b6b2580_0, 24, 4;
L_0x64ab4b6d9f50 .part L_0x64ab4b6dcee0, 5, 1;
L_0x64ab4b6dc8a0 .part v0x64ab4b6b23e0_0, 28, 4;
L_0x64ab4b6dcb20 .part v0x64ab4b6b2580_0, 28, 4;
L_0x64ab4b6d9ff0 .part L_0x64ab4b6dcee0, 6, 1;
LS_0x64ab4b6dcee0_0_0 .concat8 [ 1 1 1 1], L_0x64ab4b6c89b0, L_0x64ab4b6cb590, L_0x64ab4b6ce320, L_0x64ab4b6d10b0;
LS_0x64ab4b6dcee0_0_4 .concat8 [ 1 1 1 1], L_0x64ab4b6d3d40, L_0x64ab4b6d6920, L_0x64ab4b6d95e0, L_0x64ab4b6dc2f0;
L_0x64ab4b6dcee0 .concat8 [ 4 4 0 0], LS_0x64ab4b6dcee0_0_0, LS_0x64ab4b6dcee0_0_4;
LS_0x64ab4b6dcdd0_0_0 .concat8 [ 4 4 4 4], L_0x64ab4b6c90b0, L_0x64ab4b6cbc90, L_0x64ab4b6cea20, L_0x64ab4b6d17b0;
LS_0x64ab4b6dcdd0_0_4 .concat8 [ 4 4 4 4], L_0x64ab4b6d4440, L_0x64ab4b6d7020, L_0x64ab4b6d9ce0, L_0x64ab4b6dc9f0;
L_0x64ab4b6dcdd0 .concat8 [ 16 16 0 0], LS_0x64ab4b6dcdd0_0_0, LS_0x64ab4b6dcdd0_0_4;
S_0x64ab4b66ede0 .scope generate, "cla_block[0]" "cla_block[0]" 6 8, 6 8 0, S_0x64ab4b66eb70;
 .timescale 0 0;
P_0x64ab4b66f000 .param/l "i" 1 6 8, +C4<00>;
S_0x64ab4b66f0e0 .scope generate, "genblk1" "genblk1" 6 9, 6 9 0, S_0x64ab4b66ede0;
 .timescale 0 0;
S_0x64ab4b66f2c0 .scope module, "cla_piece" "cla" 6 10, 6 110 0, S_0x64ab4b66f0e0;
 .timescale 0 0;
    .port_info 0 /INPUT 4 "a";
    .port_info 1 /INPUT 4 "b";
    .port_info 2 /INPUT 1 "cin";
    .port_info 3 /OUTPUT 1 "cout";
    .port_info 4 /OUTPUT 4 "sum";
L_0x64ab4b6c65f0 .functor AND 4, L_0x64ab4b6c8f60, L_0x64ab4b6c91e0, C4<1111>, C4<1111>;
L_0x64ab4b6c6660 .functor XOR 4, L_0x64ab4b6c8f60, L_0x64ab4b6c91e0, C4<0000>, C4<0000>;
L_0x7b19b7a60210 .functor BUFT 1, C4<0>, C4<0>, C4<0>, C4<0>;
L_0x64ab4b6c6770 .functor BUFZ 1, L_0x7b19b7a60210, C4<0>, C4<0>, C4<0>;
L_0x64ab4b6c6a60 .functor AND 1, L_0x64ab4b6c68d0, L_0x64ab4b6c69c0, C4<1>, C4<1>;
L_0x64ab4b6c6b70 .functor OR 1, L_0x64ab4b6c67e0, L_0x64ab4b6c6a60, C4<0>, C4<0>;
L_0x64ab4b6c6f60 .functor AND 1, L_0x64ab4b6c6d50, L_0x64ab4b6c6e80, C4<1>, C4<1>;
L_0x64ab4b6c7020 .functor OR 1, L_0x64ab4b6c6c80, L_0x64ab4b6c6f60, C4<0>, C4<0>;
L_0x64ab4b6c7350 .functor AND 1, L_0x64ab4b6c7130, L_0x64ab4b6c7260, C4<1>, C4<1>;
L_0x64ab4b6c7550 .functor AND 1, L_0x64ab4b6c7350, L_0x64ab4b6c7460, C4<1>, C4<1>;
L_0x64ab4b6c7660 .functor OR 1, L_0x64ab4b6c7020, L_0x64ab4b6c7550, C4<0>, C4<0>;
L_0x64ab4b6c7bc0 .functor AND 1, L_0x64ab4b6c7a10, L_0x64ab4b6c7b20, C4<1>, C4<1>;
L_0x64ab4b6c7c30 .functor OR 1, L_0x64ab4b6c7970, L_0x64ab4b6c7bc0, C4<0>, C4<0>;
L_0x64ab4b6c7ab0 .functor AND 1, L_0x64ab4b6c7db0, L_0x64ab4b6c7ed0, C4<1>, C4<1>;
L_0x64ab4b6c7e50 .functor AND 1, L_0x64ab4b6c7ab0, L_0x64ab4b6c80d0, C4<1>, C4<1>;
L_0x64ab4b6c7d40 .functor OR 1, L_0x64ab4b6c7c30, L_0x64ab4b6c7e50, C4<0>, C4<0>;
L_0x64ab4b6c8170 .functor AND 1, L_0x64ab4b6c83c0, L_0x64ab4b6c8460, C4<1>, C4<1>;
L_0x64ab4b6c82a0 .functor AND 1, L_0x64ab4b6c8170, L_0x64ab4b6c86d0, C4<1>, C4<1>;
L_0x64ab4b6c8500 .functor AND 1, L_0x64ab4b6c82a0, L_0x64ab4b6c8810, C4<1>, C4<1>;
L_0x64ab4b6c8640 .functor OR 1, L_0x64ab4b6c7d40, L_0x64ab4b6c8500, C4<0>, C4<0>;
L_0x64ab4b6c8e50 .functor AND 1, L_0x64ab4b6c8cf0, L_0x64ab4b6c88b0, C4<1>, C4<1>;
L_0x64ab4b6c89b0 .functor OR 1, L_0x64ab4b6c8b40, L_0x64ab4b6c8e50, C4<0>, C4<0>;
L_0x64ab4b6c90b0 .functor XOR 4, L_0x64ab4b6c6660, L_0x64ab4b6c77d0, C4<0000>, C4<0000>;
v0x64ab4b66f540_0 .net *"_ivl_11", 0 0, L_0x64ab4b6c67e0;  1 drivers
v0x64ab4b66f640_0 .net *"_ivl_13", 0 0, L_0x64ab4b6c68d0;  1 drivers
v0x64ab4b66f720_0 .net *"_ivl_15", 0 0, L_0x64ab4b6c69c0;  1 drivers
v0x64ab4b66f7e0_0 .net *"_ivl_16", 0 0, L_0x64ab4b6c6a60;  1 drivers
v0x64ab4b66f8c0_0 .net *"_ivl_18", 0 0, L_0x64ab4b6c6b70;  1 drivers
v0x64ab4b66f9f0_0 .net *"_ivl_23", 0 0, L_0x64ab4b6c6c80;  1 drivers
v0x64ab4b66fad0_0 .net *"_ivl_25", 0 0, L_0x64ab4b6c6d50;  1 drivers
v0x64ab4b66fbb0_0 .net *"_ivl_27", 0 0, L_0x64ab4b6c6e80;  1 drivers
v0x64ab4b66fc90_0 .net *"_ivl_28", 0 0, L_0x64ab4b6c6f60;  1 drivers
v0x64ab4b66fd70_0 .net *"_ivl_30", 0 0, L_0x64ab4b6c7020;  1 drivers
v0x64ab4b66fe50_0 .net *"_ivl_33", 0 0, L_0x64ab4b6c7130;  1 drivers
v0x64ab4b66ff30_0 .net *"_ivl_35", 0 0, L_0x64ab4b6c7260;  1 drivers
v0x64ab4b670010_0 .net *"_ivl_36", 0 0, L_0x64ab4b6c7350;  1 drivers
v0x64ab4b6700f0_0 .net *"_ivl_39", 0 0, L_0x64ab4b6c7460;  1 drivers
v0x64ab4b6701d0_0 .net *"_ivl_40", 0 0, L_0x64ab4b6c7550;  1 drivers
v0x64ab4b6702b0_0 .net *"_ivl_42", 0 0, L_0x64ab4b6c7660;  1 drivers
v0x64ab4b670390_0 .net *"_ivl_48", 0 0, L_0x64ab4b6c7970;  1 drivers
v0x64ab4b670470_0 .net *"_ivl_50", 0 0, L_0x64ab4b6c7a10;  1 drivers
v0x64ab4b670550_0 .net *"_ivl_52", 0 0, L_0x64ab4b6c7b20;  1 drivers
v0x64ab4b670630_0 .net *"_ivl_53", 0 0, L_0x64ab4b6c7bc0;  1 drivers
v0x64ab4b670710_0 .net *"_ivl_55", 0 0, L_0x64ab4b6c7c30;  1 drivers
v0x64ab4b6707f0_0 .net *"_ivl_58", 0 0, L_0x64ab4b6c7db0;  1 drivers
v0x64ab4b6708d0_0 .net *"_ivl_60", 0 0, L_0x64ab4b6c7ed0;  1 drivers
v0x64ab4b6709b0_0 .net *"_ivl_61", 0 0, L_0x64ab4b6c7ab0;  1 drivers
v0x64ab4b670a90_0 .net *"_ivl_64", 0 0, L_0x64ab4b6c80d0;  1 drivers
v0x64ab4b670b70_0 .net *"_ivl_65", 0 0, L_0x64ab4b6c7e50;  1 drivers
v0x64ab4b670c50_0 .net *"_ivl_67", 0 0, L_0x64ab4b6c7d40;  1 drivers
v0x64ab4b670d30_0 .net *"_ivl_7", 0 0, L_0x64ab4b6c6770;  1 drivers
v0x64ab4b670e10_0 .net *"_ivl_70", 0 0, L_0x64ab4b6c83c0;  1 drivers
v0x64ab4b670ef0_0 .net *"_ivl_72", 0 0, L_0x64ab4b6c8460;  1 drivers
v0x64ab4b670fd0_0 .net *"_ivl_73", 0 0, L_0x64ab4b6c8170;  1 drivers
v0x64ab4b6710b0_0 .net *"_ivl_76", 0 0, L_0x64ab4b6c86d0;  1 drivers
v0x64ab4b671190_0 .net *"_ivl_77", 0 0, L_0x64ab4b6c82a0;  1 drivers
v0x64ab4b671480_0 .net *"_ivl_80", 0 0, L_0x64ab4b6c8810;  1 drivers
v0x64ab4b671560_0 .net *"_ivl_81", 0 0, L_0x64ab4b6c8500;  1 drivers
v0x64ab4b671640_0 .net *"_ivl_83", 0 0, L_0x64ab4b6c8640;  1 drivers
v0x64ab4b671720_0 .net *"_ivl_86", 0 0, L_0x64ab4b6c8b40;  1 drivers
v0x64ab4b671800_0 .net *"_ivl_88", 0 0, L_0x64ab4b6c8cf0;  1 drivers
v0x64ab4b6718e0_0 .net *"_ivl_90", 0 0, L_0x64ab4b6c88b0;  1 drivers
v0x64ab4b6719c0_0 .net *"_ivl_91", 0 0, L_0x64ab4b6c8e50;  1 drivers
v0x64ab4b671aa0_0 .net "a", 3 0, L_0x64ab4b6c8f60;  1 drivers
v0x64ab4b671b80_0 .net "b", 3 0, L_0x64ab4b6c91e0;  1 drivers
v0x64ab4b671c60_0 .net "c", 3 0, L_0x64ab4b6c77d0;  1 drivers
v0x64ab4b671d40_0 .net "cin", 0 0, L_0x7b19b7a60210;  1 drivers
v0x64ab4b671e00_0 .net "cout", 0 0, L_0x64ab4b6c89b0;  1 drivers
v0x64ab4b671ec0_0 .net "g", 3 0, L_0x64ab4b6c65f0;  1 drivers
v0x64ab4b671fa0_0 .net "p", 3 0, L_0x64ab4b6c6660;  1 drivers
v0x64ab4b672080_0 .net "sum", 3 0, L_0x64ab4b6c90b0;  1 drivers
L_0x64ab4b6c67e0 .part L_0x64ab4b6c65f0, 0, 1;
L_0x64ab4b6c68d0 .part L_0x64ab4b6c6660, 0, 1;
L_0x64ab4b6c69c0 .part L_0x64ab4b6c77d0, 0, 1;
L_0x64ab4b6c6c80 .part L_0x64ab4b6c65f0, 1, 1;
L_0x64ab4b6c6d50 .part L_0x64ab4b6c65f0, 0, 1;
L_0x64ab4b6c6e80 .part L_0x64ab4b6c6660, 1, 1;
L_0x64ab4b6c7130 .part L_0x64ab4b6c6660, 1, 1;
L_0x64ab4b6c7260 .part L_0x64ab4b6c6660, 0, 1;
L_0x64ab4b6c7460 .part L_0x64ab4b6c77d0, 0, 1;
L_0x64ab4b6c77d0 .concat8 [ 1 1 1 1], L_0x64ab4b6c6770, L_0x64ab4b6c6b70, L_0x64ab4b6c7660, L_0x64ab4b6c8640;
L_0x64ab4b6c7970 .part L_0x64ab4b6c65f0, 2, 1;
L_0x64ab4b6c7a10 .part L_0x64ab4b6c6660, 2, 1;
L_0x64ab4b6c7b20 .part L_0x64ab4b6c65f0, 1, 1;
L_0x64ab4b6c7db0 .part L_0x64ab4b6c6660, 2, 1;
L_0x64ab4b6c7ed0 .part L_0x64ab4b6c6660, 1, 1;
L_0x64ab4b6c80d0 .part L_0x64ab4b6c65f0, 0, 1;
L_0x64ab4b6c83c0 .part L_0x64ab4b6c6660, 2, 1;
L_0x64ab4b6c8460 .part L_0x64ab4b6c6660, 1, 1;
L_0x64ab4b6c86d0 .part L_0x64ab4b6c6660, 0, 1;
L_0x64ab4b6c8810 .part L_0x64ab4b6c77d0, 0, 1;
L_0x64ab4b6c8b40 .part L_0x64ab4b6c65f0, 3, 1;
L_0x64ab4b6c8cf0 .part L_0x64ab4b6c6660, 3, 1;
L_0x64ab4b6c88b0 .part L_0x64ab4b6c77d0, 3, 1;
S_0x64ab4b672200 .scope generate, "cla_block[1]" "cla_block[1]" 6 8, 6 8 0, S_0x64ab4b66eb70;
 .timescale 0 0;
P_0x64ab4b6723d0 .param/l "i" 1 6 8, +C4<01>;
S_0x64ab4b672490 .scope generate, "genblk1" "genblk1" 6 9, 6 9 0, S_0x64ab4b672200;
 .timescale 0 0;
S_0x64ab4b672670 .scope module, "cla_piece" "cla" 6 13, 6 110 0, S_0x64ab4b672490;
 .timescale 0 0;
    .port_info 0 /INPUT 4 "a";
    .port_info 1 /INPUT 4 "b";
    .port_info 2 /INPUT 1 "cin";
    .port_info 3 /OUTPUT 1 "cout";
    .port_info 4 /OUTPUT 4 "sum";
L_0x64ab4b6c92d0 .functor AND 4, L_0x64ab4b6cbb40, L_0x64ab4b6cbdc0, C4<1111>, C4<1111>;
L_0x64ab4b6c9340 .functor XOR 4, L_0x64ab4b6cbb40, L_0x64ab4b6cbdc0, C4<0000>, C4<0000>;
L_0x64ab4b6c9450 .functor BUFZ 1, L_0x64ab4b6cbe60, C4<0>, C4<0>, C4<0>;
L_0x64ab4b6c9740 .functor AND 1, L_0x64ab4b6c95b0, L_0x64ab4b6c96a0, C4<1>, C4<1>;
L_0x64ab4b6c9850 .functor OR 1, L_0x64ab4b6c94c0, L_0x64ab4b6c9740, C4<0>, C4<0>;
L_0x64ab4b6c9b40 .functor AND 1, L_0x64ab4b6c9a00, L_0x64ab4b6c9aa0, C4<1>, C4<1>;
L_0x64ab4b6c9c00 .functor OR 1, L_0x64ab4b6c9960, L_0x64ab4b6c9b40, C4<0>, C4<0>;
L_0x64ab4b6c9f30 .functor AND 1, L_0x64ab4b6c9d10, L_0x64ab4b6c9e40, C4<1>, C4<1>;
L_0x64ab4b6ca130 .functor AND 1, L_0x64ab4b6c9f30, L_0x64ab4b6ca040, C4<1>, C4<1>;
L_0x64ab4b6ca240 .functor OR 1, L_0x64ab4b6c9c00, L_0x64ab4b6ca130, C4<0>, C4<0>;
L_0x64ab4b6ca7a0 .functor AND 1, L_0x64ab4b6ca5f0, L_0x64ab4b6ca700, C4<1>, C4<1>;
L_0x64ab4b6ca810 .functor OR 1, L_0x64ab4b6ca550, L_0x64ab4b6ca7a0, C4<0>, C4<0>;
L_0x64ab4b6ca690 .functor AND 1, L_0x64ab4b6ca990, L_0x64ab4b6caab0, C4<1>, C4<1>;
L_0x64ab4b6caa30 .functor AND 1, L_0x64ab4b6ca690, L_0x64ab4b6cacb0, C4<1>, C4<1>;
L_0x64ab4b6ca920 .functor OR 1, L_0x64ab4b6ca810, L_0x64ab4b6caa30, C4<0>, C4<0>;
L_0x64ab4b6cad50 .functor AND 1, L_0x64ab4b6cafa0, L_0x64ab4b6cb040, C4<1>, C4<1>;
L_0x64ab4b6cae80 .functor AND 1, L_0x64ab4b6cad50, L_0x64ab4b6cb2b0, C4<1>, C4<1>;
L_0x64ab4b6cb0e0 .functor AND 1, L_0x64ab4b6cae80, L_0x64ab4b6cb3f0, C4<1>, C4<1>;
L_0x64ab4b6cb220 .functor OR 1, L_0x64ab4b6ca920, L_0x64ab4b6cb0e0, C4<0>, C4<0>;
L_0x64ab4b6cba30 .functor AND 1, L_0x64ab4b6cb8d0, L_0x64ab4b6cb490, C4<1>, C4<1>;
L_0x64ab4b6cb590 .functor OR 1, L_0x64ab4b6cb720, L_0x64ab4b6cba30, C4<0>, C4<0>;
L_0x64ab4b6cbc90 .functor XOR 4, L_0x64ab4b6c9340, L_0x64ab4b6ca3b0, C4<0000>, C4<0000>;
v0x64ab4b6728f0_0 .net *"_ivl_11", 0 0, L_0x64ab4b6c94c0;  1 drivers
v0x64ab4b6729f0_0 .net *"_ivl_13", 0 0, L_0x64ab4b6c95b0;  1 drivers
v0x64ab4b672ad0_0 .net *"_ivl_15", 0 0, L_0x64ab4b6c96a0;  1 drivers
v0x64ab4b672b90_0 .net *"_ivl_16", 0 0, L_0x64ab4b6c9740;  1 drivers
v0x64ab4b672c70_0 .net *"_ivl_18", 0 0, L_0x64ab4b6c9850;  1 drivers
v0x64ab4b672da0_0 .net *"_ivl_23", 0 0, L_0x64ab4b6c9960;  1 drivers
v0x64ab4b672e80_0 .net *"_ivl_25", 0 0, L_0x64ab4b6c9a00;  1 drivers
v0x64ab4b672f60_0 .net *"_ivl_27", 0 0, L_0x64ab4b6c9aa0;  1 drivers
v0x64ab4b673040_0 .net *"_ivl_28", 0 0, L_0x64ab4b6c9b40;  1 drivers
v0x64ab4b673120_0 .net *"_ivl_30", 0 0, L_0x64ab4b6c9c00;  1 drivers
v0x64ab4b673200_0 .net *"_ivl_33", 0 0, L_0x64ab4b6c9d10;  1 drivers
v0x64ab4b6732e0_0 .net *"_ivl_35", 0 0, L_0x64ab4b6c9e40;  1 drivers
v0x64ab4b6733c0_0 .net *"_ivl_36", 0 0, L_0x64ab4b6c9f30;  1 drivers
v0x64ab4b6734a0_0 .net *"_ivl_39", 0 0, L_0x64ab4b6ca040;  1 drivers
v0x64ab4b673580_0 .net *"_ivl_40", 0 0, L_0x64ab4b6ca130;  1 drivers
v0x64ab4b673660_0 .net *"_ivl_42", 0 0, L_0x64ab4b6ca240;  1 drivers
v0x64ab4b673740_0 .net *"_ivl_48", 0 0, L_0x64ab4b6ca550;  1 drivers
v0x64ab4b673820_0 .net *"_ivl_50", 0 0, L_0x64ab4b6ca5f0;  1 drivers
v0x64ab4b673900_0 .net *"_ivl_52", 0 0, L_0x64ab4b6ca700;  1 drivers
v0x64ab4b6739e0_0 .net *"_ivl_53", 0 0, L_0x64ab4b6ca7a0;  1 drivers
v0x64ab4b673ac0_0 .net *"_ivl_55", 0 0, L_0x64ab4b6ca810;  1 drivers
v0x64ab4b673ba0_0 .net *"_ivl_58", 0 0, L_0x64ab4b6ca990;  1 drivers
v0x64ab4b673c80_0 .net *"_ivl_60", 0 0, L_0x64ab4b6caab0;  1 drivers
v0x64ab4b673d60_0 .net *"_ivl_61", 0 0, L_0x64ab4b6ca690;  1 drivers
v0x64ab4b673e40_0 .net *"_ivl_64", 0 0, L_0x64ab4b6cacb0;  1 drivers
v0x64ab4b673f20_0 .net *"_ivl_65", 0 0, L_0x64ab4b6caa30;  1 drivers
v0x64ab4b674000_0 .net *"_ivl_67", 0 0, L_0x64ab4b6ca920;  1 drivers
v0x64ab4b6740e0_0 .net *"_ivl_7", 0 0, L_0x64ab4b6c9450;  1 drivers
v0x64ab4b6741c0_0 .net *"_ivl_70", 0 0, L_0x64ab4b6cafa0;  1 drivers
v0x64ab4b6742a0_0 .net *"_ivl_72", 0 0, L_0x64ab4b6cb040;  1 drivers
v0x64ab4b674380_0 .net *"_ivl_73", 0 0, L_0x64ab4b6cad50;  1 drivers
v0x64ab4b674460_0 .net *"_ivl_76", 0 0, L_0x64ab4b6cb2b0;  1 drivers
v0x64ab4b674540_0 .net *"_ivl_77", 0 0, L_0x64ab4b6cae80;  1 drivers
v0x64ab4b674830_0 .net *"_ivl_80", 0 0, L_0x64ab4b6cb3f0;  1 drivers
v0x64ab4b674910_0 .net *"_ivl_81", 0 0, L_0x64ab4b6cb0e0;  1 drivers
v0x64ab4b6749f0_0 .net *"_ivl_83", 0 0, L_0x64ab4b6cb220;  1 drivers
v0x64ab4b674ad0_0 .net *"_ivl_86", 0 0, L_0x64ab4b6cb720;  1 drivers
v0x64ab4b674bb0_0 .net *"_ivl_88", 0 0, L_0x64ab4b6cb8d0;  1 drivers
v0x64ab4b674c90_0 .net *"_ivl_90", 0 0, L_0x64ab4b6cb490;  1 drivers
v0x64ab4b674d70_0 .net *"_ivl_91", 0 0, L_0x64ab4b6cba30;  1 drivers
v0x64ab4b674e50_0 .net "a", 3 0, L_0x64ab4b6cbb40;  1 drivers
v0x64ab4b674f30_0 .net "b", 3 0, L_0x64ab4b6cbdc0;  1 drivers
v0x64ab4b675010_0 .net "c", 3 0, L_0x64ab4b6ca3b0;  1 drivers
v0x64ab4b6750f0_0 .net "cin", 0 0, L_0x64ab4b6cbe60;  1 drivers
v0x64ab4b6751b0_0 .net "cout", 0 0, L_0x64ab4b6cb590;  1 drivers
v0x64ab4b675270_0 .net "g", 3 0, L_0x64ab4b6c92d0;  1 drivers
v0x64ab4b675350_0 .net "p", 3 0, L_0x64ab4b6c9340;  1 drivers
v0x64ab4b675430_0 .net "sum", 3 0, L_0x64ab4b6cbc90;  1 drivers
L_0x64ab4b6c94c0 .part L_0x64ab4b6c92d0, 0, 1;
L_0x64ab4b6c95b0 .part L_0x64ab4b6c9340, 0, 1;
L_0x64ab4b6c96a0 .part L_0x64ab4b6ca3b0, 0, 1;
L_0x64ab4b6c9960 .part L_0x64ab4b6c92d0, 1, 1;
L_0x64ab4b6c9a00 .part L_0x64ab4b6c92d0, 0, 1;
L_0x64ab4b6c9aa0 .part L_0x64ab4b6c9340, 1, 1;
L_0x64ab4b6c9d10 .part L_0x64ab4b6c9340, 1, 1;
L_0x64ab4b6c9e40 .part L_0x64ab4b6c9340, 0, 1;
L_0x64ab4b6ca040 .part L_0x64ab4b6ca3b0, 0, 1;
L_0x64ab4b6ca3b0 .concat8 [ 1 1 1 1], L_0x64ab4b6c9450, L_0x64ab4b6c9850, L_0x64ab4b6ca240, L_0x64ab4b6cb220;
L_0x64ab4b6ca550 .part L_0x64ab4b6c92d0, 2, 1;
L_0x64ab4b6ca5f0 .part L_0x64ab4b6c9340, 2, 1;
L_0x64ab4b6ca700 .part L_0x64ab4b6c92d0, 1, 1;
L_0x64ab4b6ca990 .part L_0x64ab4b6c9340, 2, 1;
L_0x64ab4b6caab0 .part L_0x64ab4b6c9340, 1, 1;
L_0x64ab4b6cacb0 .part L_0x64ab4b6c92d0, 0, 1;
L_0x64ab4b6cafa0 .part L_0x64ab4b6c9340, 2, 1;
L_0x64ab4b6cb040 .part L_0x64ab4b6c9340, 1, 1;
L_0x64ab4b6cb2b0 .part L_0x64ab4b6c9340, 0, 1;
L_0x64ab4b6cb3f0 .part L_0x64ab4b6ca3b0, 0, 1;
L_0x64ab4b6cb720 .part L_0x64ab4b6c92d0, 3, 1;
L_0x64ab4b6cb8d0 .part L_0x64ab4b6c9340, 3, 1;
L_0x64ab4b6cb490 .part L_0x64ab4b6ca3b0, 3, 1;
S_0x64ab4b6755b0 .scope generate, "cla_block[2]" "cla_block[2]" 6 8, 6 8 0, S_0x64ab4b66eb70;
 .timescale 0 0;
P_0x64ab4b675760 .param/l "i" 1 6 8, +C4<010>;
S_0x64ab4b675820 .scope generate, "genblk1" "genblk1" 6 9, 6 9 0, S_0x64ab4b6755b0;
 .timescale 0 0;
S_0x64ab4b675a00 .scope module, "cla_piece" "cla" 6 13, 6 110 0, S_0x64ab4b675820;
 .timescale 0 0;
    .port_info 0 /INPUT 4 "a";
    .port_info 1 /INPUT 4 "b";
    .port_info 2 /INPUT 1 "cin";
    .port_info 3 /OUTPUT 1 "cout";
    .port_info 4 /OUTPUT 4 "sum";
L_0x64ab4b6cbf50 .functor AND 4, L_0x64ab4b6ce8d0, L_0x64ab4b6ceb50, C4<1111>, C4<1111>;
L_0x64ab4b6cbfc0 .functor XOR 4, L_0x64ab4b6ce8d0, L_0x64ab4b6ceb50, C4<0000>, C4<0000>;
L_0x64ab4b6cc0d0 .functor BUFZ 1, L_0x64ab4b6cebf0, C4<0>, C4<0>, C4<0>;
L_0x64ab4b6cc3c0 .functor AND 1, L_0x64ab4b6cc230, L_0x64ab4b6cc320, C4<1>, C4<1>;
L_0x64ab4b6cc500 .functor OR 1, L_0x64ab4b6cc140, L_0x64ab4b6cc3c0, C4<0>, C4<0>;
L_0x64ab4b6cc890 .functor AND 1, L_0x64ab4b6cc6e0, L_0x64ab4b6cc780, C4<1>, C4<1>;
L_0x64ab4b6cc990 .functor OR 1, L_0x64ab4b6cc610, L_0x64ab4b6cc890, C4<0>, C4<0>;
L_0x64ab4b6cccc0 .functor AND 1, L_0x64ab4b6ccaa0, L_0x64ab4b6ccbd0, C4<1>, C4<1>;
L_0x64ab4b6ccec0 .functor AND 1, L_0x64ab4b6cccc0, L_0x64ab4b6ccdd0, C4<1>, C4<1>;
L_0x64ab4b6ccfd0 .functor OR 1, L_0x64ab4b6cc990, L_0x64ab4b6ccec0, C4<0>, C4<0>;
L_0x64ab4b6cd530 .functor AND 1, L_0x64ab4b6cd380, L_0x64ab4b6cd490, C4<1>, C4<1>;
L_0x64ab4b6cd5a0 .functor OR 1, L_0x64ab4b6cd2e0, L_0x64ab4b6cd530, C4<0>, C4<0>;
L_0x64ab4b6cd420 .functor AND 1, L_0x64ab4b6cd720, L_0x64ab4b6cd840, C4<1>, C4<1>;
L_0x64ab4b6cd7c0 .functor AND 1, L_0x64ab4b6cd420, L_0x64ab4b6cda40, C4<1>, C4<1>;
L_0x64ab4b6cd6b0 .functor OR 1, L_0x64ab4b6cd5a0, L_0x64ab4b6cd7c0, C4<0>, C4<0>;
L_0x64ab4b6cdae0 .functor AND 1, L_0x64ab4b6cdd30, L_0x64ab4b6cddd0, C4<1>, C4<1>;
L_0x64ab4b6cdc10 .functor AND 1, L_0x64ab4b6cdae0, L_0x64ab4b6ce040, C4<1>, C4<1>;
L_0x64ab4b6cde70 .functor AND 1, L_0x64ab4b6cdc10, L_0x64ab4b6ce180, C4<1>, C4<1>;
L_0x64ab4b6cdfb0 .functor OR 1, L_0x64ab4b6cd6b0, L_0x64ab4b6cde70, C4<0>, C4<0>;
L_0x64ab4b6ce7c0 .functor AND 1, L_0x64ab4b6ce660, L_0x64ab4b6ce220, C4<1>, C4<1>;
L_0x64ab4b6ce320 .functor OR 1, L_0x64ab4b6ce4b0, L_0x64ab4b6ce7c0, C4<0>, C4<0>;
L_0x64ab4b6cea20 .functor XOR 4, L_0x64ab4b6cbfc0, L_0x64ab4b6cd140, C4<0000>, C4<0000>;
v0x64ab4b675c80_0 .net *"_ivl_11", 0 0, L_0x64ab4b6cc140;  1 drivers
v0x64ab4b675d80_0 .net *"_ivl_13", 0 0, L_0x64ab4b6cc230;  1 drivers
v0x64ab4b675e60_0 .net *"_ivl_15", 0 0, L_0x64ab4b6cc320;  1 drivers
v0x64ab4b675f20_0 .net *"_ivl_16", 0 0, L_0x64ab4b6cc3c0;  1 drivers
v0x64ab4b676000_0 .net *"_ivl_18", 0 0, L_0x64ab4b6cc500;  1 drivers
v0x64ab4b676130_0 .net *"_ivl_23", 0 0, L_0x64ab4b6cc610;  1 drivers
v0x64ab4b676210_0 .net *"_ivl_25", 0 0, L_0x64ab4b6cc6e0;  1 drivers
v0x64ab4b6762f0_0 .net *"_ivl_27", 0 0, L_0x64ab4b6cc780;  1 drivers
v0x64ab4b6763d0_0 .net *"_ivl_28", 0 0, L_0x64ab4b6cc890;  1 drivers
v0x64ab4b6764b0_0 .net *"_ivl_30", 0 0, L_0x64ab4b6cc990;  1 drivers
v0x64ab4b676590_0 .net *"_ivl_33", 0 0, L_0x64ab4b6ccaa0;  1 drivers
v0x64ab4b676670_0 .net *"_ivl_35", 0 0, L_0x64ab4b6ccbd0;  1 drivers
v0x64ab4b676750_0 .net *"_ivl_36", 0 0, L_0x64ab4b6cccc0;  1 drivers
v0x64ab4b676830_0 .net *"_ivl_39", 0 0, L_0x64ab4b6ccdd0;  1 drivers
v0x64ab4b676910_0 .net *"_ivl_40", 0 0, L_0x64ab4b6ccec0;  1 drivers
v0x64ab4b6769f0_0 .net *"_ivl_42", 0 0, L_0x64ab4b6ccfd0;  1 drivers
v0x64ab4b676ad0_0 .net *"_ivl_48", 0 0, L_0x64ab4b6cd2e0;  1 drivers
v0x64ab4b676bb0_0 .net *"_ivl_50", 0 0, L_0x64ab4b6cd380;  1 drivers
v0x64ab4b676c90_0 .net *"_ivl_52", 0 0, L_0x64ab4b6cd490;  1 drivers
v0x64ab4b676d70_0 .net *"_ivl_53", 0 0, L_0x64ab4b6cd530;  1 drivers
v0x64ab4b676e50_0 .net *"_ivl_55", 0 0, L_0x64ab4b6cd5a0;  1 drivers
v0x64ab4b676f30_0 .net *"_ivl_58", 0 0, L_0x64ab4b6cd720;  1 drivers
v0x64ab4b677010_0 .net *"_ivl_60", 0 0, L_0x64ab4b6cd840;  1 drivers
v0x64ab4b6770f0_0 .net *"_ivl_61", 0 0, L_0x64ab4b6cd420;  1 drivers
v0x64ab4b6771d0_0 .net *"_ivl_64", 0 0, L_0x64ab4b6cda40;  1 drivers
v0x64ab4b6772b0_0 .net *"_ivl_65", 0 0, L_0x64ab4b6cd7c0;  1 drivers
v0x64ab4b677390_0 .net *"_ivl_67", 0 0, L_0x64ab4b6cd6b0;  1 drivers
v0x64ab4b677470_0 .net *"_ivl_7", 0 0, L_0x64ab4b6cc0d0;  1 drivers
v0x64ab4b677550_0 .net *"_ivl_70", 0 0, L_0x64ab4b6cdd30;  1 drivers
v0x64ab4b677630_0 .net *"_ivl_72", 0 0, L_0x64ab4b6cddd0;  1 drivers
v0x64ab4b677710_0 .net *"_ivl_73", 0 0, L_0x64ab4b6cdae0;  1 drivers
v0x64ab4b6777f0_0 .net *"_ivl_76", 0 0, L_0x64ab4b6ce040;  1 drivers
v0x64ab4b6778d0_0 .net *"_ivl_77", 0 0, L_0x64ab4b6cdc10;  1 drivers
v0x64ab4b677bc0_0 .net *"_ivl_80", 0 0, L_0x64ab4b6ce180;  1 drivers
v0x64ab4b677ca0_0 .net *"_ivl_81", 0 0, L_0x64ab4b6cde70;  1 drivers
v0x64ab4b677d80_0 .net *"_ivl_83", 0 0, L_0x64ab4b6cdfb0;  1 drivers
v0x64ab4b677e60_0 .net *"_ivl_86", 0 0, L_0x64ab4b6ce4b0;  1 drivers
v0x64ab4b677f40_0 .net *"_ivl_88", 0 0, L_0x64ab4b6ce660;  1 drivers
v0x64ab4b678020_0 .net *"_ivl_90", 0 0, L_0x64ab4b6ce220;  1 drivers
v0x64ab4b678100_0 .net *"_ivl_91", 0 0, L_0x64ab4b6ce7c0;  1 drivers
v0x64ab4b6781e0_0 .net "a", 3 0, L_0x64ab4b6ce8d0;  1 drivers
v0x64ab4b6782c0_0 .net "b", 3 0, L_0x64ab4b6ceb50;  1 drivers
v0x64ab4b6783a0_0 .net "c", 3 0, L_0x64ab4b6cd140;  1 drivers
v0x64ab4b678480_0 .net "cin", 0 0, L_0x64ab4b6cebf0;  1 drivers
v0x64ab4b678540_0 .net "cout", 0 0, L_0x64ab4b6ce320;  1 drivers
v0x64ab4b678600_0 .net "g", 3 0, L_0x64ab4b6cbf50;  1 drivers
v0x64ab4b6786e0_0 .net "p", 3 0, L_0x64ab4b6cbfc0;  1 drivers
v0x64ab4b6787c0_0 .net "sum", 3 0, L_0x64ab4b6cea20;  1 drivers
L_0x64ab4b6cc140 .part L_0x64ab4b6cbf50, 0, 1;
L_0x64ab4b6cc230 .part L_0x64ab4b6cbfc0, 0, 1;
L_0x64ab4b6cc320 .part L_0x64ab4b6cd140, 0, 1;
L_0x64ab4b6cc610 .part L_0x64ab4b6cbf50, 1, 1;
L_0x64ab4b6cc6e0 .part L_0x64ab4b6cbf50, 0, 1;
L_0x64ab4b6cc780 .part L_0x64ab4b6cbfc0, 1, 1;
L_0x64ab4b6ccaa0 .part L_0x64ab4b6cbfc0, 1, 1;
L_0x64ab4b6ccbd0 .part L_0x64ab4b6cbfc0, 0, 1;
L_0x64ab4b6ccdd0 .part L_0x64ab4b6cd140, 0, 1;
L_0x64ab4b6cd140 .concat8 [ 1 1 1 1], L_0x64ab4b6cc0d0, L_0x64ab4b6cc500, L_0x64ab4b6ccfd0, L_0x64ab4b6cdfb0;
L_0x64ab4b6cd2e0 .part L_0x64ab4b6cbf50, 2, 1;
L_0x64ab4b6cd380 .part L_0x64ab4b6cbfc0, 2, 1;
L_0x64ab4b6cd490 .part L_0x64ab4b6cbf50, 1, 1;
L_0x64ab4b6cd720 .part L_0x64ab4b6cbfc0, 2, 1;
L_0x64ab4b6cd840 .part L_0x64ab4b6cbfc0, 1, 1;
L_0x64ab4b6cda40 .part L_0x64ab4b6cbf50, 0, 1;
L_0x64ab4b6cdd30 .part L_0x64ab4b6cbfc0, 2, 1;
L_0x64ab4b6cddd0 .part L_0x64ab4b6cbfc0, 1, 1;
L_0x64ab4b6ce040 .part L_0x64ab4b6cbfc0, 0, 1;
L_0x64ab4b6ce180 .part L_0x64ab4b6cd140, 0, 1;
L_0x64ab4b6ce4b0 .part L_0x64ab4b6cbf50, 3, 1;
L_0x64ab4b6ce660 .part L_0x64ab4b6cbfc0, 3, 1;
L_0x64ab4b6ce220 .part L_0x64ab4b6cd140, 3, 1;
S_0x64ab4b678940 .scope generate, "cla_block[3]" "cla_block[3]" 6 8, 6 8 0, S_0x64ab4b66eb70;
 .timescale 0 0;
P_0x64ab4b678af0 .param/l "i" 1 6 8, +C4<011>;
S_0x64ab4b678bd0 .scope generate, "genblk1" "genblk1" 6 9, 6 9 0, S_0x64ab4b678940;
 .timescale 0 0;
S_0x64ab4b678db0 .scope module, "cla_piece" "cla" 6 13, 6 110 0, S_0x64ab4b678bd0;
 .timescale 0 0;
    .port_info 0 /INPUT 4 "a";
    .port_info 1 /INPUT 4 "b";
    .port_info 2 /INPUT 1 "cin";
    .port_info 3 /OUTPUT 1 "cout";
    .port_info 4 /OUTPUT 4 "sum";
L_0x64ab4b6ced80 .functor AND 4, L_0x64ab4b6d1660, L_0x64ab4b6d18e0, C4<1111>, C4<1111>;
L_0x64ab4b6cedf0 .functor XOR 4, L_0x64ab4b6d1660, L_0x64ab4b6d18e0, C4<0000>, C4<0000>;
L_0x64ab4b6cef00 .functor BUFZ 1, L_0x64ab4b6d19e0, C4<0>, C4<0>, C4<0>;
L_0x64ab4b6cf1f0 .functor AND 1, L_0x64ab4b6cf060, L_0x64ab4b6cf150, C4<1>, C4<1>;
L_0x64ab4b6cf300 .functor OR 1, L_0x64ab4b6cef70, L_0x64ab4b6cf1f0, C4<0>, C4<0>;
L_0x64ab4b6cf660 .functor AND 1, L_0x64ab4b6cf4e0, L_0x64ab4b6cf580, C4<1>, C4<1>;
L_0x64ab4b6cf720 .functor OR 1, L_0x64ab4b6cf410, L_0x64ab4b6cf660, C4<0>, C4<0>;
L_0x64ab4b6cfa50 .functor AND 1, L_0x64ab4b6cf830, L_0x64ab4b6cf960, C4<1>, C4<1>;
L_0x64ab4b6cfc50 .functor AND 1, L_0x64ab4b6cfa50, L_0x64ab4b6cfb60, C4<1>, C4<1>;
L_0x64ab4b6cfd60 .functor OR 1, L_0x64ab4b6cf720, L_0x64ab4b6cfc50, C4<0>, C4<0>;
L_0x64ab4b6d02c0 .functor AND 1, L_0x64ab4b6d0110, L_0x64ab4b6d0220, C4<1>, C4<1>;
L_0x64ab4b6d0330 .functor OR 1, L_0x64ab4b6d0070, L_0x64ab4b6d02c0, C4<0>, C4<0>;
L_0x64ab4b6d01b0 .functor AND 1, L_0x64ab4b6d04b0, L_0x64ab4b6d05d0, C4<1>, C4<1>;
L_0x64ab4b6d0550 .functor AND 1, L_0x64ab4b6d01b0, L_0x64ab4b6d07d0, C4<1>, C4<1>;
L_0x64ab4b6d0440 .functor OR 1, L_0x64ab4b6d0330, L_0x64ab4b6d0550, C4<0>, C4<0>;
L_0x64ab4b6d0870 .functor AND 1, L_0x64ab4b6d0ac0, L_0x64ab4b6d0b60, C4<1>, C4<1>;
L_0x64ab4b6d09a0 .functor AND 1, L_0x64ab4b6d0870, L_0x64ab4b6d0dd0, C4<1>, C4<1>;
L_0x64ab4b6d0c00 .functor AND 1, L_0x64ab4b6d09a0, L_0x64ab4b6d0f10, C4<1>, C4<1>;
L_0x64ab4b6d0d40 .functor OR 1, L_0x64ab4b6d0440, L_0x64ab4b6d0c00, C4<0>, C4<0>;
L_0x64ab4b6d1550 .functor AND 1, L_0x64ab4b6d13f0, L_0x64ab4b6d0fb0, C4<1>, C4<1>;
L_0x64ab4b6d10b0 .functor OR 1, L_0x64ab4b6d1240, L_0x64ab4b6d1550, C4<0>, C4<0>;
L_0x64ab4b6d17b0 .functor XOR 4, L_0x64ab4b6cedf0, L_0x64ab4b6cfed0, C4<0000>, C4<0000>;
v0x64ab4b679030_0 .net *"_ivl_11", 0 0, L_0x64ab4b6cef70;  1 drivers
v0x64ab4b679130_0 .net *"_ivl_13", 0 0, L_0x64ab4b6cf060;  1 drivers
v0x64ab4b679210_0 .net *"_ivl_15", 0 0, L_0x64ab4b6cf150;  1 drivers
v0x64ab4b6792d0_0 .net *"_ivl_16", 0 0, L_0x64ab4b6cf1f0;  1 drivers
v0x64ab4b6793b0_0 .net *"_ivl_18", 0 0, L_0x64ab4b6cf300;  1 drivers
v0x64ab4b6794e0_0 .net *"_ivl_23", 0 0, L_0x64ab4b6cf410;  1 drivers
v0x64ab4b6795c0_0 .net *"_ivl_25", 0 0, L_0x64ab4b6cf4e0;  1 drivers
v0x64ab4b6796a0_0 .net *"_ivl_27", 0 0, L_0x64ab4b6cf580;  1 drivers
v0x64ab4b679780_0 .net *"_ivl_28", 0 0, L_0x64ab4b6cf660;  1 drivers
v0x64ab4b679860_0 .net *"_ivl_30", 0 0, L_0x64ab4b6cf720;  1 drivers
v0x64ab4b679940_0 .net *"_ivl_33", 0 0, L_0x64ab4b6cf830;  1 drivers
v0x64ab4b679a20_0 .net *"_ivl_35", 0 0, L_0x64ab4b6cf960;  1 drivers
v0x64ab4b679b00_0 .net *"_ivl_36", 0 0, L_0x64ab4b6cfa50;  1 drivers
v0x64ab4b679be0_0 .net *"_ivl_39", 0 0, L_0x64ab4b6cfb60;  1 drivers
v0x64ab4b679cc0_0 .net *"_ivl_40", 0 0, L_0x64ab4b6cfc50;  1 drivers
v0x64ab4b679da0_0 .net *"_ivl_42", 0 0, L_0x64ab4b6cfd60;  1 drivers
v0x64ab4b679e80_0 .net *"_ivl_48", 0 0, L_0x64ab4b6d0070;  1 drivers
v0x64ab4b679f60_0 .net *"_ivl_50", 0 0, L_0x64ab4b6d0110;  1 drivers
v0x64ab4b67a040_0 .net *"_ivl_52", 0 0, L_0x64ab4b6d0220;  1 drivers
v0x64ab4b67a120_0 .net *"_ivl_53", 0 0, L_0x64ab4b6d02c0;  1 drivers
v0x64ab4b67a200_0 .net *"_ivl_55", 0 0, L_0x64ab4b6d0330;  1 drivers
v0x64ab4b67a2e0_0 .net *"_ivl_58", 0 0, L_0x64ab4b6d04b0;  1 drivers
v0x64ab4b67a3c0_0 .net *"_ivl_60", 0 0, L_0x64ab4b6d05d0;  1 drivers
v0x64ab4b67a4a0_0 .net *"_ivl_61", 0 0, L_0x64ab4b6d01b0;  1 drivers
v0x64ab4b67a580_0 .net *"_ivl_64", 0 0, L_0x64ab4b6d07d0;  1 drivers
v0x64ab4b67a660_0 .net *"_ivl_65", 0 0, L_0x64ab4b6d0550;  1 drivers
v0x64ab4b67a740_0 .net *"_ivl_67", 0 0, L_0x64ab4b6d0440;  1 drivers
v0x64ab4b67a820_0 .net *"_ivl_7", 0 0, L_0x64ab4b6cef00;  1 drivers
v0x64ab4b67a900_0 .net *"_ivl_70", 0 0, L_0x64ab4b6d0ac0;  1 drivers
v0x64ab4b67a9e0_0 .net *"_ivl_72", 0 0, L_0x64ab4b6d0b60;  1 drivers
v0x64ab4b67aac0_0 .net *"_ivl_73", 0 0, L_0x64ab4b6d0870;  1 drivers
v0x64ab4b67aba0_0 .net *"_ivl_76", 0 0, L_0x64ab4b6d0dd0;  1 drivers
v0x64ab4b67ac80_0 .net *"_ivl_77", 0 0, L_0x64ab4b6d09a0;  1 drivers
v0x64ab4b67af70_0 .net *"_ivl_80", 0 0, L_0x64ab4b6d0f10;  1 drivers
v0x64ab4b67b050_0 .net *"_ivl_81", 0 0, L_0x64ab4b6d0c00;  1 drivers
v0x64ab4b67b130_0 .net *"_ivl_83", 0 0, L_0x64ab4b6d0d40;  1 drivers
v0x64ab4b67b210_0 .net *"_ivl_86", 0 0, L_0x64ab4b6d1240;  1 drivers
v0x64ab4b67b2f0_0 .net *"_ivl_88", 0 0, L_0x64ab4b6d13f0;  1 drivers
v0x64ab4b67b3d0_0 .net *"_ivl_90", 0 0, L_0x64ab4b6d0fb0;  1 drivers
v0x64ab4b67b4b0_0 .net *"_ivl_91", 0 0, L_0x64ab4b6d1550;  1 drivers
v0x64ab4b67b590_0 .net "a", 3 0, L_0x64ab4b6d1660;  1 drivers
v0x64ab4b67b670_0 .net "b", 3 0, L_0x64ab4b6d18e0;  1 drivers
v0x64ab4b67b750_0 .net "c", 3 0, L_0x64ab4b6cfed0;  1 drivers
v0x64ab4b67b830_0 .net "cin", 0 0, L_0x64ab4b6d19e0;  1 drivers
v0x64ab4b67b8f0_0 .net "cout", 0 0, L_0x64ab4b6d10b0;  1 drivers
v0x64ab4b67b9b0_0 .net "g", 3 0, L_0x64ab4b6ced80;  1 drivers
v0x64ab4b67ba90_0 .net "p", 3 0, L_0x64ab4b6cedf0;  1 drivers
v0x64ab4b67bb70_0 .net "sum", 3 0, L_0x64ab4b6d17b0;  1 drivers
L_0x64ab4b6cef70 .part L_0x64ab4b6ced80, 0, 1;
L_0x64ab4b6cf060 .part L_0x64ab4b6cedf0, 0, 1;
L_0x64ab4b6cf150 .part L_0x64ab4b6cfed0, 0, 1;
L_0x64ab4b6cf410 .part L_0x64ab4b6ced80, 1, 1;
L_0x64ab4b6cf4e0 .part L_0x64ab4b6ced80, 0, 1;
L_0x64ab4b6cf580 .part L_0x64ab4b6cedf0, 1, 1;
L_0x64ab4b6cf830 .part L_0x64ab4b6cedf0, 1, 1;
L_0x64ab4b6cf960 .part L_0x64ab4b6cedf0, 0, 1;
L_0x64ab4b6cfb60 .part L_0x64ab4b6cfed0, 0, 1;
L_0x64ab4b6cfed0 .concat8 [ 1 1 1 1], L_0x64ab4b6cef00, L_0x64ab4b6cf300, L_0x64ab4b6cfd60, L_0x64ab4b6d0d40;
L_0x64ab4b6d0070 .part L_0x64ab4b6ced80, 2, 1;
L_0x64ab4b6d0110 .part L_0x64ab4b6cedf0, 2, 1;
L_0x64ab4b6d0220 .part L_0x64ab4b6ced80, 1, 1;
L_0x64ab4b6d04b0 .part L_0x64ab4b6cedf0, 2, 1;
L_0x64ab4b6d05d0 .part L_0x64ab4b6cedf0, 1, 1;
L_0x64ab4b6d07d0 .part L_0x64ab4b6ced80, 0, 1;
L_0x64ab4b6d0ac0 .part L_0x64ab4b6cedf0, 2, 1;
L_0x64ab4b6d0b60 .part L_0x64ab4b6cedf0, 1, 1;
L_0x64ab4b6d0dd0 .part L_0x64ab4b6cedf0, 0, 1;
L_0x64ab4b6d0f10 .part L_0x64ab4b6cfed0, 0, 1;
L_0x64ab4b6d1240 .part L_0x64ab4b6ced80, 3, 1;
L_0x64ab4b6d13f0 .part L_0x64ab4b6cedf0, 3, 1;
L_0x64ab4b6d0fb0 .part L_0x64ab4b6cfed0, 3, 1;
S_0x64ab4b67bcf0 .scope generate, "cla_block[4]" "cla_block[4]" 6 8, 6 8 0, S_0x64ab4b66eb70;
 .timescale 0 0;
P_0x64ab4b67bef0 .param/l "i" 1 6 8, +C4<0100>;
S_0x64ab4b67bfd0 .scope generate, "genblk1" "genblk1" 6 9, 6 9 0, S_0x64ab4b67bcf0;
 .timescale 0 0;
S_0x64ab4b67c1b0 .scope module, "cla_piece" "cla" 6 13, 6 110 0, S_0x64ab4b67bfd0;
 .timescale 0 0;
    .port_info 0 /INPUT 4 "a";
    .port_info 1 /INPUT 4 "b";
    .port_info 2 /INPUT 1 "cin";
    .port_info 3 /OUTPUT 1 "cout";
    .port_info 4 /OUTPUT 4 "sum";
L_0x64ab4b6d1a80 .functor AND 4, L_0x64ab4b6d42f0, L_0x64ab4b6d45e0, C4<1111>, C4<1111>;
L_0x64ab4b6d1af0 .functor XOR 4, L_0x64ab4b6d42f0, L_0x64ab4b6d45e0, C4<0000>, C4<0000>;
L_0x64ab4b6d1c00 .functor BUFZ 1, L_0x64ab4b6d4680, C4<0>, C4<0>, C4<0>;
L_0x64ab4b6d1ef0 .functor AND 1, L_0x64ab4b6d1d60, L_0x64ab4b6d1e50, C4<1>, C4<1>;
L_0x64ab4b6d2000 .functor OR 1, L_0x64ab4b6d1c70, L_0x64ab4b6d1ef0, C4<0>, C4<0>;
L_0x64ab4b6d22f0 .functor AND 1, L_0x64ab4b6d21b0, L_0x64ab4b6d2250, C4<1>, C4<1>;
L_0x64ab4b6d23b0 .functor OR 1, L_0x64ab4b6d2110, L_0x64ab4b6d22f0, C4<0>, C4<0>;
L_0x64ab4b6d26e0 .functor AND 1, L_0x64ab4b6d24c0, L_0x64ab4b6d25f0, C4<1>, C4<1>;
L_0x64ab4b6d28e0 .functor AND 1, L_0x64ab4b6d26e0, L_0x64ab4b6d27f0, C4<1>, C4<1>;
L_0x64ab4b6d29f0 .functor OR 1, L_0x64ab4b6d23b0, L_0x64ab4b6d28e0, C4<0>, C4<0>;
L_0x64ab4b6d2f50 .functor AND 1, L_0x64ab4b6d2da0, L_0x64ab4b6d2eb0, C4<1>, C4<1>;
L_0x64ab4b6d2fc0 .functor OR 1, L_0x64ab4b6d2d00, L_0x64ab4b6d2f50, C4<0>, C4<0>;
L_0x64ab4b6d2e40 .functor AND 1, L_0x64ab4b6d3140, L_0x64ab4b6d3260, C4<1>, C4<1>;
L_0x64ab4b6d31e0 .functor AND 1, L_0x64ab4b6d2e40, L_0x64ab4b6d3460, C4<1>, C4<1>;
L_0x64ab4b6d30d0 .functor OR 1, L_0x64ab4b6d2fc0, L_0x64ab4b6d31e0, C4<0>, C4<0>;
L_0x64ab4b6d3500 .functor AND 1, L_0x64ab4b6d3750, L_0x64ab4b6d37f0, C4<1>, C4<1>;
L_0x64ab4b6d3630 .functor AND 1, L_0x64ab4b6d3500, L_0x64ab4b6d3a60, C4<1>, C4<1>;
L_0x64ab4b6d3890 .functor AND 1, L_0x64ab4b6d3630, L_0x64ab4b6d3ba0, C4<1>, C4<1>;
L_0x64ab4b6d39d0 .functor OR 1, L_0x64ab4b6d30d0, L_0x64ab4b6d3890, C4<0>, C4<0>;
L_0x64ab4b6d41e0 .functor AND 1, L_0x64ab4b6d4080, L_0x64ab4b6d3c40, C4<1>, C4<1>;
L_0x64ab4b6d3d40 .functor OR 1, L_0x64ab4b6d3ed0, L_0x64ab4b6d41e0, C4<0>, C4<0>;
L_0x64ab4b6d4440 .functor XOR 4, L_0x64ab4b6d1af0, L_0x64ab4b6d2b60, C4<0000>, C4<0000>;
v0x64ab4b67c430_0 .net *"_ivl_11", 0 0, L_0x64ab4b6d1c70;  1 drivers
v0x64ab4b67c530_0 .net *"_ivl_13", 0 0, L_0x64ab4b6d1d60;  1 drivers
v0x64ab4b67c610_0 .net *"_ivl_15", 0 0, L_0x64ab4b6d1e50;  1 drivers
v0x64ab4b67c6d0_0 .net *"_ivl_16", 0 0, L_0x64ab4b6d1ef0;  1 drivers
v0x64ab4b67c7b0_0 .net *"_ivl_18", 0 0, L_0x64ab4b6d2000;  1 drivers
v0x64ab4b67c8e0_0 .net *"_ivl_23", 0 0, L_0x64ab4b6d2110;  1 drivers
v0x64ab4b67c9c0_0 .net *"_ivl_25", 0 0, L_0x64ab4b6d21b0;  1 drivers
v0x64ab4b67caa0_0 .net *"_ivl_27", 0 0, L_0x64ab4b6d2250;  1 drivers
v0x64ab4b67cb80_0 .net *"_ivl_28", 0 0, L_0x64ab4b6d22f0;  1 drivers
v0x64ab4b67cc60_0 .net *"_ivl_30", 0 0, L_0x64ab4b6d23b0;  1 drivers
v0x64ab4b67cd40_0 .net *"_ivl_33", 0 0, L_0x64ab4b6d24c0;  1 drivers
v0x64ab4b67ce20_0 .net *"_ivl_35", 0 0, L_0x64ab4b6d25f0;  1 drivers
v0x64ab4b67cf00_0 .net *"_ivl_36", 0 0, L_0x64ab4b6d26e0;  1 drivers
v0x64ab4b67cfe0_0 .net *"_ivl_39", 0 0, L_0x64ab4b6d27f0;  1 drivers
v0x64ab4b67d0c0_0 .net *"_ivl_40", 0 0, L_0x64ab4b6d28e0;  1 drivers
v0x64ab4b67d1a0_0 .net *"_ivl_42", 0 0, L_0x64ab4b6d29f0;  1 drivers
v0x64ab4b67d280_0 .net *"_ivl_48", 0 0, L_0x64ab4b6d2d00;  1 drivers
v0x64ab4b67d360_0 .net *"_ivl_50", 0 0, L_0x64ab4b6d2da0;  1 drivers
v0x64ab4b67d440_0 .net *"_ivl_52", 0 0, L_0x64ab4b6d2eb0;  1 drivers
v0x64ab4b67d520_0 .net *"_ivl_53", 0 0, L_0x64ab4b6d2f50;  1 drivers
v0x64ab4b67d600_0 .net *"_ivl_55", 0 0, L_0x64ab4b6d2fc0;  1 drivers
v0x64ab4b67d6e0_0 .net *"_ivl_58", 0 0, L_0x64ab4b6d3140;  1 drivers
v0x64ab4b67d7c0_0 .net *"_ivl_60", 0 0, L_0x64ab4b6d3260;  1 drivers
v0x64ab4b67d8a0_0 .net *"_ivl_61", 0 0, L_0x64ab4b6d2e40;  1 drivers
v0x64ab4b67d980_0 .net *"_ivl_64", 0 0, L_0x64ab4b6d3460;  1 drivers
v0x64ab4b67da60_0 .net *"_ivl_65", 0 0, L_0x64ab4b6d31e0;  1 drivers
v0x64ab4b67db40_0 .net *"_ivl_67", 0 0, L_0x64ab4b6d30d0;  1 drivers
v0x64ab4b67dc20_0 .net *"_ivl_7", 0 0, L_0x64ab4b6d1c00;  1 drivers
v0x64ab4b67dd00_0 .net *"_ivl_70", 0 0, L_0x64ab4b6d3750;  1 drivers
v0x64ab4b67dde0_0 .net *"_ivl_72", 0 0, L_0x64ab4b6d37f0;  1 drivers
v0x64ab4b67dec0_0 .net *"_ivl_73", 0 0, L_0x64ab4b6d3500;  1 drivers
v0x64ab4b67dfa0_0 .net *"_ivl_76", 0 0, L_0x64ab4b6d3a60;  1 drivers
v0x64ab4b67e080_0 .net *"_ivl_77", 0 0, L_0x64ab4b6d3630;  1 drivers
v0x64ab4b67e370_0 .net *"_ivl_80", 0 0, L_0x64ab4b6d3ba0;  1 drivers
v0x64ab4b67e450_0 .net *"_ivl_81", 0 0, L_0x64ab4b6d3890;  1 drivers
v0x64ab4b67e530_0 .net *"_ivl_83", 0 0, L_0x64ab4b6d39d0;  1 drivers
v0x64ab4b67e610_0 .net *"_ivl_86", 0 0, L_0x64ab4b6d3ed0;  1 drivers
v0x64ab4b67e6f0_0 .net *"_ivl_88", 0 0, L_0x64ab4b6d4080;  1 drivers
v0x64ab4b67e7d0_0 .net *"_ivl_90", 0 0, L_0x64ab4b6d3c40;  1 drivers
v0x64ab4b67e8b0_0 .net *"_ivl_91", 0 0, L_0x64ab4b6d41e0;  1 drivers
v0x64ab4b67e990_0 .net "a", 3 0, L_0x64ab4b6d42f0;  1 drivers
v0x64ab4b67ea70_0 .net "b", 3 0, L_0x64ab4b6d45e0;  1 drivers
v0x64ab4b67eb50_0 .net "c", 3 0, L_0x64ab4b6d2b60;  1 drivers
v0x64ab4b67ec30_0 .net "cin", 0 0, L_0x64ab4b6d4680;  1 drivers
v0x64ab4b67ecf0_0 .net "cout", 0 0, L_0x64ab4b6d3d40;  1 drivers
v0x64ab4b67edb0_0 .net "g", 3 0, L_0x64ab4b6d1a80;  1 drivers
v0x64ab4b67ee90_0 .net "p", 3 0, L_0x64ab4b6d1af0;  1 drivers
v0x64ab4b67ef70_0 .net "sum", 3 0, L_0x64ab4b6d4440;  1 drivers
L_0x64ab4b6d1c70 .part L_0x64ab4b6d1a80, 0, 1;
L_0x64ab4b6d1d60 .part L_0x64ab4b6d1af0, 0, 1;
L_0x64ab4b6d1e50 .part L_0x64ab4b6d2b60, 0, 1;
L_0x64ab4b6d2110 .part L_0x64ab4b6d1a80, 1, 1;
L_0x64ab4b6d21b0 .part L_0x64ab4b6d1a80, 0, 1;
L_0x64ab4b6d2250 .part L_0x64ab4b6d1af0, 1, 1;
L_0x64ab4b6d24c0 .part L_0x64ab4b6d1af0, 1, 1;
L_0x64ab4b6d25f0 .part L_0x64ab4b6d1af0, 0, 1;
L_0x64ab4b6d27f0 .part L_0x64ab4b6d2b60, 0, 1;
L_0x64ab4b6d2b60 .concat8 [ 1 1 1 1], L_0x64ab4b6d1c00, L_0x64ab4b6d2000, L_0x64ab4b6d29f0, L_0x64ab4b6d39d0;
L_0x64ab4b6d2d00 .part L_0x64ab4b6d1a80, 2, 1;
L_0x64ab4b6d2da0 .part L_0x64ab4b6d1af0, 2, 1;
L_0x64ab4b6d2eb0 .part L_0x64ab4b6d1a80, 1, 1;
L_0x64ab4b6d3140 .part L_0x64ab4b6d1af0, 2, 1;
L_0x64ab4b6d3260 .part L_0x64ab4b6d1af0, 1, 1;
L_0x64ab4b6d3460 .part L_0x64ab4b6d1a80, 0, 1;
L_0x64ab4b6d3750 .part L_0x64ab4b6d1af0, 2, 1;
L_0x64ab4b6d37f0 .part L_0x64ab4b6d1af0, 1, 1;
L_0x64ab4b6d3a60 .part L_0x64ab4b6d1af0, 0, 1;
L_0x64ab4b6d3ba0 .part L_0x64ab4b6d2b60, 0, 1;
L_0x64ab4b6d3ed0 .part L_0x64ab4b6d1a80, 3, 1;
L_0x64ab4b6d4080 .part L_0x64ab4b6d1af0, 3, 1;
L_0x64ab4b6d3c40 .part L_0x64ab4b6d2b60, 3, 1;
S_0x64ab4b67f0f0 .scope generate, "cla_block[5]" "cla_block[5]" 6 8, 6 8 0, S_0x64ab4b66eb70;
 .timescale 0 0;
P_0x64ab4b67f2a0 .param/l "i" 1 6 8, +C4<0101>;
S_0x64ab4b67f380 .scope generate, "genblk1" "genblk1" 6 9, 6 9 0, S_0x64ab4b67f0f0;
 .timescale 0 0;
S_0x64ab4b67f560 .scope module, "cla_piece" "cla" 6 13, 6 110 0, S_0x64ab4b67f380;
 .timescale 0 0;
    .port_info 0 /INPUT 4 "a";
    .port_info 1 /INPUT 4 "b";
    .port_info 2 /INPUT 1 "cin";
    .port_info 3 /OUTPUT 1 "cout";
    .port_info 4 /OUTPUT 4 "sum";
L_0x64ab4b6d4570 .functor AND 4, L_0x64ab4b6d6ed0, L_0x64ab4b6d7150, C4<1111>, C4<1111>;
L_0x64ab4b6d47a0 .functor XOR 4, L_0x64ab4b6d6ed0, L_0x64ab4b6d7150, C4<0000>, C4<0000>;
L_0x64ab4b6d4860 .functor BUFZ 1, L_0x64ab4b6d7280, C4<0>, C4<0>, C4<0>;
L_0x64ab4b6d4b50 .functor AND 1, L_0x64ab4b6d49c0, L_0x64ab4b6d4ab0, C4<1>, C4<1>;
L_0x64ab4b6d4c60 .functor OR 1, L_0x64ab4b6d48d0, L_0x64ab4b6d4b50, C4<0>, C4<0>;
L_0x64ab4b6d4fe0 .functor AND 1, L_0x64ab4b6d4e10, L_0x64ab4b6d4f40, C4<1>, C4<1>;
L_0x64ab4b6d50a0 .functor OR 1, L_0x64ab4b6d4d70, L_0x64ab4b6d4fe0, C4<0>, C4<0>;
L_0x64ab4b6d53d0 .functor AND 1, L_0x64ab4b6d51b0, L_0x64ab4b6d52e0, C4<1>, C4<1>;
L_0x64ab4b6d55d0 .functor AND 1, L_0x64ab4b6d53d0, L_0x64ab4b6d54e0, C4<1>, C4<1>;
L_0x64ab4b6d56e0 .functor OR 1, L_0x64ab4b6d50a0, L_0x64ab4b6d55d0, C4<0>, C4<0>;
L_0x64ab4b6d5c40 .functor AND 1, L_0x64ab4b6d5a90, L_0x64ab4b6d5ba0, C4<1>, C4<1>;
L_0x64ab4b6d5cb0 .functor OR 1, L_0x64ab4b6d59f0, L_0x64ab4b6d5c40, C4<0>, C4<0>;
L_0x64ab4b6d5b30 .functor AND 1, L_0x64ab4b6d5e30, L_0x64ab4b6d5f50, C4<1>, C4<1>;
L_0x64ab4b6d5ed0 .functor AND 1, L_0x64ab4b6d5b30, L_0x64ab4b6d6040, C4<1>, C4<1>;
L_0x64ab4b6d5dc0 .functor OR 1, L_0x64ab4b6d5cb0, L_0x64ab4b6d5ed0, C4<0>, C4<0>;
L_0x64ab4b6d60e0 .functor AND 1, L_0x64ab4b6d6330, L_0x64ab4b6d63d0, C4<1>, C4<1>;
L_0x64ab4b6d6210 .functor AND 1, L_0x64ab4b6d60e0, L_0x64ab4b6d6640, C4<1>, C4<1>;
L_0x64ab4b6d6470 .functor AND 1, L_0x64ab4b6d6210, L_0x64ab4b6d6780, C4<1>, C4<1>;
L_0x64ab4b6d65b0 .functor OR 1, L_0x64ab4b6d5dc0, L_0x64ab4b6d6470, C4<0>, C4<0>;
L_0x64ab4b6d6dc0 .functor AND 1, L_0x64ab4b6d6c60, L_0x64ab4b6d6820, C4<1>, C4<1>;
L_0x64ab4b6d6920 .functor OR 1, L_0x64ab4b6d6ab0, L_0x64ab4b6d6dc0, C4<0>, C4<0>;
L_0x64ab4b6d7020 .functor XOR 4, L_0x64ab4b6d47a0, L_0x64ab4b6d5850, C4<0000>, C4<0000>;
v0x64ab4b67f7e0_0 .net *"_ivl_11", 0 0, L_0x64ab4b6d48d0;  1 drivers
v0x64ab4b67f8e0_0 .net *"_ivl_13", 0 0, L_0x64ab4b6d49c0;  1 drivers
v0x64ab4b67f9c0_0 .net *"_ivl_15", 0 0, L_0x64ab4b6d4ab0;  1 drivers
v0x64ab4b67fa80_0 .net *"_ivl_16", 0 0, L_0x64ab4b6d4b50;  1 drivers
v0x64ab4b67fb60_0 .net *"_ivl_18", 0 0, L_0x64ab4b6d4c60;  1 drivers
v0x64ab4b67fc90_0 .net *"_ivl_23", 0 0, L_0x64ab4b6d4d70;  1 drivers
v0x64ab4b67fd70_0 .net *"_ivl_25", 0 0, L_0x64ab4b6d4e10;  1 drivers
v0x64ab4b67fe50_0 .net *"_ivl_27", 0 0, L_0x64ab4b6d4f40;  1 drivers
v0x64ab4b67ff30_0 .net *"_ivl_28", 0 0, L_0x64ab4b6d4fe0;  1 drivers
v0x64ab4b680010_0 .net *"_ivl_30", 0 0, L_0x64ab4b6d50a0;  1 drivers
v0x64ab4b6800f0_0 .net *"_ivl_33", 0 0, L_0x64ab4b6d51b0;  1 drivers
v0x64ab4b6801d0_0 .net *"_ivl_35", 0 0, L_0x64ab4b6d52e0;  1 drivers
v0x64ab4b6802b0_0 .net *"_ivl_36", 0 0, L_0x64ab4b6d53d0;  1 drivers
v0x64ab4b680390_0 .net *"_ivl_39", 0 0, L_0x64ab4b6d54e0;  1 drivers
v0x64ab4b680470_0 .net *"_ivl_40", 0 0, L_0x64ab4b6d55d0;  1 drivers
v0x64ab4b680550_0 .net *"_ivl_42", 0 0, L_0x64ab4b6d56e0;  1 drivers
v0x64ab4b680630_0 .net *"_ivl_48", 0 0, L_0x64ab4b6d59f0;  1 drivers
v0x64ab4b680710_0 .net *"_ivl_50", 0 0, L_0x64ab4b6d5a90;  1 drivers
v0x64ab4b6807f0_0 .net *"_ivl_52", 0 0, L_0x64ab4b6d5ba0;  1 drivers
v0x64ab4b6808d0_0 .net *"_ivl_53", 0 0, L_0x64ab4b6d5c40;  1 drivers
v0x64ab4b6809b0_0 .net *"_ivl_55", 0 0, L_0x64ab4b6d5cb0;  1 drivers
v0x64ab4b680a90_0 .net *"_ivl_58", 0 0, L_0x64ab4b6d5e30;  1 drivers
v0x64ab4b680b70_0 .net *"_ivl_60", 0 0, L_0x64ab4b6d5f50;  1 drivers
v0x64ab4b680c50_0 .net *"_ivl_61", 0 0, L_0x64ab4b6d5b30;  1 drivers
v0x64ab4b680d30_0 .net *"_ivl_64", 0 0, L_0x64ab4b6d6040;  1 drivers
v0x64ab4b680e10_0 .net *"_ivl_65", 0 0, L_0x64ab4b6d5ed0;  1 drivers
v0x64ab4b680ef0_0 .net *"_ivl_67", 0 0, L_0x64ab4b6d5dc0;  1 drivers
v0x64ab4b680fd0_0 .net *"_ivl_7", 0 0, L_0x64ab4b6d4860;  1 drivers
v0x64ab4b6810b0_0 .net *"_ivl_70", 0 0, L_0x64ab4b6d6330;  1 drivers
v0x64ab4b681190_0 .net *"_ivl_72", 0 0, L_0x64ab4b6d63d0;  1 drivers
v0x64ab4b681270_0 .net *"_ivl_73", 0 0, L_0x64ab4b6d60e0;  1 drivers
v0x64ab4b681350_0 .net *"_ivl_76", 0 0, L_0x64ab4b6d6640;  1 drivers
v0x64ab4b681430_0 .net *"_ivl_77", 0 0, L_0x64ab4b6d6210;  1 drivers
v0x64ab4b681720_0 .net *"_ivl_80", 0 0, L_0x64ab4b6d6780;  1 drivers
v0x64ab4b681800_0 .net *"_ivl_81", 0 0, L_0x64ab4b6d6470;  1 drivers
v0x64ab4b6818e0_0 .net *"_ivl_83", 0 0, L_0x64ab4b6d65b0;  1 drivers
v0x64ab4b6819c0_0 .net *"_ivl_86", 0 0, L_0x64ab4b6d6ab0;  1 drivers
v0x64ab4b681aa0_0 .net *"_ivl_88", 0 0, L_0x64ab4b6d6c60;  1 drivers
v0x64ab4b681b80_0 .net *"_ivl_90", 0 0, L_0x64ab4b6d6820;  1 drivers
v0x64ab4b681c60_0 .net *"_ivl_91", 0 0, L_0x64ab4b6d6dc0;  1 drivers
v0x64ab4b681d40_0 .net "a", 3 0, L_0x64ab4b6d6ed0;  1 drivers
v0x64ab4b681e20_0 .net "b", 3 0, L_0x64ab4b6d7150;  1 drivers
v0x64ab4b681f00_0 .net "c", 3 0, L_0x64ab4b6d5850;  1 drivers
v0x64ab4b681fe0_0 .net "cin", 0 0, L_0x64ab4b6d7280;  1 drivers
v0x64ab4b6820a0_0 .net "cout", 0 0, L_0x64ab4b6d6920;  1 drivers
v0x64ab4b682160_0 .net "g", 3 0, L_0x64ab4b6d4570;  1 drivers
v0x64ab4b682240_0 .net "p", 3 0, L_0x64ab4b6d47a0;  1 drivers
v0x64ab4b682320_0 .net "sum", 3 0, L_0x64ab4b6d7020;  1 drivers
L_0x64ab4b6d48d0 .part L_0x64ab4b6d4570, 0, 1;
L_0x64ab4b6d49c0 .part L_0x64ab4b6d47a0, 0, 1;
L_0x64ab4b6d4ab0 .part L_0x64ab4b6d5850, 0, 1;
L_0x64ab4b6d4d70 .part L_0x64ab4b6d4570, 1, 1;
L_0x64ab4b6d4e10 .part L_0x64ab4b6d4570, 0, 1;
L_0x64ab4b6d4f40 .part L_0x64ab4b6d47a0, 1, 1;
L_0x64ab4b6d51b0 .part L_0x64ab4b6d47a0, 1, 1;
L_0x64ab4b6d52e0 .part L_0x64ab4b6d47a0, 0, 1;
L_0x64ab4b6d54e0 .part L_0x64ab4b6d5850, 0, 1;
L_0x64ab4b6d5850 .concat8 [ 1 1 1 1], L_0x64ab4b6d4860, L_0x64ab4b6d4c60, L_0x64ab4b6d56e0, L_0x64ab4b6d65b0;
L_0x64ab4b6d59f0 .part L_0x64ab4b6d4570, 2, 1;
L_0x64ab4b6d5a90 .part L_0x64ab4b6d47a0, 2, 1;
L_0x64ab4b6d5ba0 .part L_0x64ab4b6d4570, 1, 1;
L_0x64ab4b6d5e30 .part L_0x64ab4b6d47a0, 2, 1;
L_0x64ab4b6d5f50 .part L_0x64ab4b6d47a0, 1, 1;
L_0x64ab4b6d6040 .part L_0x64ab4b6d4570, 0, 1;
L_0x64ab4b6d6330 .part L_0x64ab4b6d47a0, 2, 1;
L_0x64ab4b6d63d0 .part L_0x64ab4b6d47a0, 1, 1;
L_0x64ab4b6d6640 .part L_0x64ab4b6d47a0, 0, 1;
L_0x64ab4b6d6780 .part L_0x64ab4b6d5850, 0, 1;
L_0x64ab4b6d6ab0 .part L_0x64ab4b6d4570, 3, 1;
L_0x64ab4b6d6c60 .part L_0x64ab4b6d47a0, 3, 1;
L_0x64ab4b6d6820 .part L_0x64ab4b6d5850, 3, 1;
S_0x64ab4b6824a0 .scope generate, "cla_block[6]" "cla_block[6]" 6 8, 6 8 0, S_0x64ab4b66eb70;
 .timescale 0 0;
P_0x64ab4b682650 .param/l "i" 1 6 8, +C4<0110>;
S_0x64ab4b682730 .scope generate, "genblk1" "genblk1" 6 9, 6 9 0, S_0x64ab4b6824a0;
 .timescale 0 0;
S_0x64ab4b682910 .scope module, "cla_piece" "cla" 6 13, 6 110 0, S_0x64ab4b682730;
 .timescale 0 0;
    .port_info 0 /INPUT 4 "a";
    .port_info 1 /INPUT 4 "b";
    .port_info 2 /INPUT 1 "cin";
    .port_info 3 /OUTPUT 1 "cout";
    .port_info 4 /OUTPUT 4 "sum";
L_0x64ab4b6d7320 .functor AND 4, L_0x64ab4b6d9b90, L_0x64ab4b6d9eb0, C4<1111>, C4<1111>;
L_0x64ab4b6d7390 .functor XOR 4, L_0x64ab4b6d9b90, L_0x64ab4b6d9eb0, C4<0000>, C4<0000>;
L_0x64ab4b6d74a0 .functor BUFZ 1, L_0x64ab4b6d9f50, C4<0>, C4<0>, C4<0>;
L_0x64ab4b6d7790 .functor AND 1, L_0x64ab4b6d7600, L_0x64ab4b6d76f0, C4<1>, C4<1>;
L_0x64ab4b6d78a0 .functor OR 1, L_0x64ab4b6d7510, L_0x64ab4b6d7790, C4<0>, C4<0>;
L_0x64ab4b6d7b90 .functor AND 1, L_0x64ab4b6d7a50, L_0x64ab4b6d7af0, C4<1>, C4<1>;
L_0x64ab4b6d7c50 .functor OR 1, L_0x64ab4b6d79b0, L_0x64ab4b6d7b90, C4<0>, C4<0>;
L_0x64ab4b6d7f80 .functor AND 1, L_0x64ab4b6d7d60, L_0x64ab4b6d7e90, C4<1>, C4<1>;
L_0x64ab4b6d8180 .functor AND 1, L_0x64ab4b6d7f80, L_0x64ab4b6d8090, C4<1>, C4<1>;
L_0x64ab4b6d8290 .functor OR 1, L_0x64ab4b6d7c50, L_0x64ab4b6d8180, C4<0>, C4<0>;
L_0x64ab4b6d87f0 .functor AND 1, L_0x64ab4b6d8640, L_0x64ab4b6d8750, C4<1>, C4<1>;
L_0x64ab4b6d8860 .functor OR 1, L_0x64ab4b6d85a0, L_0x64ab4b6d87f0, C4<0>, C4<0>;
L_0x64ab4b6d86e0 .functor AND 1, L_0x64ab4b6d89e0, L_0x64ab4b6d8b00, C4<1>, C4<1>;
L_0x64ab4b6d8a80 .functor AND 1, L_0x64ab4b6d86e0, L_0x64ab4b6d8d00, C4<1>, C4<1>;
L_0x64ab4b6d8970 .functor OR 1, L_0x64ab4b6d8860, L_0x64ab4b6d8a80, C4<0>, C4<0>;
L_0x64ab4b6d8da0 .functor AND 1, L_0x64ab4b6d8ff0, L_0x64ab4b6d9090, C4<1>, C4<1>;
L_0x64ab4b6d8ed0 .functor AND 1, L_0x64ab4b6d8da0, L_0x64ab4b6d9300, C4<1>, C4<1>;
L_0x64ab4b6d9130 .functor AND 1, L_0x64ab4b6d8ed0, L_0x64ab4b6d9440, C4<1>, C4<1>;
L_0x64ab4b6d9270 .functor OR 1, L_0x64ab4b6d8970, L_0x64ab4b6d9130, C4<0>, C4<0>;
L_0x64ab4b6d9a80 .functor AND 1, L_0x64ab4b6d9920, L_0x64ab4b6d94e0, C4<1>, C4<1>;
L_0x64ab4b6d95e0 .functor OR 1, L_0x64ab4b6d9770, L_0x64ab4b6d9a80, C4<0>, C4<0>;
L_0x64ab4b6d9ce0 .functor XOR 4, L_0x64ab4b6d7390, L_0x64ab4b6d8400, C4<0000>, C4<0000>;
v0x64ab4b682b90_0 .net *"_ivl_11", 0 0, L_0x64ab4b6d7510;  1 drivers
v0x64ab4b682c90_0 .net *"_ivl_13", 0 0, L_0x64ab4b6d7600;  1 drivers
v0x64ab4b682d70_0 .net *"_ivl_15", 0 0, L_0x64ab4b6d76f0;  1 drivers
v0x64ab4b682e30_0 .net *"_ivl_16", 0 0, L_0x64ab4b6d7790;  1 drivers
v0x64ab4b682f10_0 .net *"_ivl_18", 0 0, L_0x64ab4b6d78a0;  1 drivers
v0x64ab4b683040_0 .net *"_ivl_23", 0 0, L_0x64ab4b6d79b0;  1 drivers
v0x64ab4b683120_0 .net *"_ivl_25", 0 0, L_0x64ab4b6d7a50;  1 drivers
v0x64ab4b683200_0 .net *"_ivl_27", 0 0, L_0x64ab4b6d7af0;  1 drivers
v0x64ab4b6832e0_0 .net *"_ivl_28", 0 0, L_0x64ab4b6d7b90;  1 drivers
v0x64ab4b6833c0_0 .net *"_ivl_30", 0 0, L_0x64ab4b6d7c50;  1 drivers
v0x64ab4b6834a0_0 .net *"_ivl_33", 0 0, L_0x64ab4b6d7d60;  1 drivers
v0x64ab4b683580_0 .net *"_ivl_35", 0 0, L_0x64ab4b6d7e90;  1 drivers
v0x64ab4b683660_0 .net *"_ivl_36", 0 0, L_0x64ab4b6d7f80;  1 drivers
v0x64ab4b683740_0 .net *"_ivl_39", 0 0, L_0x64ab4b6d8090;  1 drivers
v0x64ab4b683820_0 .net *"_ivl_40", 0 0, L_0x64ab4b6d8180;  1 drivers
v0x64ab4b683900_0 .net *"_ivl_42", 0 0, L_0x64ab4b6d8290;  1 drivers
v0x64ab4b6839e0_0 .net *"_ivl_48", 0 0, L_0x64ab4b6d85a0;  1 drivers
v0x64ab4b683ac0_0 .net *"_ivl_50", 0 0, L_0x64ab4b6d8640;  1 drivers
v0x64ab4b683ba0_0 .net *"_ivl_52", 0 0, L_0x64ab4b6d8750;  1 drivers
v0x64ab4b683c80_0 .net *"_ivl_53", 0 0, L_0x64ab4b6d87f0;  1 drivers
v0x64ab4b683d60_0 .net *"_ivl_55", 0 0, L_0x64ab4b6d8860;  1 drivers
v0x64ab4b683e40_0 .net *"_ivl_58", 0 0, L_0x64ab4b6d89e0;  1 drivers
v0x64ab4b683f20_0 .net *"_ivl_60", 0 0, L_0x64ab4b6d8b00;  1 drivers
v0x64ab4b684000_0 .net *"_ivl_61", 0 0, L_0x64ab4b6d86e0;  1 drivers
v0x64ab4b6840e0_0 .net *"_ivl_64", 0 0, L_0x64ab4b6d8d00;  1 drivers
v0x64ab4b6841c0_0 .net *"_ivl_65", 0 0, L_0x64ab4b6d8a80;  1 drivers
v0x64ab4b6842a0_0 .net *"_ivl_67", 0 0, L_0x64ab4b6d8970;  1 drivers
v0x64ab4b684380_0 .net *"_ivl_7", 0 0, L_0x64ab4b6d74a0;  1 drivers
v0x64ab4b684460_0 .net *"_ivl_70", 0 0, L_0x64ab4b6d8ff0;  1 drivers
v0x64ab4b684540_0 .net *"_ivl_72", 0 0, L_0x64ab4b6d9090;  1 drivers
v0x64ab4b684620_0 .net *"_ivl_73", 0 0, L_0x64ab4b6d8da0;  1 drivers
v0x64ab4b684700_0 .net *"_ivl_76", 0 0, L_0x64ab4b6d9300;  1 drivers
v0x64ab4b6847e0_0 .net *"_ivl_77", 0 0, L_0x64ab4b6d8ed0;  1 drivers
v0x64ab4b684ad0_0 .net *"_ivl_80", 0 0, L_0x64ab4b6d9440;  1 drivers
v0x64ab4b684bb0_0 .net *"_ivl_81", 0 0, L_0x64ab4b6d9130;  1 drivers
v0x64ab4b684c90_0 .net *"_ivl_83", 0 0, L_0x64ab4b6d9270;  1 drivers
v0x64ab4b684d70_0 .net *"_ivl_86", 0 0, L_0x64ab4b6d9770;  1 drivers
v0x64ab4b684e50_0 .net *"_ivl_88", 0 0, L_0x64ab4b6d9920;  1 drivers
v0x64ab4b684f30_0 .net *"_ivl_90", 0 0, L_0x64ab4b6d94e0;  1 drivers
v0x64ab4b685010_0 .net *"_ivl_91", 0 0, L_0x64ab4b6d9a80;  1 drivers
v0x64ab4b6850f0_0 .net "a", 3 0, L_0x64ab4b6d9b90;  1 drivers
v0x64ab4b6851d0_0 .net "b", 3 0, L_0x64ab4b6d9eb0;  1 drivers
v0x64ab4b6852b0_0 .net "c", 3 0, L_0x64ab4b6d8400;  1 drivers
v0x64ab4b685390_0 .net "cin", 0 0, L_0x64ab4b6d9f50;  1 drivers
v0x64ab4b685450_0 .net "cout", 0 0, L_0x64ab4b6d95e0;  1 drivers
v0x64ab4b685510_0 .net "g", 3 0, L_0x64ab4b6d7320;  1 drivers
v0x64ab4b6855f0_0 .net "p", 3 0, L_0x64ab4b6d7390;  1 drivers
v0x64ab4b6856d0_0 .net "sum", 3 0, L_0x64ab4b6d9ce0;  1 drivers
L_0x64ab4b6d7510 .part L_0x64ab4b6d7320, 0, 1;
L_0x64ab4b6d7600 .part L_0x64ab4b6d7390, 0, 1;
L_0x64ab4b6d76f0 .part L_0x64ab4b6d8400, 0, 1;
L_0x64ab4b6d79b0 .part L_0x64ab4b6d7320, 1, 1;
L_0x64ab4b6d7a50 .part L_0x64ab4b6d7320, 0, 1;
L_0x64ab4b6d7af0 .part L_0x64ab4b6d7390, 1, 1;
L_0x64ab4b6d7d60 .part L_0x64ab4b6d7390, 1, 1;
L_0x64ab4b6d7e90 .part L_0x64ab4b6d7390, 0, 1;
L_0x64ab4b6d8090 .part L_0x64ab4b6d8400, 0, 1;
L_0x64ab4b6d8400 .concat8 [ 1 1 1 1], L_0x64ab4b6d74a0, L_0x64ab4b6d78a0, L_0x64ab4b6d8290, L_0x64ab4b6d9270;
L_0x64ab4b6d85a0 .part L_0x64ab4b6d7320, 2, 1;
L_0x64ab4b6d8640 .part L_0x64ab4b6d7390, 2, 1;
L_0x64ab4b6d8750 .part L_0x64ab4b6d7320, 1, 1;
L_0x64ab4b6d89e0 .part L_0x64ab4b6d7390, 2, 1;
L_0x64ab4b6d8b00 .part L_0x64ab4b6d7390, 1, 1;
L_0x64ab4b6d8d00 .part L_0x64ab4b6d7320, 0, 1;
L_0x64ab4b6d8ff0 .part L_0x64ab4b6d7390, 2, 1;
L_0x64ab4b6d9090 .part L_0x64ab4b6d7390, 1, 1;
L_0x64ab4b6d9300 .part L_0x64ab4b6d7390, 0, 1;
L_0x64ab4b6d9440 .part L_0x64ab4b6d8400, 0, 1;
L_0x64ab4b6d9770 .part L_0x64ab4b6d7320, 3, 1;
L_0x64ab4b6d9920 .part L_0x64ab4b6d7390, 3, 1;
L_0x64ab4b6d94e0 .part L_0x64ab4b6d8400, 3, 1;
S_0x64ab4b685850 .scope generate, "cla_block[7]" "cla_block[7]" 6 8, 6 8 0, S_0x64ab4b66eb70;
 .timescale 0 0;
P_0x64ab4b685a00 .param/l "i" 1 6 8, +C4<0111>;
S_0x64ab4b685ae0 .scope generate, "genblk1" "genblk1" 6 9, 6 9 0, S_0x64ab4b685850;
 .timescale 0 0;
S_0x64ab4b685cc0 .scope module, "cla_piece" "cla" 6 13, 6 110 0, S_0x64ab4b685ae0;
 .timescale 0 0;
    .port_info 0 /INPUT 4 "a";
    .port_info 1 /INPUT 4 "b";
    .port_info 2 /INPUT 1 "cin";
    .port_info 3 /OUTPUT 1 "cout";
    .port_info 4 /OUTPUT 4 "sum";
L_0x64ab4b6d9e10 .functor AND 4, L_0x64ab4b6dc8a0, L_0x64ab4b6dcb20, C4<1111>, C4<1111>;
L_0x64ab4b6da0a0 .functor XOR 4, L_0x64ab4b6dc8a0, L_0x64ab4b6dcb20, C4<0000>, C4<0000>;
L_0x64ab4b6da1b0 .functor BUFZ 1, L_0x64ab4b6d9ff0, C4<0>, C4<0>, C4<0>;
L_0x64ab4b6da4a0 .functor AND 1, L_0x64ab4b6da310, L_0x64ab4b6da400, C4<1>, C4<1>;
L_0x64ab4b6da5b0 .functor OR 1, L_0x64ab4b6da220, L_0x64ab4b6da4a0, C4<0>, C4<0>;
L_0x64ab4b6da8a0 .functor AND 1, L_0x64ab4b6da760, L_0x64ab4b6da800, C4<1>, C4<1>;
L_0x64ab4b6da960 .functor OR 1, L_0x64ab4b6da6c0, L_0x64ab4b6da8a0, C4<0>, C4<0>;
L_0x64ab4b6dac90 .functor AND 1, L_0x64ab4b6daa70, L_0x64ab4b6daba0, C4<1>, C4<1>;
L_0x64ab4b6dae90 .functor AND 1, L_0x64ab4b6dac90, L_0x64ab4b6dada0, C4<1>, C4<1>;
L_0x64ab4b6dafa0 .functor OR 1, L_0x64ab4b6da960, L_0x64ab4b6dae90, C4<0>, C4<0>;
L_0x64ab4b6db500 .functor AND 1, L_0x64ab4b6db350, L_0x64ab4b6db460, C4<1>, C4<1>;
L_0x64ab4b6db570 .functor OR 1, L_0x64ab4b6db2b0, L_0x64ab4b6db500, C4<0>, C4<0>;
L_0x64ab4b6db3f0 .functor AND 1, L_0x64ab4b6db6f0, L_0x64ab4b6db810, C4<1>, C4<1>;
L_0x64ab4b6db790 .functor AND 1, L_0x64ab4b6db3f0, L_0x64ab4b6dba10, C4<1>, C4<1>;
L_0x64ab4b6db680 .functor OR 1, L_0x64ab4b6db570, L_0x64ab4b6db790, C4<0>, C4<0>;
L_0x64ab4b6dbab0 .functor AND 1, L_0x64ab4b6dbd00, L_0x64ab4b6dbda0, C4<1>, C4<1>;
L_0x64ab4b6dbbe0 .functor AND 1, L_0x64ab4b6dbab0, L_0x64ab4b6dc010, C4<1>, C4<1>;
L_0x64ab4b6dbe40 .functor AND 1, L_0x64ab4b6dbbe0, L_0x64ab4b6dc150, C4<1>, C4<1>;
L_0x64ab4b6dbf80 .functor OR 1, L_0x64ab4b6db680, L_0x64ab4b6dbe40, C4<0>, C4<0>;
L_0x64ab4b6dc790 .functor AND 1, L_0x64ab4b6dc630, L_0x64ab4b6dc1f0, C4<1>, C4<1>;
L_0x64ab4b6dc2f0 .functor OR 1, L_0x64ab4b6dc480, L_0x64ab4b6dc790, C4<0>, C4<0>;
L_0x64ab4b6dc9f0 .functor XOR 4, L_0x64ab4b6da0a0, L_0x64ab4b6db110, C4<0000>, C4<0000>;
v0x64ab4b685f40_0 .net *"_ivl_11", 0 0, L_0x64ab4b6da220;  1 drivers
v0x64ab4b686040_0 .net *"_ivl_13", 0 0, L_0x64ab4b6da310;  1 drivers
v0x64ab4b686120_0 .net *"_ivl_15", 0 0, L_0x64ab4b6da400;  1 drivers
v0x64ab4b6861e0_0 .net *"_ivl_16", 0 0, L_0x64ab4b6da4a0;  1 drivers
v0x64ab4b6862c0_0 .net *"_ivl_18", 0 0, L_0x64ab4b6da5b0;  1 drivers
v0x64ab4b6863f0_0 .net *"_ivl_23", 0 0, L_0x64ab4b6da6c0;  1 drivers
v0x64ab4b6864d0_0 .net *"_ivl_25", 0 0, L_0x64ab4b6da760;  1 drivers
v0x64ab4b6865b0_0 .net *"_ivl_27", 0 0, L_0x64ab4b6da800;  1 drivers
v0x64ab4b686690_0 .net *"_ivl_28", 0 0, L_0x64ab4b6da8a0;  1 drivers
v0x64ab4b686770_0 .net *"_ivl_30", 0 0, L_0x64ab4b6da960;  1 drivers
v0x64ab4b686850_0 .net *"_ivl_33", 0 0, L_0x64ab4b6daa70;  1 drivers
v0x64ab4b686930_0 .net *"_ivl_35", 0 0, L_0x64ab4b6daba0;  1 drivers
v0x64ab4b686a10_0 .net *"_ivl_36", 0 0, L_0x64ab4b6dac90;  1 drivers
v0x64ab4b686af0_0 .net *"_ivl_39", 0 0, L_0x64ab4b6dada0;  1 drivers
v0x64ab4b686bd0_0 .net *"_ivl_40", 0 0, L_0x64ab4b6dae90;  1 drivers
v0x64ab4b686cb0_0 .net *"_ivl_42", 0 0, L_0x64ab4b6dafa0;  1 drivers
v0x64ab4b686d90_0 .net *"_ivl_48", 0 0, L_0x64ab4b6db2b0;  1 drivers
v0x64ab4b686e70_0 .net *"_ivl_50", 0 0, L_0x64ab4b6db350;  1 drivers
v0x64ab4b686f50_0 .net *"_ivl_52", 0 0, L_0x64ab4b6db460;  1 drivers
v0x64ab4b687030_0 .net *"_ivl_53", 0 0, L_0x64ab4b6db500;  1 drivers
v0x64ab4b687110_0 .net *"_ivl_55", 0 0, L_0x64ab4b6db570;  1 drivers
v0x64ab4b6871f0_0 .net *"_ivl_58", 0 0, L_0x64ab4b6db6f0;  1 drivers
v0x64ab4b6872d0_0 .net *"_ivl_60", 0 0, L_0x64ab4b6db810;  1 drivers
v0x64ab4b6873b0_0 .net *"_ivl_61", 0 0, L_0x64ab4b6db3f0;  1 drivers
v0x64ab4b687490_0 .net *"_ivl_64", 0 0, L_0x64ab4b6dba10;  1 drivers
v0x64ab4b687570_0 .net *"_ivl_65", 0 0, L_0x64ab4b6db790;  1 drivers
v0x64ab4b687650_0 .net *"_ivl_67", 0 0, L_0x64ab4b6db680;  1 drivers
v0x64ab4b687730_0 .net *"_ivl_7", 0 0, L_0x64ab4b6da1b0;  1 drivers
v0x64ab4b687810_0 .net *"_ivl_70", 0 0, L_0x64ab4b6dbd00;  1 drivers
v0x64ab4b6878f0_0 .net *"_ivl_72", 0 0, L_0x64ab4b6dbda0;  1 drivers
v0x64ab4b6879d0_0 .net *"_ivl_73", 0 0, L_0x64ab4b6dbab0;  1 drivers
v0x64ab4b687ab0_0 .net *"_ivl_76", 0 0, L_0x64ab4b6dc010;  1 drivers
v0x64ab4b687b90_0 .net *"_ivl_77", 0 0, L_0x64ab4b6dbbe0;  1 drivers
v0x64ab4b687e80_0 .net *"_ivl_80", 0 0, L_0x64ab4b6dc150;  1 drivers
v0x64ab4b687f60_0 .net *"_ivl_81", 0 0, L_0x64ab4b6dbe40;  1 drivers
v0x64ab4b688040_0 .net *"_ivl_83", 0 0, L_0x64ab4b6dbf80;  1 drivers
v0x64ab4b688120_0 .net *"_ivl_86", 0 0, L_0x64ab4b6dc480;  1 drivers
v0x64ab4b688200_0 .net *"_ivl_88", 0 0, L_0x64ab4b6dc630;  1 drivers
v0x64ab4b6882e0_0 .net *"_ivl_90", 0 0, L_0x64ab4b6dc1f0;  1 drivers
v0x64ab4b6883c0_0 .net *"_ivl_91", 0 0, L_0x64ab4b6dc790;  1 drivers
v0x64ab4b6884a0_0 .net "a", 3 0, L_0x64ab4b6dc8a0;  1 drivers
v0x64ab4b688580_0 .net "b", 3 0, L_0x64ab4b6dcb20;  1 drivers
v0x64ab4b688660_0 .net "c", 3 0, L_0x64ab4b6db110;  1 drivers
v0x64ab4b688740_0 .net "cin", 0 0, L_0x64ab4b6d9ff0;  1 drivers
v0x64ab4b688800_0 .net "cout", 0 0, L_0x64ab4b6dc2f0;  1 drivers
v0x64ab4b6888c0_0 .net "g", 3 0, L_0x64ab4b6d9e10;  1 drivers
v0x64ab4b6889a0_0 .net "p", 3 0, L_0x64ab4b6da0a0;  1 drivers
v0x64ab4b688a80_0 .net "sum", 3 0, L_0x64ab4b6dc9f0;  1 drivers
L_0x64ab4b6da220 .part L_0x64ab4b6d9e10, 0, 1;
L_0x64ab4b6da310 .part L_0x64ab4b6da0a0, 0, 1;
L_0x64ab4b6da400 .part L_0x64ab4b6db110, 0, 1;
L_0x64ab4b6da6c0 .part L_0x64ab4b6d9e10, 1, 1;
L_0x64ab4b6da760 .part L_0x64ab4b6d9e10, 0, 1;
L_0x64ab4b6da800 .part L_0x64ab4b6da0a0, 1, 1;
L_0x64ab4b6daa70 .part L_0x64ab4b6da0a0, 1, 1;
L_0x64ab4b6daba0 .part L_0x64ab4b6da0a0, 0, 1;
L_0x64ab4b6dada0 .part L_0x64ab4b6db110, 0, 1;
L_0x64ab4b6db110 .concat8 [ 1 1 1 1], L_0x64ab4b6da1b0, L_0x64ab4b6da5b0, L_0x64ab4b6dafa0, L_0x64ab4b6dbf80;
L_0x64ab4b6db2b0 .part L_0x64ab4b6d9e10, 2, 1;
L_0x64ab4b6db350 .part L_0x64ab4b6da0a0, 2, 1;
L_0x64ab4b6db460 .part L_0x64ab4b6d9e10, 1, 1;
L_0x64ab4b6db6f0 .part L_0x64ab4b6da0a0, 2, 1;
L_0x64ab4b6db810 .part L_0x64ab4b6da0a0, 1, 1;
L_0x64ab4b6dba10 .part L_0x64ab4b6d9e10, 0, 1;
L_0x64ab4b6dbd00 .part L_0x64ab4b6da0a0, 2, 1;
L_0x64ab4b6dbda0 .part L_0x64ab4b6da0a0, 1, 1;
L_0x64ab4b6dc010 .part L_0x64ab4b6da0a0, 0, 1;
L_0x64ab4b6dc150 .part L_0x64ab4b6db110, 0, 1;
L_0x64ab4b6dc480 .part L_0x64ab4b6d9e10, 3, 1;
L_0x64ab4b6dc630 .part L_0x64ab4b6da0a0, 3, 1;
L_0x64ab4b6dc1f0 .part L_0x64ab4b6db110, 3, 1;
S_0x64ab4b689000 .scope module, "ander" "and_gate" 5 13, 6 52 0, S_0x64ab4b66e840;
 .timescale 0 0;
    .port_info 0 /INPUT 32 "a";
    .port_info 1 /INPUT 32 "b";
    .port_info 2 /OUTPUT 32 "result";
L_0x64ab4b6f4bb0 .functor AND 32, v0x64ab4b6b23e0_0, v0x64ab4b6b2580_0, C4<11111111111111111111111111111111>, C4<11111111111111111111111111111111>;
v0x64ab4b6891e0_0 .net "a", 31 0, v0x64ab4b6b23e0_0;  alias, 1 drivers
v0x64ab4b6892c0_0 .net "b", 31 0, v0x64ab4b6b2580_0;  alias, 1 drivers
v0x64ab4b689390_0 .net "result", 31 0, L_0x64ab4b6f4bb0;  alias, 1 drivers
S_0x64ab4b6894e0 .scope module, "orer" "or_gate" 5 12, 6 45 0, S_0x64ab4b66e840;
 .timescale 0 0;
    .port_info 0 /INPUT 32 "a";
    .port_info 1 /INPUT 32 "b";
    .port_info 2 /OUTPUT 32 "result";
L_0x64ab4b6f4af0 .functor OR 32, v0x64ab4b6b23e0_0, v0x64ab4b6b2580_0, C4<00000000000000000000000000000000>, C4<00000000000000000000000000000000>;
v0x64ab4b689740_0 .net "a", 31 0, v0x64ab4b6b23e0_0;  alias, 1 drivers
v0x64ab4b689850_0 .net "b", 31 0, v0x64ab4b6b2580_0;  alias, 1 drivers
v0x64ab4b689960_0 .net "result", 31 0, L_0x64ab4b6f4af0;  alias, 1 drivers
S_0x64ab4b689aa0 .scope module, "sller" "sll" 5 14, 6 59 0, S_0x64ab4b66e840;
 .timescale 0 0;
    .port_info 0 /INPUT 32 "data";
    .port_info 1 /INPUT 5 "shamt";
    .port_info 2 /OUTPUT 32 "result";
v0x64ab4b689cd0_0 .net "data", 31 0, v0x64ab4b6b23e0_0;  alias, 1 drivers
v0x64ab4b689db0_0 .net "result", 31 0, L_0x64ab4b6f4c70;  alias, 1 drivers
v0x64ab4b689e90_0 .net "shamt", 4 0, L_0x64ab4b6f4d60;  1 drivers
L_0x64ab4b6f4c70 .shift/l 32, v0x64ab4b6b23e0_0, L_0x64ab4b6f4d60;
S_0x64ab4b689fd0 .scope module, "slter" "slt" 5 17, 6 83 0, S_0x64ab4b66e840;
 .timescale 0 0;
    .port_info 0 /INPUT 32 "a";
    .port_info 1 /INPUT 32 "b";
    .port_info 2 /OUTPUT 32 "result";
v0x64ab4b68a250_0 .net *"_ivl_0", 0 0, L_0x64ab4b6f5620;  1 drivers
L_0x7b19b7a602a0 .functor BUFT 1, C4<00000000000000000000000000000001>, C4<0>, C4<0>, C4<0>;
v0x64ab4b68a330_0 .net/2u *"_ivl_2", 31 0, L_0x7b19b7a602a0;  1 drivers
L_0x7b19b7a602e8 .functor BUFT 1, C4<00000000000000000000000000000000>, C4<0>, C4<0>, C4<0>;
v0x64ab4b68a410_0 .net/2u *"_ivl_4", 31 0, L_0x7b19b7a602e8;  1 drivers
v0x64ab4b68a4d0_0 .net "a", 31 0, v0x64ab4b6b23e0_0;  alias, 1 drivers
v0x64ab4b68a590_0 .net "b", 31 0, v0x64ab4b6b2580_0;  alias, 1 drivers
v0x64ab4b68a650_0 .net "result", 31 0, L_0x64ab4b6f56c0;  alias, 1 drivers
L_0x64ab4b6f5620 .cmp/gt.s 32, v0x64ab4b6b2580_0, v0x64ab4b6b23e0_0;
L_0x64ab4b6f56c0 .functor MUXZ 32, L_0x7b19b7a602e8, L_0x7b19b7a602a0, L_0x64ab4b6f5620, C4<>;
S_0x64ab4b68a7b0 .scope module, "sltuer" "sltu" 5 18, 6 90 0, S_0x64ab4b66e840;
 .timescale 0 0;
    .port_info 0 /INPUT 32 "a";
    .port_info 1 /INPUT 32 "b";
    .port_info 2 /OUTPUT 32 "result";
v0x64ab4b68a9e0_0 .net *"_ivl_0", 0 0, L_0x64ab4b6f58a0;  1 drivers
L_0x7b19b7a60330 .functor BUFT 1, C4<00000000000000000000000000000001>, C4<0>, C4<0>, C4<0>;
v0x64ab4b68aac0_0 .net/2u *"_ivl_2", 31 0, L_0x7b19b7a60330;  1 drivers
L_0x7b19b7a60378 .functor BUFT 1, C4<00000000000000000000000000000000>, C4<0>, C4<0>, C4<0>;
v0x64ab4b68aba0_0 .net/2u *"_ivl_4", 31 0, L_0x7b19b7a60378;  1 drivers
v0x64ab4b68ac60_0 .net "a", 31 0, v0x64ab4b6b23e0_0;  alias, 1 drivers
v0x64ab4b68ad20_0 .net "b", 31 0, v0x64ab4b6b2580_0;  alias, 1 drivers
v0x64ab4b68aec0_0 .net "result", 31 0, L_0x64ab4b6f5d50;  alias, 1 drivers
L_0x64ab4b6f58a0 .cmp/gt 32, v0x64ab4b6b2580_0, v0x64ab4b6b23e0_0;
L_0x64ab4b6f5d50 .functor MUXZ 32, L_0x7b19b7a60378, L_0x7b19b7a60330, L_0x64ab4b6f58a0, C4<>;
S_0x64ab4b68b020 .scope module, "sraer" "sra" 5 16, 6 75 0, S_0x64ab4b66e840;
 .timescale 0 0;
    .port_info 0 /INPUT 32 "data";
    .port_info 1 /INPUT 5 "shamt";
    .port_info 2 /OUTPUT 32 "result";
v0x64ab4b68b200_0 .net/s "data", 31 0, v0x64ab4b6b23e0_0;  alias, 1 drivers
v0x64ab4b68b2e0_0 .net/s "result", 31 0, L_0x64ab4b6f5440;  alias, 1 drivers
v0x64ab4b68b3c0_0 .net "shamt", 4 0, L_0x64ab4b6f5530;  1 drivers
L_0x64ab4b6f5440 .shift/rs 32, v0x64ab4b6b23e0_0, L_0x64ab4b6f5530;
S_0x64ab4b68b500 .scope module, "srler" "srl" 5 15, 6 67 0, S_0x64ab4b66e840;
 .timescale 0 0;
    .port_info 0 /INPUT 32 "data";
    .port_info 1 /INPUT 5 "shamt";
    .port_info 2 /OUTPUT 32 "result";
v0x64ab4b68b730_0 .net "data", 31 0, v0x64ab4b6b23e0_0;  alias, 1 drivers
v0x64ab4b68b810_0 .net "result", 31 0, L_0x64ab4b6f4e50;  alias, 1 drivers
v0x64ab4b68b8f0_0 .net "shamt", 4 0, L_0x64ab4b6f5350;  1 drivers
L_0x64ab4b6f4e50 .shift/r 32, v0x64ab4b6b23e0_0, L_0x64ab4b6f5350;
S_0x64ab4b68ba60 .scope module, "subber" "sub" 5 10, 6 19 0, S_0x64ab4b66e840;
 .timescale 0 0;
    .port_info 0 /INPUT 32 "a";
    .port_info 1 /INPUT 32 "b";
    .port_info 2 /OUTPUT 32 "difference";
v0x64ab4b6a6530_0 .net "a", 31 0, v0x64ab4b6b23e0_0;  alias, 1 drivers
v0x64ab4b6a6610_0 .net "b", 31 0, v0x64ab4b6b2580_0;  alias, 1 drivers
v0x64ab4b6a66d0_0 .net "c_outs", 7 0, L_0x64ab4b6f41c0;  1 drivers
v0x64ab4b6a6790_0 .net "difference", 31 0, L_0x64ab4b6f3fc0;  alias, 1 drivers
L_0x64ab4b6dfe10 .part v0x64ab4b6b23e0_0, 0, 4;
L_0x64ab4b6e0090 .part v0x64ab4b6b2580_0, 0, 4;
L_0x64ab4b6e2b30 .part v0x64ab4b6b23e0_0, 4, 4;
L_0x64ab4b6e2db0 .part v0x64ab4b6b2580_0, 4, 4;
L_0x64ab4b6e2f10 .part L_0x64ab4b6f41c0, 0, 1;
L_0x64ab4b6e5870 .part v0x64ab4b6b23e0_0, 8, 4;
L_0x64ab4b6e5af0 .part v0x64ab4b6b2580_0, 8, 4;
L_0x64ab4b6e5c50 .part L_0x64ab4b6f41c0, 1, 1;
L_0x64ab4b6e8690 .part v0x64ab4b6b23e0_0, 12, 4;
L_0x64ab4b6e8910 .part v0x64ab4b6b2580_0, 12, 4;
L_0x64ab4b6e8a80 .part L_0x64ab4b6f41c0, 2, 1;
L_0x64ab4b6eb3e0 .part v0x64ab4b6b23e0_0, 16, 4;
L_0x64ab4b6eb6d0 .part v0x64ab4b6b2580_0, 16, 4;
L_0x64ab4b6eb7e0 .part L_0x64ab4b6f41c0, 3, 1;
L_0x64ab4b6ee190 .part v0x64ab4b6b23e0_0, 20, 4;
L_0x64ab4b6ee410 .part v0x64ab4b6b2580_0, 20, 4;
L_0x64ab4b6ee590 .part L_0x64ab4b6f41c0, 4, 1;
L_0x64ab4b6f0ef0 .part v0x64ab4b6b23e0_0, 24, 4;
L_0x64ab4b6f1210 .part v0x64ab4b6b2580_0, 24, 4;
L_0x64ab4b6f1300 .part L_0x64ab4b6f41c0, 5, 1;
L_0x64ab4b6f3ca0 .part v0x64ab4b6b23e0_0, 28, 4;
L_0x64ab4b6f3f20 .part v0x64ab4b6b2580_0, 28, 4;
L_0x64ab4b6f40d0 .part L_0x64ab4b6f41c0, 6, 1;
LS_0x64ab4b6f41c0_0_0 .concat8 [ 1 1 1 1], L_0x64ab4b6df860, L_0x64ab4b6e2580, L_0x64ab4b6e52c0, L_0x64ab4b6e80e0;
LS_0x64ab4b6f41c0_0_4 .concat8 [ 1 1 1 1], L_0x64ab4b6eae30, L_0x64ab4b6edbe0, L_0x64ab4b6f0940, L_0x64ab4b6f36f0;
L_0x64ab4b6f41c0 .concat8 [ 4 4 0 0], LS_0x64ab4b6f41c0_0_0, LS_0x64ab4b6f41c0_0_4;
LS_0x64ab4b6f3fc0_0_0 .concat8 [ 4 4 4 4], L_0x64ab4b6dff60, L_0x64ab4b6e2c80, L_0x64ab4b6e59c0, L_0x64ab4b6e87e0;
LS_0x64ab4b6f3fc0_0_4 .concat8 [ 4 4 4 4], L_0x64ab4b6eb530, L_0x64ab4b6ee2e0, L_0x64ab4b6f1040, L_0x64ab4b6f3df0;
L_0x64ab4b6f3fc0 .concat8 [ 16 16 0 0], LS_0x64ab4b6f3fc0_0_0, LS_0x64ab4b6f3fc0_0_4;
S_0x64ab4b68bcd0 .scope generate, "cla_block[0]" "cla_block[0]" 6 26, 6 26 0, S_0x64ab4b68ba60;
 .timescale 0 0;
P_0x64ab4b68bef0 .param/l "i" 1 6 26, +C4<00>;
S_0x64ab4b68bfd0 .scope generate, "genblk1" "genblk1" 6 27, 6 27 0, S_0x64ab4b68bcd0;
 .timescale 0 0;
L_0x64ab4b6e0130 .functor NOT 4, L_0x64ab4b6e0090, C4<0000>, C4<0000>, C4<0000>;
v0x64ab4b68f1e0_0 .net *"_ivl_1", 3 0, L_0x64ab4b6e0090;  1 drivers
S_0x64ab4b68c1b0 .scope module, "cla_piece" "cla" 6 28, 6 110 0, S_0x64ab4b68bfd0;
 .timescale 0 0;
    .port_info 0 /INPUT 4 "a";
    .port_info 1 /INPUT 4 "b";
    .port_info 2 /INPUT 1 "cin";
    .port_info 3 /OUTPUT 1 "cout";
    .port_info 4 /OUTPUT 4 "sum";
L_0x64ab4b6dd5f0 .functor AND 4, L_0x64ab4b6dfe10, L_0x64ab4b6e0130, C4<1111>, C4<1111>;
L_0x64ab4b6dd660 .functor XOR 4, L_0x64ab4b6dfe10, L_0x64ab4b6e0130, C4<0000>, C4<0000>;
L_0x7b19b7a60258 .functor BUFT 1, C4<1>, C4<0>, C4<0>, C4<0>;
L_0x64ab4b6dd770 .functor BUFZ 1, L_0x7b19b7a60258, C4<0>, C4<0>, C4<0>;
L_0x64ab4b6dda60 .functor AND 1, L_0x64ab4b6dd8d0, L_0x64ab4b6dd9c0, C4<1>, C4<1>;
L_0x64ab4b6ddb70 .functor OR 1, L_0x64ab4b6dd7e0, L_0x64ab4b6dda60, C4<0>, C4<0>;
L_0x64ab4b6dde60 .functor AND 1, L_0x64ab4b6ddd20, L_0x64ab4b6dddc0, C4<1>, C4<1>;
L_0x64ab4b6ddf60 .functor OR 1, L_0x64ab4b6ddc80, L_0x64ab4b6dde60, C4<0>, C4<0>;
L_0x64ab4b6de200 .functor AND 1, L_0x64ab4b6de070, L_0x64ab4b6de110, C4<1>, C4<1>;
L_0x64ab4b6de400 .functor AND 1, L_0x64ab4b6de200, L_0x64ab4b6de310, C4<1>, C4<1>;
L_0x64ab4b6de510 .functor OR 1, L_0x64ab4b6ddf60, L_0x64ab4b6de400, C4<0>, C4<0>;
L_0x64ab4b6dea70 .functor AND 1, L_0x64ab4b6de8c0, L_0x64ab4b6de9d0, C4<1>, C4<1>;
L_0x64ab4b6deae0 .functor OR 1, L_0x64ab4b6de820, L_0x64ab4b6dea70, C4<0>, C4<0>;
L_0x64ab4b6de960 .functor AND 1, L_0x64ab4b6dec60, L_0x64ab4b6ded80, C4<1>, C4<1>;
L_0x64ab4b6ded00 .functor AND 1, L_0x64ab4b6de960, L_0x64ab4b6def80, C4<1>, C4<1>;
L_0x64ab4b6debf0 .functor OR 1, L_0x64ab4b6deae0, L_0x64ab4b6ded00, C4<0>, C4<0>;
L_0x64ab4b6df020 .functor AND 1, L_0x64ab4b6df270, L_0x64ab4b6df310, C4<1>, C4<1>;
L_0x64ab4b6df150 .functor AND 1, L_0x64ab4b6df020, L_0x64ab4b6df580, C4<1>, C4<1>;
L_0x64ab4b6df3b0 .functor AND 1, L_0x64ab4b6df150, L_0x64ab4b6df6c0, C4<1>, C4<1>;
L_0x64ab4b6df4f0 .functor OR 1, L_0x64ab4b6debf0, L_0x64ab4b6df3b0, C4<0>, C4<0>;
L_0x64ab4b6dfd00 .functor AND 1, L_0x64ab4b6dfba0, L_0x64ab4b6df760, C4<1>, C4<1>;
L_0x64ab4b6df860 .functor OR 1, L_0x64ab4b6df9f0, L_0x64ab4b6dfd00, C4<0>, C4<0>;
L_0x64ab4b6dff60 .functor XOR 4, L_0x64ab4b6dd660, L_0x64ab4b6de680, C4<0000>, C4<0000>;
v0x64ab4b68c460_0 .net *"_ivl_11", 0 0, L_0x64ab4b6dd7e0;  1 drivers
v0x64ab4b68c560_0 .net *"_ivl_13", 0 0, L_0x64ab4b6dd8d0;  1 drivers
v0x64ab4b68c640_0 .net *"_ivl_15", 0 0, L_0x64ab4b6dd9c0;  1 drivers
v0x64ab4b68c730_0 .net *"_ivl_16", 0 0, L_0x64ab4b6dda60;  1 drivers
v0x64ab4b68c810_0 .net *"_ivl_18", 0 0, L_0x64ab4b6ddb70;  1 drivers
v0x64ab4b68c940_0 .net *"_ivl_23", 0 0, L_0x64ab4b6ddc80;  1 drivers
v0x64ab4b68ca20_0 .net *"_ivl_25", 0 0, L_0x64ab4b6ddd20;  1 drivers
v0x64ab4b68cb00_0 .net *"_ivl_27", 0 0, L_0x64ab4b6dddc0;  1 drivers
v0x64ab4b68cbe0_0 .net *"_ivl_28", 0 0, L_0x64ab4b6dde60;  1 drivers
v0x64ab4b68cd50_0 .net *"_ivl_30", 0 0, L_0x64ab4b6ddf60;  1 drivers
v0x64ab4b68ce30_0 .net *"_ivl_33", 0 0, L_0x64ab4b6de070;  1 drivers
v0x64ab4b68cf10_0 .net *"_ivl_35", 0 0, L_0x64ab4b6de110;  1 drivers
v0x64ab4b68cff0_0 .net *"_ivl_36", 0 0, L_0x64ab4b6de200;  1 drivers
v0x64ab4b68d0d0_0 .net *"_ivl_39", 0 0, L_0x64ab4b6de310;  1 drivers
v0x64ab4b68d1b0_0 .net *"_ivl_40", 0 0, L_0x64ab4b6de400;  1 drivers
v0x64ab4b68d290_0 .net *"_ivl_42", 0 0, L_0x64ab4b6de510;  1 drivers
v0x64ab4b68d370_0 .net *"_ivl_48", 0 0, L_0x64ab4b6de820;  1 drivers
v0x64ab4b68d450_0 .net *"_ivl_50", 0 0, L_0x64ab4b6de8c0;  1 drivers
v0x64ab4b68d530_0 .net *"_ivl_52", 0 0, L_0x64ab4b6de9d0;  1 drivers
v0x64ab4b68d610_0 .net *"_ivl_53", 0 0, L_0x64ab4b6dea70;  1 drivers
v0x64ab4b68d6f0_0 .net *"_ivl_55", 0 0, L_0x64ab4b6deae0;  1 drivers
v0x64ab4b68d7d0_0 .net *"_ivl_58", 0 0, L_0x64ab4b6dec60;  1 drivers
v0x64ab4b68d8b0_0 .net *"_ivl_60", 0 0, L_0x64ab4b6ded80;  1 drivers
v0x64ab4b68d990_0 .net *"_ivl_61", 0 0, L_0x64ab4b6de960;  1 drivers
v0x64ab4b68da70_0 .net *"_ivl_64", 0 0, L_0x64ab4b6def80;  1 drivers
v0x64ab4b68db50_0 .net *"_ivl_65", 0 0, L_0x64ab4b6ded00;  1 drivers
v0x64ab4b68dc30_0 .net *"_ivl_67", 0 0, L_0x64ab4b6debf0;  1 drivers
v0x64ab4b68dd10_0 .net *"_ivl_7", 0 0, L_0x64ab4b6dd770;  1 drivers
v0x64ab4b68ddf0_0 .net *"_ivl_70", 0 0, L_0x64ab4b6df270;  1 drivers
v0x64ab4b68ded0_0 .net *"_ivl_72", 0 0, L_0x64ab4b6df310;  1 drivers
v0x64ab4b68dfb0_0 .net *"_ivl_73", 0 0, L_0x64ab4b6df020;  1 drivers
v0x64ab4b68e090_0 .net *"_ivl_76", 0 0, L_0x64ab4b6df580;  1 drivers
v0x64ab4b68e170_0 .net *"_ivl_77", 0 0, L_0x64ab4b6df150;  1 drivers
v0x64ab4b68e460_0 .net *"_ivl_80", 0 0, L_0x64ab4b6df6c0;  1 drivers
v0x64ab4b68e540_0 .net *"_ivl_81", 0 0, L_0x64ab4b6df3b0;  1 drivers
v0x64ab4b68e620_0 .net *"_ivl_83", 0 0, L_0x64ab4b6df4f0;  1 drivers
v0x64ab4b68e700_0 .net *"_ivl_86", 0 0, L_0x64ab4b6df9f0;  1 drivers
v0x64ab4b68e7e0_0 .net *"_ivl_88", 0 0, L_0x64ab4b6dfba0;  1 drivers
v0x64ab4b68e8c0_0 .net *"_ivl_90", 0 0, L_0x64ab4b6df760;  1 drivers
v0x64ab4b68e9a0_0 .net *"_ivl_91", 0 0, L_0x64ab4b6dfd00;  1 drivers
v0x64ab4b68ea80_0 .net "a", 3 0, L_0x64ab4b6dfe10;  1 drivers
v0x64ab4b68eb60_0 .net "b", 3 0, L_0x64ab4b6e0130;  1 drivers
v0x64ab4b68ec40_0 .net "c", 3 0, L_0x64ab4b6de680;  1 drivers
v0x64ab4b68ed20_0 .net "cin", 0 0, L_0x7b19b7a60258;  1 drivers
v0x64ab4b68ede0_0 .net "cout", 0 0, L_0x64ab4b6df860;  1 drivers
v0x64ab4b68eea0_0 .net "g", 3 0, L_0x64ab4b6dd5f0;  1 drivers
v0x64ab4b68ef80_0 .net "p", 3 0, L_0x64ab4b6dd660;  1 drivers
v0x64ab4b68f060_0 .net "sum", 3 0, L_0x64ab4b6dff60;  1 drivers
L_0x64ab4b6dd7e0 .part L_0x64ab4b6dd5f0, 0, 1;
L_0x64ab4b6dd8d0 .part L_0x64ab4b6dd660, 0, 1;
L_0x64ab4b6dd9c0 .part L_0x64ab4b6de680, 0, 1;
L_0x64ab4b6ddc80 .part L_0x64ab4b6dd5f0, 1, 1;
L_0x64ab4b6ddd20 .part L_0x64ab4b6dd5f0, 0, 1;
L_0x64ab4b6dddc0 .part L_0x64ab4b6dd660, 1, 1;
L_0x64ab4b6de070 .part L_0x64ab4b6dd660, 1, 1;
L_0x64ab4b6de110 .part L_0x64ab4b6dd660, 0, 1;
L_0x64ab4b6de310 .part L_0x64ab4b6de680, 0, 1;
L_0x64ab4b6de680 .concat8 [ 1 1 1 1], L_0x64ab4b6dd770, L_0x64ab4b6ddb70, L_0x64ab4b6de510, L_0x64ab4b6df4f0;
L_0x64ab4b6de820 .part L_0x64ab4b6dd5f0, 2, 1;
L_0x64ab4b6de8c0 .part L_0x64ab4b6dd660, 2, 1;
L_0x64ab4b6de9d0 .part L_0x64ab4b6dd5f0, 1, 1;
L_0x64ab4b6dec60 .part L_0x64ab4b6dd660, 2, 1;
L_0x64ab4b6ded80 .part L_0x64ab4b6dd660, 1, 1;
L_0x64ab4b6def80 .part L_0x64ab4b6dd5f0, 0, 1;
L_0x64ab4b6df270 .part L_0x64ab4b6dd660, 2, 1;
L_0x64ab4b6df310 .part L_0x64ab4b6dd660, 1, 1;
L_0x64ab4b6df580 .part L_0x64ab4b6dd660, 0, 1;
L_0x64ab4b6df6c0 .part L_0x64ab4b6de680, 0, 1;
L_0x64ab4b6df9f0 .part L_0x64ab4b6dd5f0, 3, 1;
L_0x64ab4b6dfba0 .part L_0x64ab4b6dd660, 3, 1;
L_0x64ab4b6df760 .part L_0x64ab4b6de680, 3, 1;
S_0x64ab4b68f2e0 .scope generate, "cla_block[1]" "cla_block[1]" 6 26, 6 26 0, S_0x64ab4b68ba60;
 .timescale 0 0;
P_0x64ab4b68f4b0 .param/l "i" 1 6 26, +C4<01>;
S_0x64ab4b68f570 .scope generate, "genblk1" "genblk1" 6 27, 6 27 0, S_0x64ab4b68f2e0;
 .timescale 0 0;
L_0x64ab4b6e2e50 .functor NOT 4, L_0x64ab4b6e2db0, C4<0000>, C4<0000>, C4<0000>;
v0x64ab4b6926c0_0 .net *"_ivl_1", 3 0, L_0x64ab4b6e2db0;  1 drivers
S_0x64ab4b68f750 .scope module, "cla_piece" "cla" 6 31, 6 110 0, S_0x64ab4b68f570;
 .timescale 0 0;
    .port_info 0 /INPUT 4 "a";
    .port_info 1 /INPUT 4 "b";
    .port_info 2 /INPUT 1 "cin";
    .port_info 3 /OUTPUT 1 "cout";
    .port_info 4 /OUTPUT 4 "sum";
L_0x64ab4b6e0240 .functor AND 4, L_0x64ab4b6e2b30, L_0x64ab4b6e2e50, C4<1111>, C4<1111>;
L_0x64ab4b6e02b0 .functor XOR 4, L_0x64ab4b6e2b30, L_0x64ab4b6e2e50, C4<0000>, C4<0000>;
L_0x64ab4b6e0370 .functor BUFZ 1, L_0x64ab4b6e2f10, C4<0>, C4<0>, C4<0>;
L_0x64ab4b6e0660 .functor AND 1, L_0x64ab4b6e04d0, L_0x64ab4b6e05c0, C4<1>, C4<1>;
L_0x64ab4b6e0770 .functor OR 1, L_0x64ab4b6e03e0, L_0x64ab4b6e0660, C4<0>, C4<0>;
L_0x64ab4b6e0af0 .functor AND 1, L_0x64ab4b6e0920, L_0x64ab4b6e0a50, C4<1>, C4<1>;
L_0x64ab4b6e0bf0 .functor OR 1, L_0x64ab4b6e0880, L_0x64ab4b6e0af0, C4<0>, C4<0>;
L_0x64ab4b6e0f20 .functor AND 1, L_0x64ab4b6e0d00, L_0x64ab4b6e0e30, C4<1>, C4<1>;
L_0x64ab4b6e1120 .functor AND 1, L_0x64ab4b6e0f20, L_0x64ab4b6e1030, C4<1>, C4<1>;
L_0x64ab4b6e1230 .functor OR 1, L_0x64ab4b6e0bf0, L_0x64ab4b6e1120, C4<0>, C4<0>;
L_0x64ab4b6e1790 .functor AND 1, L_0x64ab4b6e15e0, L_0x64ab4b6e16f0, C4<1>, C4<1>;
L_0x64ab4b6e1800 .functor OR 1, L_0x64ab4b6e1540, L_0x64ab4b6e1790, C4<0>, C4<0>;
L_0x64ab4b6e1680 .functor AND 1, L_0x64ab4b6e1980, L_0x64ab4b6e1aa0, C4<1>, C4<1>;
L_0x64ab4b6e1a20 .functor AND 1, L_0x64ab4b6e1680, L_0x64ab4b6e1ca0, C4<1>, C4<1>;
L_0x64ab4b6e1910 .functor OR 1, L_0x64ab4b6e1800, L_0x64ab4b6e1a20, C4<0>, C4<0>;
L_0x64ab4b6e1d40 .functor AND 1, L_0x64ab4b6e1f90, L_0x64ab4b6e2030, C4<1>, C4<1>;
L_0x64ab4b6e1e70 .functor AND 1, L_0x64ab4b6e1d40, L_0x64ab4b6e22a0, C4<1>, C4<1>;
L_0x64ab4b6e20d0 .functor AND 1, L_0x64ab4b6e1e70, L_0x64ab4b6e23e0, C4<1>, C4<1>;
L_0x64ab4b6e2210 .functor OR 1, L_0x64ab4b6e1910, L_0x64ab4b6e20d0, C4<0>, C4<0>;
L_0x64ab4b6e2a20 .functor AND 1, L_0x64ab4b6e28c0, L_0x64ab4b6e2480, C4<1>, C4<1>;
L_0x64ab4b6e2580 .functor OR 1, L_0x64ab4b6e2710, L_0x64ab4b6e2a20, C4<0>, C4<0>;
L_0x64ab4b6e2c80 .functor XOR 4, L_0x64ab4b6e02b0, L_0x64ab4b6e13a0, C4<0000>, C4<0000>;
v0x64ab4b68f9d0_0 .net *"_ivl_11", 0 0, L_0x64ab4b6e03e0;  1 drivers
v0x64ab4b68fad0_0 .net *"_ivl_13", 0 0, L_0x64ab4b6e04d0;  1 drivers
v0x64ab4b68fbb0_0 .net *"_ivl_15", 0 0, L_0x64ab4b6e05c0;  1 drivers
v0x64ab4b68fca0_0 .net *"_ivl_16", 0 0, L_0x64ab4b6e0660;  1 drivers
v0x64ab4b68fd80_0 .net *"_ivl_18", 0 0, L_0x64ab4b6e0770;  1 drivers
v0x64ab4b68feb0_0 .net *"_ivl_23", 0 0, L_0x64ab4b6e0880;  1 drivers
v0x64ab4b68ff90_0 .net *"_ivl_25", 0 0, L_0x64ab4b6e0920;  1 drivers
v0x64ab4b690070_0 .net *"_ivl_27", 0 0, L_0x64ab4b6e0a50;  1 drivers
v0x64ab4b690150_0 .net *"_ivl_28", 0 0, L_0x64ab4b6e0af0;  1 drivers
v0x64ab4b690230_0 .net *"_ivl_30", 0 0, L_0x64ab4b6e0bf0;  1 drivers
v0x64ab4b690310_0 .net *"_ivl_33", 0 0, L_0x64ab4b6e0d00;  1 drivers
v0x64ab4b6903f0_0 .net *"_ivl_35", 0 0, L_0x64ab4b6e0e30;  1 drivers
v0x64ab4b6904d0_0 .net *"_ivl_36", 0 0, L_0x64ab4b6e0f20;  1 drivers
v0x64ab4b6905b0_0 .net *"_ivl_39", 0 0, L_0x64ab4b6e1030;  1 drivers
v0x64ab4b690690_0 .net *"_ivl_40", 0 0, L_0x64ab4b6e1120;  1 drivers
v0x64ab4b690770_0 .net *"_ivl_42", 0 0, L_0x64ab4b6e1230;  1 drivers
v0x64ab4b690850_0 .net *"_ivl_48", 0 0, L_0x64ab4b6e1540;  1 drivers
v0x64ab4b690930_0 .net *"_ivl_50", 0 0, L_0x64ab4b6e15e0;  1 drivers
v0x64ab4b690a10_0 .net *"_ivl_52", 0 0, L_0x64ab4b6e16f0;  1 drivers
v0x64ab4b690af0_0 .net *"_ivl_53", 0 0, L_0x64ab4b6e1790;  1 drivers
v0x64ab4b690bd0_0 .net *"_ivl_55", 0 0, L_0x64ab4b6e1800;  1 drivers
v0x64ab4b690cb0_0 .net *"_ivl_58", 0 0, L_0x64ab4b6e1980;  1 drivers
v0x64ab4b690d90_0 .net *"_ivl_60", 0 0, L_0x64ab4b6e1aa0;  1 drivers
v0x64ab4b690e70_0 .net *"_ivl_61", 0 0, L_0x64ab4b6e1680;  1 drivers
v0x64ab4b690f50_0 .net *"_ivl_64", 0 0, L_0x64ab4b6e1ca0;  1 drivers
v0x64ab4b691030_0 .net *"_ivl_65", 0 0, L_0x64ab4b6e1a20;  1 drivers
v0x64ab4b691110_0 .net *"_ivl_67", 0 0, L_0x64ab4b6e1910;  1 drivers
v0x64ab4b6911f0_0 .net *"_ivl_7", 0 0, L_0x64ab4b6e0370;  1 drivers
v0x64ab4b6912d0_0 .net *"_ivl_70", 0 0, L_0x64ab4b6e1f90;  1 drivers
v0x64ab4b6913b0_0 .net *"_ivl_72", 0 0, L_0x64ab4b6e2030;  1 drivers
v0x64ab4b691490_0 .net *"_ivl_73", 0 0, L_0x64ab4b6e1d40;  1 drivers
v0x64ab4b691570_0 .net *"_ivl_76", 0 0, L_0x64ab4b6e22a0;  1 drivers
v0x64ab4b691650_0 .net *"_ivl_77", 0 0, L_0x64ab4b6e1e70;  1 drivers
v0x64ab4b691940_0 .net *"_ivl_80", 0 0, L_0x64ab4b6e23e0;  1 drivers
v0x64ab4b691a20_0 .net *"_ivl_81", 0 0, L_0x64ab4b6e20d0;  1 drivers
v0x64ab4b691b00_0 .net *"_ivl_83", 0 0, L_0x64ab4b6e2210;  1 drivers
v0x64ab4b691be0_0 .net *"_ivl_86", 0 0, L_0x64ab4b6e2710;  1 drivers
v0x64ab4b691cc0_0 .net *"_ivl_88", 0 0, L_0x64ab4b6e28c0;  1 drivers
v0x64ab4b691da0_0 .net *"_ivl_90", 0 0, L_0x64ab4b6e2480;  1 drivers
v0x64ab4b691e80_0 .net *"_ivl_91", 0 0, L_0x64ab4b6e2a20;  1 drivers
v0x64ab4b691f60_0 .net "a", 3 0, L_0x64ab4b6e2b30;  1 drivers
v0x64ab4b692040_0 .net "b", 3 0, L_0x64ab4b6e2e50;  1 drivers
v0x64ab4b692120_0 .net "c", 3 0, L_0x64ab4b6e13a0;  1 drivers
v0x64ab4b692200_0 .net "cin", 0 0, L_0x64ab4b6e2f10;  1 drivers
v0x64ab4b6922c0_0 .net "cout", 0 0, L_0x64ab4b6e2580;  1 drivers
v0x64ab4b692380_0 .net "g", 3 0, L_0x64ab4b6e0240;  1 drivers
v0x64ab4b692460_0 .net "p", 3 0, L_0x64ab4b6e02b0;  1 drivers
v0x64ab4b692540_0 .net "sum", 3 0, L_0x64ab4b6e2c80;  1 drivers
L_0x64ab4b6e03e0 .part L_0x64ab4b6e0240, 0, 1;
L_0x64ab4b6e04d0 .part L_0x64ab4b6e02b0, 0, 1;
L_0x64ab4b6e05c0 .part L_0x64ab4b6e13a0, 0, 1;
L_0x64ab4b6e0880 .part L_0x64ab4b6e0240, 1, 1;
L_0x64ab4b6e0920 .part L_0x64ab4b6e0240, 0, 1;
L_0x64ab4b6e0a50 .part L_0x64ab4b6e02b0, 1, 1;
L_0x64ab4b6e0d00 .part L_0x64ab4b6e02b0, 1, 1;
L_0x64ab4b6e0e30 .part L_0x64ab4b6e02b0, 0, 1;
L_0x64ab4b6e1030 .part L_0x64ab4b6e13a0, 0, 1;
L_0x64ab4b6e13a0 .concat8 [ 1 1 1 1], L_0x64ab4b6e0370, L_0x64ab4b6e0770, L_0x64ab4b6e1230, L_0x64ab4b6e2210;
L_0x64ab4b6e1540 .part L_0x64ab4b6e0240, 2, 1;
L_0x64ab4b6e15e0 .part L_0x64ab4b6e02b0, 2, 1;
L_0x64ab4b6e16f0 .part L_0x64ab4b6e0240, 1, 1;
L_0x64ab4b6e1980 .part L_0x64ab4b6e02b0, 2, 1;
L_0x64ab4b6e1aa0 .part L_0x64ab4b6e02b0, 1, 1;
L_0x64ab4b6e1ca0 .part L_0x64ab4b6e0240, 0, 1;
L_0x64ab4b6e1f90 .part L_0x64ab4b6e02b0, 2, 1;
L_0x64ab4b6e2030 .part L_0x64ab4b6e02b0, 1, 1;
L_0x64ab4b6e22a0 .part L_0x64ab4b6e02b0, 0, 1;
L_0x64ab4b6e23e0 .part L_0x64ab4b6e13a0, 0, 1;
L_0x64ab4b6e2710 .part L_0x64ab4b6e0240, 3, 1;
L_0x64ab4b6e28c0 .part L_0x64ab4b6e02b0, 3, 1;
L_0x64ab4b6e2480 .part L_0x64ab4b6e13a0, 3, 1;
S_0x64ab4b6927c0 .scope generate, "cla_block[2]" "cla_block[2]" 6 26, 6 26 0, S_0x64ab4b68ba60;
 .timescale 0 0;
P_0x64ab4b692970 .param/l "i" 1 6 26, +C4<010>;
S_0x64ab4b692a30 .scope generate, "genblk1" "genblk1" 6 27, 6 27 0, S_0x64ab4b6927c0;
 .timescale 0 0;
L_0x64ab4b6e5b90 .functor NOT 4, L_0x64ab4b6e5af0, C4<0000>, C4<0000>, C4<0000>;
v0x64ab4b695bb0_0 .net *"_ivl_1", 3 0, L_0x64ab4b6e5af0;  1 drivers
S_0x64ab4b692c10 .scope module, "cla_piece" "cla" 6 31, 6 110 0, S_0x64ab4b692a30;
 .timescale 0 0;
    .port_info 0 /INPUT 4 "a";
    .port_info 1 /INPUT 4 "b";
    .port_info 2 /INPUT 1 "cin";
    .port_info 3 /OUTPUT 1 "cout";
    .port_info 4 /OUTPUT 4 "sum";
L_0x64ab4b6e3000 .functor AND 4, L_0x64ab4b6e5870, L_0x64ab4b6e5b90, C4<1111>, C4<1111>;
L_0x64ab4b6e3070 .functor XOR 4, L_0x64ab4b6e5870, L_0x64ab4b6e5b90, C4<0000>, C4<0000>;
L_0x64ab4b6e3180 .functor BUFZ 1, L_0x64ab4b6e5c50, C4<0>, C4<0>, C4<0>;
L_0x64ab4b6e3470 .functor AND 1, L_0x64ab4b6e32e0, L_0x64ab4b6e33d0, C4<1>, C4<1>;
L_0x64ab4b6e3580 .functor OR 1, L_0x64ab4b6e31f0, L_0x64ab4b6e3470, C4<0>, C4<0>;
L_0x64ab4b6e3870 .functor AND 1, L_0x64ab4b6e3730, L_0x64ab4b6e37d0, C4<1>, C4<1>;
L_0x64ab4b6e3930 .functor OR 1, L_0x64ab4b6e3690, L_0x64ab4b6e3870, C4<0>, C4<0>;
L_0x64ab4b6e3c60 .functor AND 1, L_0x64ab4b6e3a40, L_0x64ab4b6e3b70, C4<1>, C4<1>;
L_0x64ab4b6e3e60 .functor AND 1, L_0x64ab4b6e3c60, L_0x64ab4b6e3d70, C4<1>, C4<1>;
L_0x64ab4b6e3f70 .functor OR 1, L_0x64ab4b6e3930, L_0x64ab4b6e3e60, C4<0>, C4<0>;
L_0x64ab4b6e44d0 .functor AND 1, L_0x64ab4b6e4320, L_0x64ab4b6e4430, C4<1>, C4<1>;
L_0x64ab4b6e4540 .functor OR 1, L_0x64ab4b6e4280, L_0x64ab4b6e44d0, C4<0>, C4<0>;
L_0x64ab4b6e43c0 .functor AND 1, L_0x64ab4b6e46c0, L_0x64ab4b6e47e0, C4<1>, C4<1>;
L_0x64ab4b6e4760 .functor AND 1, L_0x64ab4b6e43c0, L_0x64ab4b6e49e0, C4<1>, C4<1>;
L_0x64ab4b6e4650 .functor OR 1, L_0x64ab4b6e4540, L_0x64ab4b6e4760, C4<0>, C4<0>;
L_0x64ab4b6e4a80 .functor AND 1, L_0x64ab4b6e4cd0, L_0x64ab4b6e4d70, C4<1>, C4<1>;
L_0x64ab4b6e4bb0 .functor AND 1, L_0x64ab4b6e4a80, L_0x64ab4b6e4fe0, C4<1>, C4<1>;
L_0x64ab4b6e4e10 .functor AND 1, L_0x64ab4b6e4bb0, L_0x64ab4b6e5120, C4<1>, C4<1>;
L_0x64ab4b6e4f50 .functor OR 1, L_0x64ab4b6e4650, L_0x64ab4b6e4e10, C4<0>, C4<0>;
L_0x64ab4b6e5760 .functor AND 1, L_0x64ab4b6e5600, L_0x64ab4b6e51c0, C4<1>, C4<1>;
L_0x64ab4b6e52c0 .functor OR 1, L_0x64ab4b6e5450, L_0x64ab4b6e5760, C4<0>, C4<0>;
L_0x64ab4b6e59c0 .functor XOR 4, L_0x64ab4b6e3070, L_0x64ab4b6e40e0, C4<0000>, C4<0000>;
v0x64ab4b692ec0_0 .net *"_ivl_11", 0 0, L_0x64ab4b6e31f0;  1 drivers
v0x64ab4b692fc0_0 .net *"_ivl_13", 0 0, L_0x64ab4b6e32e0;  1 drivers
v0x64ab4b6930a0_0 .net *"_ivl_15", 0 0, L_0x64ab4b6e33d0;  1 drivers
v0x64ab4b693190_0 .net *"_ivl_16", 0 0, L_0x64ab4b6e3470;  1 drivers
v0x64ab4b693270_0 .net *"_ivl_18", 0 0, L_0x64ab4b6e3580;  1 drivers
v0x64ab4b6933a0_0 .net *"_ivl_23", 0 0, L_0x64ab4b6e3690;  1 drivers
v0x64ab4b693480_0 .net *"_ivl_25", 0 0, L_0x64ab4b6e3730;  1 drivers
v0x64ab4b693560_0 .net *"_ivl_27", 0 0, L_0x64ab4b6e37d0;  1 drivers
v0x64ab4b693640_0 .net *"_ivl_28", 0 0, L_0x64ab4b6e3870;  1 drivers
v0x64ab4b693720_0 .net *"_ivl_30", 0 0, L_0x64ab4b6e3930;  1 drivers
v0x64ab4b693800_0 .net *"_ivl_33", 0 0, L_0x64ab4b6e3a40;  1 drivers
v0x64ab4b6938e0_0 .net *"_ivl_35", 0 0, L_0x64ab4b6e3b70;  1 drivers
v0x64ab4b6939c0_0 .net *"_ivl_36", 0 0, L_0x64ab4b6e3c60;  1 drivers
v0x64ab4b693aa0_0 .net *"_ivl_39", 0 0, L_0x64ab4b6e3d70;  1 drivers
v0x64ab4b693b80_0 .net *"_ivl_40", 0 0, L_0x64ab4b6e3e60;  1 drivers
v0x64ab4b693c60_0 .net *"_ivl_42", 0 0, L_0x64ab4b6e3f70;  1 drivers
v0x64ab4b693d40_0 .net *"_ivl_48", 0 0, L_0x64ab4b6e4280;  1 drivers
v0x64ab4b693e20_0 .net *"_ivl_50", 0 0, L_0x64ab4b6e4320;  1 drivers
v0x64ab4b693f00_0 .net *"_ivl_52", 0 0, L_0x64ab4b6e4430;  1 drivers
v0x64ab4b693fe0_0 .net *"_ivl_53", 0 0, L_0x64ab4b6e44d0;  1 drivers
v0x64ab4b6940c0_0 .net *"_ivl_55", 0 0, L_0x64ab4b6e4540;  1 drivers
v0x64ab4b6941a0_0 .net *"_ivl_58", 0 0, L_0x64ab4b6e46c0;  1 drivers
v0x64ab4b694280_0 .net *"_ivl_60", 0 0, L_0x64ab4b6e47e0;  1 drivers
v0x64ab4b694360_0 .net *"_ivl_61", 0 0, L_0x64ab4b6e43c0;  1 drivers
v0x64ab4b694440_0 .net *"_ivl_64", 0 0, L_0x64ab4b6e49e0;  1 drivers
v0x64ab4b694520_0 .net *"_ivl_65", 0 0, L_0x64ab4b6e4760;  1 drivers
v0x64ab4b694600_0 .net *"_ivl_67", 0 0, L_0x64ab4b6e4650;  1 drivers
v0x64ab4b6946e0_0 .net *"_ivl_7", 0 0, L_0x64ab4b6e3180;  1 drivers
v0x64ab4b6947c0_0 .net *"_ivl_70", 0 0, L_0x64ab4b6e4cd0;  1 drivers
v0x64ab4b6948a0_0 .net *"_ivl_72", 0 0, L_0x64ab4b6e4d70;  1 drivers
v0x64ab4b694980_0 .net *"_ivl_73", 0 0, L_0x64ab4b6e4a80;  1 drivers
v0x64ab4b694a60_0 .net *"_ivl_76", 0 0, L_0x64ab4b6e4fe0;  1 drivers
v0x64ab4b694b40_0 .net *"_ivl_77", 0 0, L_0x64ab4b6e4bb0;  1 drivers
v0x64ab4b694e30_0 .net *"_ivl_80", 0 0, L_0x64ab4b6e5120;  1 drivers
v0x64ab4b694f10_0 .net *"_ivl_81", 0 0, L_0x64ab4b6e4e10;  1 drivers
v0x64ab4b694ff0_0 .net *"_ivl_83", 0 0, L_0x64ab4b6e4f50;  1 drivers
v0x64ab4b6950d0_0 .net *"_ivl_86", 0 0, L_0x64ab4b6e5450;  1 drivers
v0x64ab4b6951b0_0 .net *"_ivl_88", 0 0, L_0x64ab4b6e5600;  1 drivers
v0x64ab4b695290_0 .net *"_ivl_90", 0 0, L_0x64ab4b6e51c0;  1 drivers
v0x64ab4b695370_0 .net *"_ivl_91", 0 0, L_0x64ab4b6e5760;  1 drivers
v0x64ab4b695450_0 .net "a", 3 0, L_0x64ab4b6e5870;  1 drivers
v0x64ab4b695530_0 .net "b", 3 0, L_0x64ab4b6e5b90;  1 drivers
v0x64ab4b695610_0 .net "c", 3 0, L_0x64ab4b6e40e0;  1 drivers
v0x64ab4b6956f0_0 .net "cin", 0 0, L_0x64ab4b6e5c50;  1 drivers
v0x64ab4b6957b0_0 .net "cout", 0 0, L_0x64ab4b6e52c0;  1 drivers
v0x64ab4b695870_0 .net "g", 3 0, L_0x64ab4b6e3000;  1 drivers
v0x64ab4b695950_0 .net "p", 3 0, L_0x64ab4b6e3070;  1 drivers
v0x64ab4b695a30_0 .net "sum", 3 0, L_0x64ab4b6e59c0;  1 drivers
L_0x64ab4b6e31f0 .part L_0x64ab4b6e3000, 0, 1;
L_0x64ab4b6e32e0 .part L_0x64ab4b6e3070, 0, 1;
L_0x64ab4b6e33d0 .part L_0x64ab4b6e40e0, 0, 1;
L_0x64ab4b6e3690 .part L_0x64ab4b6e3000, 1, 1;
L_0x64ab4b6e3730 .part L_0x64ab4b6e3000, 0, 1;
L_0x64ab4b6e37d0 .part L_0x64ab4b6e3070, 1, 1;
L_0x64ab4b6e3a40 .part L_0x64ab4b6e3070, 1, 1;
L_0x64ab4b6e3b70 .part L_0x64ab4b6e3070, 0, 1;
L_0x64ab4b6e3d70 .part L_0x64ab4b6e40e0, 0, 1;
L_0x64ab4b6e40e0 .concat8 [ 1 1 1 1], L_0x64ab4b6e3180, L_0x64ab4b6e3580, L_0x64ab4b6e3f70, L_0x64ab4b6e4f50;
L_0x64ab4b6e4280 .part L_0x64ab4b6e3000, 2, 1;
L_0x64ab4b6e4320 .part L_0x64ab4b6e3070, 2, 1;
L_0x64ab4b6e4430 .part L_0x64ab4b6e3000, 1, 1;
L_0x64ab4b6e46c0 .part L_0x64ab4b6e3070, 2, 1;
L_0x64ab4b6e47e0 .part L_0x64ab4b6e3070, 1, 1;
L_0x64ab4b6e49e0 .part L_0x64ab4b6e3000, 0, 1;
L_0x64ab4b6e4cd0 .part L_0x64ab4b6e3070, 2, 1;
L_0x64ab4b6e4d70 .part L_0x64ab4b6e3070, 1, 1;
L_0x64ab4b6e4fe0 .part L_0x64ab4b6e3070, 0, 1;
L_0x64ab4b6e5120 .part L_0x64ab4b6e40e0, 0, 1;
L_0x64ab4b6e5450 .part L_0x64ab4b6e3000, 3, 1;
L_0x64ab4b6e5600 .part L_0x64ab4b6e3070, 3, 1;
L_0x64ab4b6e51c0 .part L_0x64ab4b6e40e0, 3, 1;
S_0x64ab4b695cb0 .scope generate, "cla_block[3]" "cla_block[3]" 6 26, 6 26 0, S_0x64ab4b68ba60;
 .timescale 0 0;
P_0x64ab4b695e60 .param/l "i" 1 6 26, +C4<011>;
S_0x64ab4b695f40 .scope generate, "genblk1" "genblk1" 6 27, 6 27 0, S_0x64ab4b695cb0;
 .timescale 0 0;
L_0x64ab4b6e8a10 .functor NOT 4, L_0x64ab4b6e8910, C4<0000>, C4<0000>, C4<0000>;
v0x64ab4b699090_0 .net *"_ivl_1", 3 0, L_0x64ab4b6e8910;  1 drivers
S_0x64ab4b696120 .scope module, "cla_piece" "cla" 6 31, 6 110 0, S_0x64ab4b695f40;
 .timescale 0 0;
    .port_info 0 /INPUT 4 "a";
    .port_info 1 /INPUT 4 "b";
    .port_info 2 /INPUT 1 "cin";
    .port_info 3 /OUTPUT 1 "cout";
    .port_info 4 /OUTPUT 4 "sum";
L_0x64ab4b6e5de0 .functor AND 4, L_0x64ab4b6e8690, L_0x64ab4b6e8a10, C4<1111>, C4<1111>;
L_0x64ab4b6e5e50 .functor XOR 4, L_0x64ab4b6e8690, L_0x64ab4b6e8a10, C4<0000>, C4<0000>;
L_0x64ab4b6e5f60 .functor BUFZ 1, L_0x64ab4b6e8a80, C4<0>, C4<0>, C4<0>;
L_0x64ab4b6e6250 .functor AND 1, L_0x64ab4b6e60c0, L_0x64ab4b6e61b0, C4<1>, C4<1>;
L_0x64ab4b6e6360 .functor OR 1, L_0x64ab4b6e5fd0, L_0x64ab4b6e6250, C4<0>, C4<0>;
L_0x64ab4b6e6650 .functor AND 1, L_0x64ab4b6e6510, L_0x64ab4b6e65b0, C4<1>, C4<1>;
L_0x64ab4b6e6750 .functor OR 1, L_0x64ab4b6e6470, L_0x64ab4b6e6650, C4<0>, C4<0>;
L_0x64ab4b6e6a80 .functor AND 1, L_0x64ab4b6e6860, L_0x64ab4b6e6990, C4<1>, C4<1>;
L_0x64ab4b6e6c80 .functor AND 1, L_0x64ab4b6e6a80, L_0x64ab4b6e6b90, C4<1>, C4<1>;
L_0x64ab4b6e6d90 .functor OR 1, L_0x64ab4b6e6750, L_0x64ab4b6e6c80, C4<0>, C4<0>;
L_0x64ab4b6e72f0 .functor AND 1, L_0x64ab4b6e7140, L_0x64ab4b6e7250, C4<1>, C4<1>;
L_0x64ab4b6e7360 .functor OR 1, L_0x64ab4b6e70a0, L_0x64ab4b6e72f0, C4<0>, C4<0>;
L_0x64ab4b6e71e0 .functor AND 1, L_0x64ab4b6e74e0, L_0x64ab4b6e7600, C4<1>, C4<1>;
L_0x64ab4b6e7580 .functor AND 1, L_0x64ab4b6e71e0, L_0x64ab4b6e7800, C4<1>, C4<1>;
L_0x64ab4b6e7470 .functor OR 1, L_0x64ab4b6e7360, L_0x64ab4b6e7580, C4<0>, C4<0>;
L_0x64ab4b6e78a0 .functor AND 1, L_0x64ab4b6e7af0, L_0x64ab4b6e7b90, C4<1>, C4<1>;
L_0x64ab4b6e79d0 .functor AND 1, L_0x64ab4b6e78a0, L_0x64ab4b6e7e00, C4<1>, C4<1>;
L_0x64ab4b6e7c30 .functor AND 1, L_0x64ab4b6e79d0, L_0x64ab4b6e7f40, C4<1>, C4<1>;
L_0x64ab4b6e7d70 .functor OR 1, L_0x64ab4b6e7470, L_0x64ab4b6e7c30, C4<0>, C4<0>;
L_0x64ab4b6e8580 .functor AND 1, L_0x64ab4b6e8420, L_0x64ab4b6e7fe0, C4<1>, C4<1>;
L_0x64ab4b6e80e0 .functor OR 1, L_0x64ab4b6e8270, L_0x64ab4b6e8580, C4<0>, C4<0>;
L_0x64ab4b6e87e0 .functor XOR 4, L_0x64ab4b6e5e50, L_0x64ab4b6e6f00, C4<0000>, C4<0000>;
v0x64ab4b6963a0_0 .net *"_ivl_11", 0 0, L_0x64ab4b6e5fd0;  1 drivers
v0x64ab4b6964a0_0 .net *"_ivl_13", 0 0, L_0x64ab4b6e60c0;  1 drivers
v0x64ab4b696580_0 .net *"_ivl_15", 0 0, L_0x64ab4b6e61b0;  1 drivers
v0x64ab4b696670_0 .net *"_ivl_16", 0 0, L_0x64ab4b6e6250;  1 drivers
v0x64ab4b696750_0 .net *"_ivl_18", 0 0, L_0x64ab4b6e6360;  1 drivers
v0x64ab4b696880_0 .net *"_ivl_23", 0 0, L_0x64ab4b6e6470;  1 drivers
v0x64ab4b696960_0 .net *"_ivl_25", 0 0, L_0x64ab4b6e6510;  1 drivers
v0x64ab4b696a40_0 .net *"_ivl_27", 0 0, L_0x64ab4b6e65b0;  1 drivers
v0x64ab4b696b20_0 .net *"_ivl_28", 0 0, L_0x64ab4b6e6650;  1 drivers
v0x64ab4b696c00_0 .net *"_ivl_30", 0 0, L_0x64ab4b6e6750;  1 drivers
v0x64ab4b696ce0_0 .net *"_ivl_33", 0 0, L_0x64ab4b6e6860;  1 drivers
v0x64ab4b696dc0_0 .net *"_ivl_35", 0 0, L_0x64ab4b6e6990;  1 drivers
v0x64ab4b696ea0_0 .net *"_ivl_36", 0 0, L_0x64ab4b6e6a80;  1 drivers
v0x64ab4b696f80_0 .net *"_ivl_39", 0 0, L_0x64ab4b6e6b90;  1 drivers
v0x64ab4b697060_0 .net *"_ivl_40", 0 0, L_0x64ab4b6e6c80;  1 drivers
v0x64ab4b697140_0 .net *"_ivl_42", 0 0, L_0x64ab4b6e6d90;  1 drivers
v0x64ab4b697220_0 .net *"_ivl_48", 0 0, L_0x64ab4b6e70a0;  1 drivers
v0x64ab4b697300_0 .net *"_ivl_50", 0 0, L_0x64ab4b6e7140;  1 drivers
v0x64ab4b6973e0_0 .net *"_ivl_52", 0 0, L_0x64ab4b6e7250;  1 drivers
v0x64ab4b6974c0_0 .net *"_ivl_53", 0 0, L_0x64ab4b6e72f0;  1 drivers
v0x64ab4b6975a0_0 .net *"_ivl_55", 0 0, L_0x64ab4b6e7360;  1 drivers
v0x64ab4b697680_0 .net *"_ivl_58", 0 0, L_0x64ab4b6e74e0;  1 drivers
v0x64ab4b697760_0 .net *"_ivl_60", 0 0, L_0x64ab4b6e7600;  1 drivers
v0x64ab4b697840_0 .net *"_ivl_61", 0 0, L_0x64ab4b6e71e0;  1 drivers
v0x64ab4b697920_0 .net *"_ivl_64", 0 0, L_0x64ab4b6e7800;  1 drivers
v0x64ab4b697a00_0 .net *"_ivl_65", 0 0, L_0x64ab4b6e7580;  1 drivers
v0x64ab4b697ae0_0 .net *"_ivl_67", 0 0, L_0x64ab4b6e7470;  1 drivers
v0x64ab4b697bc0_0 .net *"_ivl_7", 0 0, L_0x64ab4b6e5f60;  1 drivers
v0x64ab4b697ca0_0 .net *"_ivl_70", 0 0, L_0x64ab4b6e7af0;  1 drivers
v0x64ab4b697d80_0 .net *"_ivl_72", 0 0, L_0x64ab4b6e7b90;  1 drivers
v0x64ab4b697e60_0 .net *"_ivl_73", 0 0, L_0x64ab4b6e78a0;  1 drivers
v0x64ab4b697f40_0 .net *"_ivl_76", 0 0, L_0x64ab4b6e7e00;  1 drivers
v0x64ab4b698020_0 .net *"_ivl_77", 0 0, L_0x64ab4b6e79d0;  1 drivers
v0x64ab4b698310_0 .net *"_ivl_80", 0 0, L_0x64ab4b6e7f40;  1 drivers
v0x64ab4b6983f0_0 .net *"_ivl_81", 0 0, L_0x64ab4b6e7c30;  1 drivers
v0x64ab4b6984d0_0 .net *"_ivl_83", 0 0, L_0x64ab4b6e7d70;  1 drivers
v0x64ab4b6985b0_0 .net *"_ivl_86", 0 0, L_0x64ab4b6e8270;  1 drivers
v0x64ab4b698690_0 .net *"_ivl_88", 0 0, L_0x64ab4b6e8420;  1 drivers
v0x64ab4b698770_0 .net *"_ivl_90", 0 0, L_0x64ab4b6e7fe0;  1 drivers
v0x64ab4b698850_0 .net *"_ivl_91", 0 0, L_0x64ab4b6e8580;  1 drivers
v0x64ab4b698930_0 .net "a", 3 0, L_0x64ab4b6e8690;  1 drivers
v0x64ab4b698a10_0 .net "b", 3 0, L_0x64ab4b6e8a10;  1 drivers
v0x64ab4b698af0_0 .net "c", 3 0, L_0x64ab4b6e6f00;  1 drivers
v0x64ab4b698bd0_0 .net "cin", 0 0, L_0x64ab4b6e8a80;  1 drivers
v0x64ab4b698c90_0 .net "cout", 0 0, L_0x64ab4b6e80e0;  1 drivers
v0x64ab4b698d50_0 .net "g", 3 0, L_0x64ab4b6e5de0;  1 drivers
v0x64ab4b698e30_0 .net "p", 3 0, L_0x64ab4b6e5e50;  1 drivers
v0x64ab4b698f10_0 .net "sum", 3 0, L_0x64ab4b6e87e0;  1 drivers
L_0x64ab4b6e5fd0 .part L_0x64ab4b6e5de0, 0, 1;
L_0x64ab4b6e60c0 .part L_0x64ab4b6e5e50, 0, 1;
L_0x64ab4b6e61b0 .part L_0x64ab4b6e6f00, 0, 1;
L_0x64ab4b6e6470 .part L_0x64ab4b6e5de0, 1, 1;
L_0x64ab4b6e6510 .part L_0x64ab4b6e5de0, 0, 1;
L_0x64ab4b6e65b0 .part L_0x64ab4b6e5e50, 1, 1;
L_0x64ab4b6e6860 .part L_0x64ab4b6e5e50, 1, 1;
L_0x64ab4b6e6990 .part L_0x64ab4b6e5e50, 0, 1;
L_0x64ab4b6e6b90 .part L_0x64ab4b6e6f00, 0, 1;
L_0x64ab4b6e6f00 .concat8 [ 1 1 1 1], L_0x64ab4b6e5f60, L_0x64ab4b6e6360, L_0x64ab4b6e6d90, L_0x64ab4b6e7d70;
L_0x64ab4b6e70a0 .part L_0x64ab4b6e5de0, 2, 1;
L_0x64ab4b6e7140 .part L_0x64ab4b6e5e50, 2, 1;
L_0x64ab4b6e7250 .part L_0x64ab4b6e5de0, 1, 1;
L_0x64ab4b6e74e0 .part L_0x64ab4b6e5e50, 2, 1;
L_0x64ab4b6e7600 .part L_0x64ab4b6e5e50, 1, 1;
L_0x64ab4b6e7800 .part L_0x64ab4b6e5de0, 0, 1;
L_0x64ab4b6e7af0 .part L_0x64ab4b6e5e50, 2, 1;
L_0x64ab4b6e7b90 .part L_0x64ab4b6e5e50, 1, 1;
L_0x64ab4b6e7e00 .part L_0x64ab4b6e5e50, 0, 1;
L_0x64ab4b6e7f40 .part L_0x64ab4b6e6f00, 0, 1;
L_0x64ab4b6e8270 .part L_0x64ab4b6e5de0, 3, 1;
L_0x64ab4b6e8420 .part L_0x64ab4b6e5e50, 3, 1;
L_0x64ab4b6e7fe0 .part L_0x64ab4b6e6f00, 3, 1;
S_0x64ab4b699190 .scope generate, "cla_block[4]" "cla_block[4]" 6 26, 6 26 0, S_0x64ab4b68ba60;
 .timescale 0 0;
P_0x64ab4b699390 .param/l "i" 1 6 26, +C4<0100>;
S_0x64ab4b699470 .scope generate, "genblk1" "genblk1" 6 27, 6 27 0, S_0x64ab4b699190;
 .timescale 0 0;
L_0x64ab4b6eb770 .functor NOT 4, L_0x64ab4b6eb6d0, C4<0000>, C4<0000>, C4<0000>;
v0x64ab4b69c590_0 .net *"_ivl_1", 3 0, L_0x64ab4b6eb6d0;  1 drivers
S_0x64ab4b699650 .scope module, "cla_piece" "cla" 6 31, 6 110 0, S_0x64ab4b699470;
 .timescale 0 0;
    .port_info 0 /INPUT 4 "a";
    .port_info 1 /INPUT 4 "b";
    .port_info 2 /INPUT 1 "cin";
    .port_info 3 /OUTPUT 1 "cout";
    .port_info 4 /OUTPUT 4 "sum";
L_0x64ab4b6e8b70 .functor AND 4, L_0x64ab4b6eb3e0, L_0x64ab4b6eb770, C4<1111>, C4<1111>;
L_0x64ab4b6e8be0 .functor XOR 4, L_0x64ab4b6eb3e0, L_0x64ab4b6eb770, C4<0000>, C4<0000>;
L_0x64ab4b6e8cf0 .functor BUFZ 1, L_0x64ab4b6eb7e0, C4<0>, C4<0>, C4<0>;
L_0x64ab4b6e8fe0 .functor AND 1, L_0x64ab4b6e8e50, L_0x64ab4b6e8f40, C4<1>, C4<1>;
L_0x64ab4b6e90f0 .functor OR 1, L_0x64ab4b6e8d60, L_0x64ab4b6e8fe0, C4<0>, C4<0>;
L_0x64ab4b6e93e0 .functor AND 1, L_0x64ab4b6e92a0, L_0x64ab4b6e9340, C4<1>, C4<1>;
L_0x64ab4b6e94a0 .functor OR 1, L_0x64ab4b6e9200, L_0x64ab4b6e93e0, C4<0>, C4<0>;
L_0x64ab4b6e97d0 .functor AND 1, L_0x64ab4b6e95b0, L_0x64ab4b6e96e0, C4<1>, C4<1>;
L_0x64ab4b6e99d0 .functor AND 1, L_0x64ab4b6e97d0, L_0x64ab4b6e98e0, C4<1>, C4<1>;
L_0x64ab4b6e9ae0 .functor OR 1, L_0x64ab4b6e94a0, L_0x64ab4b6e99d0, C4<0>, C4<0>;
L_0x64ab4b6ea040 .functor AND 1, L_0x64ab4b6e9e90, L_0x64ab4b6e9fa0, C4<1>, C4<1>;
L_0x64ab4b6ea0b0 .functor OR 1, L_0x64ab4b6e9df0, L_0x64ab4b6ea040, C4<0>, C4<0>;
L_0x64ab4b6e9f30 .functor AND 1, L_0x64ab4b6ea230, L_0x64ab4b6ea350, C4<1>, C4<1>;
L_0x64ab4b6ea2d0 .functor AND 1, L_0x64ab4b6e9f30, L_0x64ab4b6ea550, C4<1>, C4<1>;
L_0x64ab4b6ea1c0 .functor OR 1, L_0x64ab4b6ea0b0, L_0x64ab4b6ea2d0, C4<0>, C4<0>;
L_0x64ab4b6ea5f0 .functor AND 1, L_0x64ab4b6ea840, L_0x64ab4b6ea8e0, C4<1>, C4<1>;
L_0x64ab4b6ea720 .functor AND 1, L_0x64ab4b6ea5f0, L_0x64ab4b6eab50, C4<1>, C4<1>;
L_0x64ab4b6ea980 .functor AND 1, L_0x64ab4b6ea720, L_0x64ab4b6eac90, C4<1>, C4<1>;
L_0x64ab4b6eaac0 .functor OR 1, L_0x64ab4b6ea1c0, L_0x64ab4b6ea980, C4<0>, C4<0>;
L_0x64ab4b6eb2d0 .functor AND 1, L_0x64ab4b6eb170, L_0x64ab4b6ead30, C4<1>, C4<1>;
L_0x64ab4b6eae30 .functor OR 1, L_0x64ab4b6eafc0, L_0x64ab4b6eb2d0, C4<0>, C4<0>;
L_0x64ab4b6eb530 .functor XOR 4, L_0x64ab4b6e8be0, L_0x64ab4b6e9c50, C4<0000>, C4<0000>;
v0x64ab4b6998d0_0 .net *"_ivl_11", 0 0, L_0x64ab4b6e8d60;  1 drivers
v0x64ab4b6999d0_0 .net *"_ivl_13", 0 0, L_0x64ab4b6e8e50;  1 drivers
v0x64ab4b699ab0_0 .net *"_ivl_15", 0 0, L_0x64ab4b6e8f40;  1 drivers
v0x64ab4b699b70_0 .net *"_ivl_16", 0 0, L_0x64ab4b6e8fe0;  1 drivers
v0x64ab4b699c50_0 .net *"_ivl_18", 0 0, L_0x64ab4b6e90f0;  1 drivers
v0x64ab4b699d80_0 .net *"_ivl_23", 0 0, L_0x64ab4b6e9200;  1 drivers
v0x64ab4b699e60_0 .net *"_ivl_25", 0 0, L_0x64ab4b6e92a0;  1 drivers
v0x64ab4b699f40_0 .net *"_ivl_27", 0 0, L_0x64ab4b6e9340;  1 drivers
v0x64ab4b69a020_0 .net *"_ivl_28", 0 0, L_0x64ab4b6e93e0;  1 drivers
v0x64ab4b69a100_0 .net *"_ivl_30", 0 0, L_0x64ab4b6e94a0;  1 drivers
v0x64ab4b69a1e0_0 .net *"_ivl_33", 0 0, L_0x64ab4b6e95b0;  1 drivers
v0x64ab4b69a2c0_0 .net *"_ivl_35", 0 0, L_0x64ab4b6e96e0;  1 drivers
v0x64ab4b69a3a0_0 .net *"_ivl_36", 0 0, L_0x64ab4b6e97d0;  1 drivers
v0x64ab4b69a480_0 .net *"_ivl_39", 0 0, L_0x64ab4b6e98e0;  1 drivers
v0x64ab4b69a560_0 .net *"_ivl_40", 0 0, L_0x64ab4b6e99d0;  1 drivers
v0x64ab4b69a640_0 .net *"_ivl_42", 0 0, L_0x64ab4b6e9ae0;  1 drivers
v0x64ab4b69a720_0 .net *"_ivl_48", 0 0, L_0x64ab4b6e9df0;  1 drivers
v0x64ab4b69a800_0 .net *"_ivl_50", 0 0, L_0x64ab4b6e9e90;  1 drivers
v0x64ab4b69a8e0_0 .net *"_ivl_52", 0 0, L_0x64ab4b6e9fa0;  1 drivers
v0x64ab4b69a9c0_0 .net *"_ivl_53", 0 0, L_0x64ab4b6ea040;  1 drivers
v0x64ab4b69aaa0_0 .net *"_ivl_55", 0 0, L_0x64ab4b6ea0b0;  1 drivers
v0x64ab4b69ab80_0 .net *"_ivl_58", 0 0, L_0x64ab4b6ea230;  1 drivers
v0x64ab4b69ac60_0 .net *"_ivl_60", 0 0, L_0x64ab4b6ea350;  1 drivers
v0x64ab4b69ad40_0 .net *"_ivl_61", 0 0, L_0x64ab4b6e9f30;  1 drivers
v0x64ab4b69ae20_0 .net *"_ivl_64", 0 0, L_0x64ab4b6ea550;  1 drivers
v0x64ab4b69af00_0 .net *"_ivl_65", 0 0, L_0x64ab4b6ea2d0;  1 drivers
v0x64ab4b69afe0_0 .net *"_ivl_67", 0 0, L_0x64ab4b6ea1c0;  1 drivers
v0x64ab4b69b0c0_0 .net *"_ivl_7", 0 0, L_0x64ab4b6e8cf0;  1 drivers
v0x64ab4b69b1a0_0 .net *"_ivl_70", 0 0, L_0x64ab4b6ea840;  1 drivers
v0x64ab4b69b280_0 .net *"_ivl_72", 0 0, L_0x64ab4b6ea8e0;  1 drivers
v0x64ab4b69b360_0 .net *"_ivl_73", 0 0, L_0x64ab4b6ea5f0;  1 drivers
v0x64ab4b69b440_0 .net *"_ivl_76", 0 0, L_0x64ab4b6eab50;  1 drivers
v0x64ab4b69b520_0 .net *"_ivl_77", 0 0, L_0x64ab4b6ea720;  1 drivers
v0x64ab4b69b810_0 .net *"_ivl_80", 0 0, L_0x64ab4b6eac90;  1 drivers
v0x64ab4b69b8f0_0 .net *"_ivl_81", 0 0, L_0x64ab4b6ea980;  1 drivers
v0x64ab4b69b9d0_0 .net *"_ivl_83", 0 0, L_0x64ab4b6eaac0;  1 drivers
v0x64ab4b69bab0_0 .net *"_ivl_86", 0 0, L_0x64ab4b6eafc0;  1 drivers
v0x64ab4b69bb90_0 .net *"_ivl_88", 0 0, L_0x64ab4b6eb170;  1 drivers
v0x64ab4b69bc70_0 .net *"_ivl_90", 0 0, L_0x64ab4b6ead30;  1 drivers
v0x64ab4b69bd50_0 .net *"_ivl_91", 0 0, L_0x64ab4b6eb2d0;  1 drivers
v0x64ab4b69be30_0 .net "a", 3 0, L_0x64ab4b6eb3e0;  1 drivers
v0x64ab4b69bf10_0 .net "b", 3 0, L_0x64ab4b6eb770;  1 drivers
v0x64ab4b69bff0_0 .net "c", 3 0, L_0x64ab4b6e9c50;  1 drivers
v0x64ab4b69c0d0_0 .net "cin", 0 0, L_0x64ab4b6eb7e0;  1 drivers
v0x64ab4b69c190_0 .net "cout", 0 0, L_0x64ab4b6eae30;  1 drivers
v0x64ab4b69c250_0 .net "g", 3 0, L_0x64ab4b6e8b70;  1 drivers
v0x64ab4b69c330_0 .net "p", 3 0, L_0x64ab4b6e8be0;  1 drivers
v0x64ab4b69c410_0 .net "sum", 3 0, L_0x64ab4b6eb530;  1 drivers
L_0x64ab4b6e8d60 .part L_0x64ab4b6e8b70, 0, 1;
L_0x64ab4b6e8e50 .part L_0x64ab4b6e8be0, 0, 1;
L_0x64ab4b6e8f40 .part L_0x64ab4b6e9c50, 0, 1;
L_0x64ab4b6e9200 .part L_0x64ab4b6e8b70, 1, 1;
L_0x64ab4b6e92a0 .part L_0x64ab4b6e8b70, 0, 1;
L_0x64ab4b6e9340 .part L_0x64ab4b6e8be0, 1, 1;
L_0x64ab4b6e95b0 .part L_0x64ab4b6e8be0, 1, 1;
L_0x64ab4b6e96e0 .part L_0x64ab4b6e8be0, 0, 1;
L_0x64ab4b6e98e0 .part L_0x64ab4b6e9c50, 0, 1;
L_0x64ab4b6e9c50 .concat8 [ 1 1 1 1], L_0x64ab4b6e8cf0, L_0x64ab4b6e90f0, L_0x64ab4b6e9ae0, L_0x64ab4b6eaac0;
L_0x64ab4b6e9df0 .part L_0x64ab4b6e8b70, 2, 1;
L_0x64ab4b6e9e90 .part L_0x64ab4b6e8be0, 2, 1;
L_0x64ab4b6e9fa0 .part L_0x64ab4b6e8b70, 1, 1;
L_0x64ab4b6ea230 .part L_0x64ab4b6e8be0, 2, 1;
L_0x64ab4b6ea350 .part L_0x64ab4b6e8be0, 1, 1;
L_0x64ab4b6ea550 .part L_0x64ab4b6e8b70, 0, 1;
L_0x64ab4b6ea840 .part L_0x64ab4b6e8be0, 2, 1;
L_0x64ab4b6ea8e0 .part L_0x64ab4b6e8be0, 1, 1;
L_0x64ab4b6eab50 .part L_0x64ab4b6e8be0, 0, 1;
L_0x64ab4b6eac90 .part L_0x64ab4b6e9c50, 0, 1;
L_0x64ab4b6eafc0 .part L_0x64ab4b6e8b70, 3, 1;
L_0x64ab4b6eb170 .part L_0x64ab4b6e8be0, 3, 1;
L_0x64ab4b6ead30 .part L_0x64ab4b6e9c50, 3, 1;
S_0x64ab4b69c690 .scope generate, "cla_block[5]" "cla_block[5]" 6 26, 6 26 0, S_0x64ab4b68ba60;
 .timescale 0 0;
P_0x64ab4b69c840 .param/l "i" 1 6 26, +C4<0101>;
S_0x64ab4b69c920 .scope generate, "genblk1" "genblk1" 6 27, 6 27 0, S_0x64ab4b69c690;
 .timescale 0 0;
L_0x64ab4b6eb8d0 .functor NOT 4, L_0x64ab4b6ee410, C4<0000>, C4<0000>, C4<0000>;
v0x64ab4b69fa70_0 .net *"_ivl_1", 3 0, L_0x64ab4b6ee410;  1 drivers
S_0x64ab4b69cb00 .scope module, "cla_piece" "cla" 6 31, 6 110 0, S_0x64ab4b69c920;
 .timescale 0 0;
    .port_info 0 /INPUT 4 "a";
    .port_info 1 /INPUT 4 "b";
    .port_info 2 /INPUT 1 "cin";
    .port_info 3 /OUTPUT 1 "cout";
    .port_info 4 /OUTPUT 4 "sum";
L_0x64ab4b6eb660 .functor AND 4, L_0x64ab4b6ee190, L_0x64ab4b6eb8d0, C4<1111>, C4<1111>;
L_0x64ab4b6eb950 .functor XOR 4, L_0x64ab4b6ee190, L_0x64ab4b6eb8d0, C4<0000>, C4<0000>;
L_0x64ab4b6eba10 .functor BUFZ 1, L_0x64ab4b6ee590, C4<0>, C4<0>, C4<0>;
L_0x64ab4b6ebd00 .functor AND 1, L_0x64ab4b6ebb70, L_0x64ab4b6ebc60, C4<1>, C4<1>;
L_0x64ab4b6ebe10 .functor OR 1, L_0x64ab4b6eba80, L_0x64ab4b6ebd00, C4<0>, C4<0>;
L_0x64ab4b6ec190 .functor AND 1, L_0x64ab4b6ebfc0, L_0x64ab4b6ec0f0, C4<1>, C4<1>;
L_0x64ab4b6ec250 .functor OR 1, L_0x64ab4b6ebf20, L_0x64ab4b6ec190, C4<0>, C4<0>;
L_0x64ab4b6ec580 .functor AND 1, L_0x64ab4b6ec360, L_0x64ab4b6ec490, C4<1>, C4<1>;
L_0x64ab4b6ec780 .functor AND 1, L_0x64ab4b6ec580, L_0x64ab4b6ec690, C4<1>, C4<1>;
L_0x64ab4b6ec890 .functor OR 1, L_0x64ab4b6ec250, L_0x64ab4b6ec780, C4<0>, C4<0>;
L_0x64ab4b6ecdf0 .functor AND 1, L_0x64ab4b6ecc40, L_0x64ab4b6ecd50, C4<1>, C4<1>;
L_0x64ab4b6ece60 .functor OR 1, L_0x64ab4b6ecba0, L_0x64ab4b6ecdf0, C4<0>, C4<0>;
L_0x64ab4b6ecce0 .functor AND 1, L_0x64ab4b6ecfe0, L_0x64ab4b6ed100, C4<1>, C4<1>;
L_0x64ab4b6ed080 .functor AND 1, L_0x64ab4b6ecce0, L_0x64ab4b6ed300, C4<1>, C4<1>;
L_0x64ab4b6ecf70 .functor OR 1, L_0x64ab4b6ece60, L_0x64ab4b6ed080, C4<0>, C4<0>;
L_0x64ab4b6ed3a0 .functor AND 1, L_0x64ab4b6ed5f0, L_0x64ab4b6ed690, C4<1>, C4<1>;
L_0x64ab4b6ed4d0 .functor AND 1, L_0x64ab4b6ed3a0, L_0x64ab4b6ed900, C4<1>, C4<1>;
L_0x64ab4b6ed730 .functor AND 1, L_0x64ab4b6ed4d0, L_0x64ab4b6eda40, C4<1>, C4<1>;
L_0x64ab4b6ed870 .functor OR 1, L_0x64ab4b6ecf70, L_0x64ab4b6ed730, C4<0>, C4<0>;
L_0x64ab4b6ee080 .functor AND 1, L_0x64ab4b6edf20, L_0x64ab4b6edae0, C4<1>, C4<1>;
L_0x64ab4b6edbe0 .functor OR 1, L_0x64ab4b6edd70, L_0x64ab4b6ee080, C4<0>, C4<0>;
L_0x64ab4b6ee2e0 .functor XOR 4, L_0x64ab4b6eb950, L_0x64ab4b6eca00, C4<0000>, C4<0000>;
v0x64ab4b69cd80_0 .net *"_ivl_11", 0 0, L_0x64ab4b6eba80;  1 drivers
v0x64ab4b69ce80_0 .net *"_ivl_13", 0 0, L_0x64ab4b6ebb70;  1 drivers
v0x64ab4b69cf60_0 .net *"_ivl_15", 0 0, L_0x64ab4b6ebc60;  1 drivers
v0x64ab4b69d050_0 .net *"_ivl_16", 0 0, L_0x64ab4b6ebd00;  1 drivers
v0x64ab4b69d130_0 .net *"_ivl_18", 0 0, L_0x64ab4b6ebe10;  1 drivers
v0x64ab4b69d260_0 .net *"_ivl_23", 0 0, L_0x64ab4b6ebf20;  1 drivers
v0x64ab4b69d340_0 .net *"_ivl_25", 0 0, L_0x64ab4b6ebfc0;  1 drivers
v0x64ab4b69d420_0 .net *"_ivl_27", 0 0, L_0x64ab4b6ec0f0;  1 drivers
v0x64ab4b69d500_0 .net *"_ivl_28", 0 0, L_0x64ab4b6ec190;  1 drivers
v0x64ab4b69d5e0_0 .net *"_ivl_30", 0 0, L_0x64ab4b6ec250;  1 drivers
v0x64ab4b69d6c0_0 .net *"_ivl_33", 0 0, L_0x64ab4b6ec360;  1 drivers
v0x64ab4b69d7a0_0 .net *"_ivl_35", 0 0, L_0x64ab4b6ec490;  1 drivers
v0x64ab4b69d880_0 .net *"_ivl_36", 0 0, L_0x64ab4b6ec580;  1 drivers
v0x64ab4b69d960_0 .net *"_ivl_39", 0 0, L_0x64ab4b6ec690;  1 drivers
v0x64ab4b69da40_0 .net *"_ivl_40", 0 0, L_0x64ab4b6ec780;  1 drivers
v0x64ab4b69db20_0 .net *"_ivl_42", 0 0, L_0x64ab4b6ec890;  1 drivers
v0x64ab4b69dc00_0 .net *"_ivl_48", 0 0, L_0x64ab4b6ecba0;  1 drivers
v0x64ab4b69dce0_0 .net *"_ivl_50", 0 0, L_0x64ab4b6ecc40;  1 drivers
v0x64ab4b69ddc0_0 .net *"_ivl_52", 0 0, L_0x64ab4b6ecd50;  1 drivers
v0x64ab4b69dea0_0 .net *"_ivl_53", 0 0, L_0x64ab4b6ecdf0;  1 drivers
v0x64ab4b69df80_0 .net *"_ivl_55", 0 0, L_0x64ab4b6ece60;  1 drivers
v0x64ab4b69e060_0 .net *"_ivl_58", 0 0, L_0x64ab4b6ecfe0;  1 drivers
v0x64ab4b69e140_0 .net *"_ivl_60", 0 0, L_0x64ab4b6ed100;  1 drivers
v0x64ab4b69e220_0 .net *"_ivl_61", 0 0, L_0x64ab4b6ecce0;  1 drivers
v0x64ab4b69e300_0 .net *"_ivl_64", 0 0, L_0x64ab4b6ed300;  1 drivers
v0x64ab4b69e3e0_0 .net *"_ivl_65", 0 0, L_0x64ab4b6ed080;  1 drivers
v0x64ab4b69e4c0_0 .net *"_ivl_67", 0 0, L_0x64ab4b6ecf70;  1 drivers
v0x64ab4b69e5a0_0 .net *"_ivl_7", 0 0, L_0x64ab4b6eba10;  1 drivers
v0x64ab4b69e680_0 .net *"_ivl_70", 0 0, L_0x64ab4b6ed5f0;  1 drivers
v0x64ab4b69e760_0 .net *"_ivl_72", 0 0, L_0x64ab4b6ed690;  1 drivers
v0x64ab4b69e840_0 .net *"_ivl_73", 0 0, L_0x64ab4b6ed3a0;  1 drivers
v0x64ab4b69e920_0 .net *"_ivl_76", 0 0, L_0x64ab4b6ed900;  1 drivers
v0x64ab4b69ea00_0 .net *"_ivl_77", 0 0, L_0x64ab4b6ed4d0;  1 drivers
v0x64ab4b69ecf0_0 .net *"_ivl_80", 0 0, L_0x64ab4b6eda40;  1 drivers
v0x64ab4b69edd0_0 .net *"_ivl_81", 0 0, L_0x64ab4b6ed730;  1 drivers
v0x64ab4b69eeb0_0 .net *"_ivl_83", 0 0, L_0x64ab4b6ed870;  1 drivers
v0x64ab4b69ef90_0 .net *"_ivl_86", 0 0, L_0x64ab4b6edd70;  1 drivers
v0x64ab4b69f070_0 .net *"_ivl_88", 0 0, L_0x64ab4b6edf20;  1 drivers
v0x64ab4b69f150_0 .net *"_ivl_90", 0 0, L_0x64ab4b6edae0;  1 drivers
v0x64ab4b69f230_0 .net *"_ivl_91", 0 0, L_0x64ab4b6ee080;  1 drivers
v0x64ab4b69f310_0 .net "a", 3 0, L_0x64ab4b6ee190;  1 drivers
v0x64ab4b69f3f0_0 .net "b", 3 0, L_0x64ab4b6eb8d0;  1 drivers
v0x64ab4b69f4d0_0 .net "c", 3 0, L_0x64ab4b6eca00;  1 drivers
v0x64ab4b69f5b0_0 .net "cin", 0 0, L_0x64ab4b6ee590;  1 drivers
v0x64ab4b69f670_0 .net "cout", 0 0, L_0x64ab4b6edbe0;  1 drivers
v0x64ab4b69f730_0 .net "g", 3 0, L_0x64ab4b6eb660;  1 drivers
v0x64ab4b69f810_0 .net "p", 3 0, L_0x64ab4b6eb950;  1 drivers
v0x64ab4b69f8f0_0 .net "sum", 3 0, L_0x64ab4b6ee2e0;  1 drivers
L_0x64ab4b6eba80 .part L_0x64ab4b6eb660, 0, 1;
L_0x64ab4b6ebb70 .part L_0x64ab4b6eb950, 0, 1;
L_0x64ab4b6ebc60 .part L_0x64ab4b6eca00, 0, 1;
L_0x64ab4b6ebf20 .part L_0x64ab4b6eb660, 1, 1;
L_0x64ab4b6ebfc0 .part L_0x64ab4b6eb660, 0, 1;
L_0x64ab4b6ec0f0 .part L_0x64ab4b6eb950, 1, 1;
L_0x64ab4b6ec360 .part L_0x64ab4b6eb950, 1, 1;
L_0x64ab4b6ec490 .part L_0x64ab4b6eb950, 0, 1;
L_0x64ab4b6ec690 .part L_0x64ab4b6eca00, 0, 1;
L_0x64ab4b6eca00 .concat8 [ 1 1 1 1], L_0x64ab4b6eba10, L_0x64ab4b6ebe10, L_0x64ab4b6ec890, L_0x64ab4b6ed870;
L_0x64ab4b6ecba0 .part L_0x64ab4b6eb660, 2, 1;
L_0x64ab4b6ecc40 .part L_0x64ab4b6eb950, 2, 1;
L_0x64ab4b6ecd50 .part L_0x64ab4b6eb660, 1, 1;
L_0x64ab4b6ecfe0 .part L_0x64ab4b6eb950, 2, 1;
L_0x64ab4b6ed100 .part L_0x64ab4b6eb950, 1, 1;
L_0x64ab4b6ed300 .part L_0x64ab4b6eb660, 0, 1;
L_0x64ab4b6ed5f0 .part L_0x64ab4b6eb950, 2, 1;
L_0x64ab4b6ed690 .part L_0x64ab4b6eb950, 1, 1;
L_0x64ab4b6ed900 .part L_0x64ab4b6eb950, 0, 1;
L_0x64ab4b6eda40 .part L_0x64ab4b6eca00, 0, 1;
L_0x64ab4b6edd70 .part L_0x64ab4b6eb660, 3, 1;
L_0x64ab4b6edf20 .part L_0x64ab4b6eb950, 3, 1;
L_0x64ab4b6edae0 .part L_0x64ab4b6eca00, 3, 1;
S_0x64ab4b69fb70 .scope generate, "cla_block[6]" "cla_block[6]" 6 26, 6 26 0, S_0x64ab4b68ba60;
 .timescale 0 0;
P_0x64ab4b69fd20 .param/l "i" 1 6 26, +C4<0110>;
S_0x64ab4b69fe00 .scope generate, "genblk1" "genblk1" 6 27, 6 27 0, S_0x64ab4b69fb70;
 .timescale 0 0;
L_0x64ab4b6ee4b0 .functor NOT 4, L_0x64ab4b6f1210, C4<0000>, C4<0000>, C4<0000>;
v0x64ab4b6a2f50_0 .net *"_ivl_1", 3 0, L_0x64ab4b6f1210;  1 drivers
S_0x64ab4b69ffe0 .scope module, "cla_piece" "cla" 6 31, 6 110 0, S_0x64ab4b69fe00;
 .timescale 0 0;
    .port_info 0 /INPUT 4 "a";
    .port_info 1 /INPUT 4 "b";
    .port_info 2 /INPUT 1 "cin";
    .port_info 3 /OUTPUT 1 "cout";
    .port_info 4 /OUTPUT 4 "sum";
L_0x64ab4b6ee680 .functor AND 4, L_0x64ab4b6f0ef0, L_0x64ab4b6ee4b0, C4<1111>, C4<1111>;
L_0x64ab4b6ee6f0 .functor XOR 4, L_0x64ab4b6f0ef0, L_0x64ab4b6ee4b0, C4<0000>, C4<0000>;
L_0x64ab4b6ee800 .functor BUFZ 1, L_0x64ab4b6f1300, C4<0>, C4<0>, C4<0>;
L_0x64ab4b6eeaf0 .functor AND 1, L_0x64ab4b6ee960, L_0x64ab4b6eea50, C4<1>, C4<1>;
L_0x64ab4b6eec00 .functor OR 1, L_0x64ab4b6ee870, L_0x64ab4b6eeaf0, C4<0>, C4<0>;
L_0x64ab4b6eeef0 .functor AND 1, L_0x64ab4b6eedb0, L_0x64ab4b6eee50, C4<1>, C4<1>;
L_0x64ab4b6eefb0 .functor OR 1, L_0x64ab4b6eed10, L_0x64ab4b6eeef0, C4<0>, C4<0>;
L_0x64ab4b6ef2e0 .functor AND 1, L_0x64ab4b6ef0c0, L_0x64ab4b6ef1f0, C4<1>, C4<1>;
L_0x64ab4b6ef4e0 .functor AND 1, L_0x64ab4b6ef2e0, L_0x64ab4b6ef3f0, C4<1>, C4<1>;
L_0x64ab4b6ef5f0 .functor OR 1, L_0x64ab4b6eefb0, L_0x64ab4b6ef4e0, C4<0>, C4<0>;
L_0x64ab4b6efb50 .functor AND 1, L_0x64ab4b6ef9a0, L_0x64ab4b6efab0, C4<1>, C4<1>;
L_0x64ab4b6efbc0 .functor OR 1, L_0x64ab4b6ef900, L_0x64ab4b6efb50, C4<0>, C4<0>;
L_0x64ab4b6efa40 .functor AND 1, L_0x64ab4b6efd40, L_0x64ab4b6efe60, C4<1>, C4<1>;
L_0x64ab4b6efde0 .functor AND 1, L_0x64ab4b6efa40, L_0x64ab4b6f0060, C4<1>, C4<1>;
L_0x64ab4b6efcd0 .functor OR 1, L_0x64ab4b6efbc0, L_0x64ab4b6efde0, C4<0>, C4<0>;
L_0x64ab4b6f0100 .functor AND 1, L_0x64ab4b6f0350, L_0x64ab4b6f03f0, C4<1>, C4<1>;
L_0x64ab4b6f0230 .functor AND 1, L_0x64ab4b6f0100, L_0x64ab4b6f0660, C4<1>, C4<1>;
L_0x64ab4b6f0490 .functor AND 1, L_0x64ab4b6f0230, L_0x64ab4b6f07a0, C4<1>, C4<1>;
L_0x64ab4b6f05d0 .functor OR 1, L_0x64ab4b6efcd0, L_0x64ab4b6f0490, C4<0>, C4<0>;
L_0x64ab4b6f0de0 .functor AND 1, L_0x64ab4b6f0c80, L_0x64ab4b6f0840, C4<1>, C4<1>;
L_0x64ab4b6f0940 .functor OR 1, L_0x64ab4b6f0ad0, L_0x64ab4b6f0de0, C4<0>, C4<0>;
L_0x64ab4b6f1040 .functor XOR 4, L_0x64ab4b6ee6f0, L_0x64ab4b6ef760, C4<0000>, C4<0000>;
v0x64ab4b6a0260_0 .net *"_ivl_11", 0 0, L_0x64ab4b6ee870;  1 drivers
v0x64ab4b6a0360_0 .net *"_ivl_13", 0 0, L_0x64ab4b6ee960;  1 drivers
v0x64ab4b6a0440_0 .net *"_ivl_15", 0 0, L_0x64ab4b6eea50;  1 drivers
v0x64ab4b6a0530_0 .net *"_ivl_16", 0 0, L_0x64ab4b6eeaf0;  1 drivers
v0x64ab4b6a0610_0 .net *"_ivl_18", 0 0, L_0x64ab4b6eec00;  1 drivers
v0x64ab4b6a0740_0 .net *"_ivl_23", 0 0, L_0x64ab4b6eed10;  1 drivers
v0x64ab4b6a0820_0 .net *"_ivl_25", 0 0, L_0x64ab4b6eedb0;  1 drivers
v0x64ab4b6a0900_0 .net *"_ivl_27", 0 0, L_0x64ab4b6eee50;  1 drivers
v0x64ab4b6a09e0_0 .net *"_ivl_28", 0 0, L_0x64ab4b6eeef0;  1 drivers
v0x64ab4b6a0ac0_0 .net *"_ivl_30", 0 0, L_0x64ab4b6eefb0;  1 drivers
v0x64ab4b6a0ba0_0 .net *"_ivl_33", 0 0, L_0x64ab4b6ef0c0;  1 drivers
v0x64ab4b6a0c80_0 .net *"_ivl_35", 0 0, L_0x64ab4b6ef1f0;  1 drivers
v0x64ab4b6a0d60_0 .net *"_ivl_36", 0 0, L_0x64ab4b6ef2e0;  1 drivers
v0x64ab4b6a0e40_0 .net *"_ivl_39", 0 0, L_0x64ab4b6ef3f0;  1 drivers
v0x64ab4b6a0f20_0 .net *"_ivl_40", 0 0, L_0x64ab4b6ef4e0;  1 drivers
v0x64ab4b6a1000_0 .net *"_ivl_42", 0 0, L_0x64ab4b6ef5f0;  1 drivers
v0x64ab4b6a10e0_0 .net *"_ivl_48", 0 0, L_0x64ab4b6ef900;  1 drivers
v0x64ab4b6a11c0_0 .net *"_ivl_50", 0 0, L_0x64ab4b6ef9a0;  1 drivers
v0x64ab4b6a12a0_0 .net *"_ivl_52", 0 0, L_0x64ab4b6efab0;  1 drivers
v0x64ab4b6a1380_0 .net *"_ivl_53", 0 0, L_0x64ab4b6efb50;  1 drivers
v0x64ab4b6a1460_0 .net *"_ivl_55", 0 0, L_0x64ab4b6efbc0;  1 drivers
v0x64ab4b6a1540_0 .net *"_ivl_58", 0 0, L_0x64ab4b6efd40;  1 drivers
v0x64ab4b6a1620_0 .net *"_ivl_60", 0 0, L_0x64ab4b6efe60;  1 drivers
v0x64ab4b6a1700_0 .net *"_ivl_61", 0 0, L_0x64ab4b6efa40;  1 drivers
v0x64ab4b6a17e0_0 .net *"_ivl_64", 0 0, L_0x64ab4b6f0060;  1 drivers
v0x64ab4b6a18c0_0 .net *"_ivl_65", 0 0, L_0x64ab4b6efde0;  1 drivers
v0x64ab4b6a19a0_0 .net *"_ivl_67", 0 0, L_0x64ab4b6efcd0;  1 drivers
v0x64ab4b6a1a80_0 .net *"_ivl_7", 0 0, L_0x64ab4b6ee800;  1 drivers
v0x64ab4b6a1b60_0 .net *"_ivl_70", 0 0, L_0x64ab4b6f0350;  1 drivers
v0x64ab4b6a1c40_0 .net *"_ivl_72", 0 0, L_0x64ab4b6f03f0;  1 drivers
v0x64ab4b6a1d20_0 .net *"_ivl_73", 0 0, L_0x64ab4b6f0100;  1 drivers
v0x64ab4b6a1e00_0 .net *"_ivl_76", 0 0, L_0x64ab4b6f0660;  1 drivers
v0x64ab4b6a1ee0_0 .net *"_ivl_77", 0 0, L_0x64ab4b6f0230;  1 drivers
v0x64ab4b6a21d0_0 .net *"_ivl_80", 0 0, L_0x64ab4b6f07a0;  1 drivers
v0x64ab4b6a22b0_0 .net *"_ivl_81", 0 0, L_0x64ab4b6f0490;  1 drivers
v0x64ab4b6a2390_0 .net *"_ivl_83", 0 0, L_0x64ab4b6f05d0;  1 drivers
v0x64ab4b6a2470_0 .net *"_ivl_86", 0 0, L_0x64ab4b6f0ad0;  1 drivers
v0x64ab4b6a2550_0 .net *"_ivl_88", 0 0, L_0x64ab4b6f0c80;  1 drivers
v0x64ab4b6a2630_0 .net *"_ivl_90", 0 0, L_0x64ab4b6f0840;  1 drivers
v0x64ab4b6a2710_0 .net *"_ivl_91", 0 0, L_0x64ab4b6f0de0;  1 drivers
v0x64ab4b6a27f0_0 .net "a", 3 0, L_0x64ab4b6f0ef0;  1 drivers
v0x64ab4b6a28d0_0 .net "b", 3 0, L_0x64ab4b6ee4b0;  1 drivers
v0x64ab4b6a29b0_0 .net "c", 3 0, L_0x64ab4b6ef760;  1 drivers
v0x64ab4b6a2a90_0 .net "cin", 0 0, L_0x64ab4b6f1300;  1 drivers
v0x64ab4b6a2b50_0 .net "cout", 0 0, L_0x64ab4b6f0940;  1 drivers
v0x64ab4b6a2c10_0 .net "g", 3 0, L_0x64ab4b6ee680;  1 drivers
v0x64ab4b6a2cf0_0 .net "p", 3 0, L_0x64ab4b6ee6f0;  1 drivers
v0x64ab4b6a2dd0_0 .net "sum", 3 0, L_0x64ab4b6f1040;  1 drivers
L_0x64ab4b6ee870 .part L_0x64ab4b6ee680, 0, 1;
L_0x64ab4b6ee960 .part L_0x64ab4b6ee6f0, 0, 1;
L_0x64ab4b6eea50 .part L_0x64ab4b6ef760, 0, 1;
L_0x64ab4b6eed10 .part L_0x64ab4b6ee680, 1, 1;
L_0x64ab4b6eedb0 .part L_0x64ab4b6ee680, 0, 1;
L_0x64ab4b6eee50 .part L_0x64ab4b6ee6f0, 1, 1;
L_0x64ab4b6ef0c0 .part L_0x64ab4b6ee6f0, 1, 1;
L_0x64ab4b6ef1f0 .part L_0x64ab4b6ee6f0, 0, 1;
L_0x64ab4b6ef3f0 .part L_0x64ab4b6ef760, 0, 1;
L_0x64ab4b6ef760 .concat8 [ 1 1 1 1], L_0x64ab4b6ee800, L_0x64ab4b6eec00, L_0x64ab4b6ef5f0, L_0x64ab4b6f05d0;
L_0x64ab4b6ef900 .part L_0x64ab4b6ee680, 2, 1;
L_0x64ab4b6ef9a0 .part L_0x64ab4b6ee6f0, 2, 1;
L_0x64ab4b6efab0 .part L_0x64ab4b6ee680, 1, 1;
L_0x64ab4b6efd40 .part L_0x64ab4b6ee6f0, 2, 1;
L_0x64ab4b6efe60 .part L_0x64ab4b6ee6f0, 1, 1;
L_0x64ab4b6f0060 .part L_0x64ab4b6ee680, 0, 1;
L_0x64ab4b6f0350 .part L_0x64ab4b6ee6f0, 2, 1;
L_0x64ab4b6f03f0 .part L_0x64ab4b6ee6f0, 1, 1;
L_0x64ab4b6f0660 .part L_0x64ab4b6ee6f0, 0, 1;
L_0x64ab4b6f07a0 .part L_0x64ab4b6ef760, 0, 1;
L_0x64ab4b6f0ad0 .part L_0x64ab4b6ee680, 3, 1;
L_0x64ab4b6f0c80 .part L_0x64ab4b6ee6f0, 3, 1;
L_0x64ab4b6f0840 .part L_0x64ab4b6ef760, 3, 1;
S_0x64ab4b6a3050 .scope generate, "cla_block[7]" "cla_block[7]" 6 26, 6 26 0, S_0x64ab4b68ba60;
 .timescale 0 0;
P_0x64ab4b6a3200 .param/l "i" 1 6 26, +C4<0111>;
S_0x64ab4b6a32e0 .scope generate, "genblk1" "genblk1" 6 27, 6 27 0, S_0x64ab4b6a3050;
 .timescale 0 0;
L_0x64ab4b6f13f0 .functor NOT 4, L_0x64ab4b6f3f20, C4<0000>, C4<0000>, C4<0000>;
v0x64ab4b6a6430_0 .net *"_ivl_1", 3 0, L_0x64ab4b6f3f20;  1 drivers
S_0x64ab4b6a34c0 .scope module, "cla_piece" "cla" 6 31, 6 110 0, S_0x64ab4b6a32e0;
 .timescale 0 0;
    .port_info 0 /INPUT 4 "a";
    .port_info 1 /INPUT 4 "b";
    .port_info 2 /INPUT 1 "cin";
    .port_info 3 /OUTPUT 1 "cout";
    .port_info 4 /OUTPUT 4 "sum";
L_0x64ab4b6f1170 .functor AND 4, L_0x64ab4b6f3ca0, L_0x64ab4b6f13f0, C4<1111>, C4<1111>;
L_0x64ab4b6f14a0 .functor XOR 4, L_0x64ab4b6f3ca0, L_0x64ab4b6f13f0, C4<0000>, C4<0000>;
L_0x64ab4b6f15b0 .functor BUFZ 1, L_0x64ab4b6f40d0, C4<0>, C4<0>, C4<0>;
L_0x64ab4b6f18a0 .functor AND 1, L_0x64ab4b6f1710, L_0x64ab4b6f1800, C4<1>, C4<1>;
L_0x64ab4b6f19b0 .functor OR 1, L_0x64ab4b6f1620, L_0x64ab4b6f18a0, C4<0>, C4<0>;
L_0x64ab4b6f1ca0 .functor AND 1, L_0x64ab4b6f1b60, L_0x64ab4b6f1c00, C4<1>, C4<1>;
L_0x64ab4b6f1d60 .functor OR 1, L_0x64ab4b6f1ac0, L_0x64ab4b6f1ca0, C4<0>, C4<0>;
L_0x64ab4b6f2090 .functor AND 1, L_0x64ab4b6f1e70, L_0x64ab4b6f1fa0, C4<1>, C4<1>;
L_0x64ab4b6f2290 .functor AND 1, L_0x64ab4b6f2090, L_0x64ab4b6f21a0, C4<1>, C4<1>;
L_0x64ab4b6f23a0 .functor OR 1, L_0x64ab4b6f1d60, L_0x64ab4b6f2290, C4<0>, C4<0>;
L_0x64ab4b6f2900 .functor AND 1, L_0x64ab4b6f2750, L_0x64ab4b6f2860, C4<1>, C4<1>;
L_0x64ab4b6f2970 .functor OR 1, L_0x64ab4b6f26b0, L_0x64ab4b6f2900, C4<0>, C4<0>;
L_0x64ab4b6f27f0 .functor AND 1, L_0x64ab4b6f2af0, L_0x64ab4b6f2c10, C4<1>, C4<1>;
L_0x64ab4b6f2b90 .functor AND 1, L_0x64ab4b6f27f0, L_0x64ab4b6f2e10, C4<1>, C4<1>;
L_0x64ab4b6f2a80 .functor OR 1, L_0x64ab4b6f2970, L_0x64ab4b6f2b90, C4<0>, C4<0>;
L_0x64ab4b6f2eb0 .functor AND 1, L_0x64ab4b6f3100, L_0x64ab4b6f31a0, C4<1>, C4<1>;
L_0x64ab4b6f2fe0 .functor AND 1, L_0x64ab4b6f2eb0, L_0x64ab4b6f3410, C4<1>, C4<1>;
L_0x64ab4b6f3240 .functor AND 1, L_0x64ab4b6f2fe0, L_0x64ab4b6f3550, C4<1>, C4<1>;
L_0x64ab4b6f3380 .functor OR 1, L_0x64ab4b6f2a80, L_0x64ab4b6f3240, C4<0>, C4<0>;
L_0x64ab4b6f3b90 .functor AND 1, L_0x64ab4b6f3a30, L_0x64ab4b6f35f0, C4<1>, C4<1>;
L_0x64ab4b6f36f0 .functor OR 1, L_0x64ab4b6f3880, L_0x64ab4b6f3b90, C4<0>, C4<0>;
L_0x64ab4b6f3df0 .functor XOR 4, L_0x64ab4b6f14a0, L_0x64ab4b6f2510, C4<0000>, C4<0000>;
v0x64ab4b6a3740_0 .net *"_ivl_11", 0 0, L_0x64ab4b6f1620;  1 drivers
v0x64ab4b6a3840_0 .net *"_ivl_13", 0 0, L_0x64ab4b6f1710;  1 drivers
v0x64ab4b6a3920_0 .net *"_ivl_15", 0 0, L_0x64ab4b6f1800;  1 drivers
v0x64ab4b6a3a10_0 .net *"_ivl_16", 0 0, L_0x64ab4b6f18a0;  1 drivers
v0x64ab4b6a3af0_0 .net *"_ivl_18", 0 0, L_0x64ab4b6f19b0;  1 drivers
v0x64ab4b6a3c20_0 .net *"_ivl_23", 0 0, L_0x64ab4b6f1ac0;  1 drivers
v0x64ab4b6a3d00_0 .net *"_ivl_25", 0 0, L_0x64ab4b6f1b60;  1 drivers
v0x64ab4b6a3de0_0 .net *"_ivl_27", 0 0, L_0x64ab4b6f1c00;  1 drivers
v0x64ab4b6a3ec0_0 .net *"_ivl_28", 0 0, L_0x64ab4b6f1ca0;  1 drivers
v0x64ab4b6a3fa0_0 .net *"_ivl_30", 0 0, L_0x64ab4b6f1d60;  1 drivers
v0x64ab4b6a4080_0 .net *"_ivl_33", 0 0, L_0x64ab4b6f1e70;  1 drivers
v0x64ab4b6a4160_0 .net *"_ivl_35", 0 0, L_0x64ab4b6f1fa0;  1 drivers
v0x64ab4b6a4240_0 .net *"_ivl_36", 0 0, L_0x64ab4b6f2090;  1 drivers
v0x64ab4b6a4320_0 .net *"_ivl_39", 0 0, L_0x64ab4b6f21a0;  1 drivers
v0x64ab4b6a4400_0 .net *"_ivl_40", 0 0, L_0x64ab4b6f2290;  1 drivers
v0x64ab4b6a44e0_0 .net *"_ivl_42", 0 0, L_0x64ab4b6f23a0;  1 drivers
v0x64ab4b6a45c0_0 .net *"_ivl_48", 0 0, L_0x64ab4b6f26b0;  1 drivers
v0x64ab4b6a46a0_0 .net *"_ivl_50", 0 0, L_0x64ab4b6f2750;  1 drivers
v0x64ab4b6a4780_0 .net *"_ivl_52", 0 0, L_0x64ab4b6f2860;  1 drivers
v0x64ab4b6a4860_0 .net *"_ivl_53", 0 0, L_0x64ab4b6f2900;  1 drivers
v0x64ab4b6a4940_0 .net *"_ivl_55", 0 0, L_0x64ab4b6f2970;  1 drivers
v0x64ab4b6a4a20_0 .net *"_ivl_58", 0 0, L_0x64ab4b6f2af0;  1 drivers
v0x64ab4b6a4b00_0 .net *"_ivl_60", 0 0, L_0x64ab4b6f2c10;  1 drivers
v0x64ab4b6a4be0_0 .net *"_ivl_61", 0 0, L_0x64ab4b6f27f0;  1 drivers
v0x64ab4b6a4cc0_0 .net *"_ivl_64", 0 0, L_0x64ab4b6f2e10;  1 drivers
v0x64ab4b6a4da0_0 .net *"_ivl_65", 0 0, L_0x64ab4b6f2b90;  1 drivers
v0x64ab4b6a4e80_0 .net *"_ivl_67", 0 0, L_0x64ab4b6f2a80;  1 drivers
v0x64ab4b6a4f60_0 .net *"_ivl_7", 0 0, L_0x64ab4b6f15b0;  1 drivers
v0x64ab4b6a5040_0 .net *"_ivl_70", 0 0, L_0x64ab4b6f3100;  1 drivers
v0x64ab4b6a5120_0 .net *"_ivl_72", 0 0, L_0x64ab4b6f31a0;  1 drivers
v0x64ab4b6a5200_0 .net *"_ivl_73", 0 0, L_0x64ab4b6f2eb0;  1 drivers
v0x64ab4b6a52e0_0 .net *"_ivl_76", 0 0, L_0x64ab4b6f3410;  1 drivers
v0x64ab4b6a53c0_0 .net *"_ivl_77", 0 0, L_0x64ab4b6f2fe0;  1 drivers
v0x64ab4b6a56b0_0 .net *"_ivl_80", 0 0, L_0x64ab4b6f3550;  1 drivers
v0x64ab4b6a5790_0 .net *"_ivl_81", 0 0, L_0x64ab4b6f3240;  1 drivers
v0x64ab4b6a5870_0 .net *"_ivl_83", 0 0, L_0x64ab4b6f3380;  1 drivers
v0x64ab4b6a5950_0 .net *"_ivl_86", 0 0, L_0x64ab4b6f3880;  1 drivers
v0x64ab4b6a5a30_0 .net *"_ivl_88", 0 0, L_0x64ab4b6f3a30;  1 drivers
v0x64ab4b6a5b10_0 .net *"_ivl_90", 0 0, L_0x64ab4b6f35f0;  1 drivers
v0x64ab4b6a5bf0_0 .net *"_ivl_91", 0 0, L_0x64ab4b6f3b90;  1 drivers
v0x64ab4b6a5cd0_0 .net "a", 3 0, L_0x64ab4b6f3ca0;  1 drivers
v0x64ab4b6a5db0_0 .net "b", 3 0, L_0x64ab4b6f13f0;  1 drivers
v0x64ab4b6a5e90_0 .net "c", 3 0, L_0x64ab4b6f2510;  1 drivers
v0x64ab4b6a5f70_0 .net "cin", 0 0, L_0x64ab4b6f40d0;  1 drivers
v0x64ab4b6a6030_0 .net "cout", 0 0, L_0x64ab4b6f36f0;  1 drivers
v0x64ab4b6a60f0_0 .net "g", 3 0, L_0x64ab4b6f1170;  1 drivers
v0x64ab4b6a61d0_0 .net "p", 3 0, L_0x64ab4b6f14a0;  1 drivers
v0x64ab4b6a62b0_0 .net "sum", 3 0, L_0x64ab4b6f3df0;  1 drivers
L_0x64ab4b6f1620 .part L_0x64ab4b6f1170, 0, 1;
L_0x64ab4b6f1710 .part L_0x64ab4b6f14a0, 0, 1;
L_0x64ab4b6f1800 .part L_0x64ab4b6f2510, 0, 1;
L_0x64ab4b6f1ac0 .part L_0x64ab4b6f1170, 1, 1;
L_0x64ab4b6f1b60 .part L_0x64ab4b6f1170, 0, 1;
L_0x64ab4b6f1c00 .part L_0x64ab4b6f14a0, 1, 1;
L_0x64ab4b6f1e70 .part L_0x64ab4b6f14a0, 1, 1;
L_0x64ab4b6f1fa0 .part L_0x64ab4b6f14a0, 0, 1;
L_0x64ab4b6f21a0 .part L_0x64ab4b6f2510, 0, 1;
L_0x64ab4b6f2510 .concat8 [ 1 1 1 1], L_0x64ab4b6f15b0, L_0x64ab4b6f19b0, L_0x64ab4b6f23a0, L_0x64ab4b6f3380;
L_0x64ab4b6f26b0 .part L_0x64ab4b6f1170, 2, 1;
L_0x64ab4b6f2750 .part L_0x64ab4b6f14a0, 2, 1;
L_0x64ab4b6f2860 .part L_0x64ab4b6f1170, 1, 1;
L_0x64ab4b6f2af0 .part L_0x64ab4b6f14a0, 2, 1;
L_0x64ab4b6f2c10 .part L_0x64ab4b6f14a0, 1, 1;
L_0x64ab4b6f2e10 .part L_0x64ab4b6f1170, 0, 1;
L_0x64ab4b6f3100 .part L_0x64ab4b6f14a0, 2, 1;
L_0x64ab4b6f31a0 .part L_0x64ab4b6f14a0, 1, 1;
L_0x64ab4b6f3410 .part L_0x64ab4b6f14a0, 0, 1;
L_0x64ab4b6f3550 .part L_0x64ab4b6f2510, 0, 1;
L_0x64ab4b6f3880 .part L_0x64ab4b6f1170, 3, 1;
L_0x64ab4b6f3a30 .part L_0x64ab4b6f14a0, 3, 1;
L_0x64ab4b6f35f0 .part L_0x64ab4b6f2510, 3, 1;
S_0x64ab4b6a68f0 .scope module, "xorer" "xor_gate" 5 11, 6 38 0, S_0x64ab4b66e840;
 .timescale 0 0;
    .port_info 0 /INPUT 32 "a";
    .port_info 1 /INPUT 32 "b";
    .port_info 2 /OUTPUT 32 "result";
L_0x64ab4b6f4a30 .functor XOR 32, v0x64ab4b6b23e0_0, v0x64ab4b6b2580_0, C4<00000000000000000000000000000000>, C4<00000000000000000000000000000000>;
v0x64ab4b6a6ad0_0 .net "a", 31 0, v0x64ab4b6b23e0_0;  alias, 1 drivers
v0x64ab4b6a6bb0_0 .net "b", 31 0, v0x64ab4b6b2580_0;  alias, 1 drivers
v0x64ab4b6a6c70_0 .net "result", 31 0, L_0x64ab4b6f4a30;  alias, 1 drivers
S_0x64ab4b6a7c90 .scope module, "my_alu_control" "alu_control" 4 163, 7 1 0, S_0x64ab4b66e1c0;
 .timescale 0 0;
    .port_info 0 /INPUT 7 "opcode";
    .port_info 1 /INPUT 3 "funct3";
    .port_info 2 /INPUT 7 "funct7";
    .port_info 3 /INPUT 32 "imm";
    .port_info 4 /OUTPUT 5 "sel";
P_0x64ab4b6a7e40 .param/l "ALU_add" 1 7 9, C4<00000>;
P_0x64ab4b6a7e80 .param/l "ALU_and" 1 7 9, C4<00100>;
P_0x64ab4b6a7ec0 .param/l "ALU_or" 1 7 9, C4<00011>;
P_0x64ab4b6a7f00 .param/l "ALU_sll" 1 7 9, C4<00101>;
P_0x64ab4b6a7f40 .param/l "ALU_slt" 1 7 9, C4<01000>;
P_0x64ab4b6a7f80 .param/l "ALU_sltu" 1 7 9, C4<01001>;
P_0x64ab4b6a7fc0 .param/l "ALU_sra" 1 7 9, C4<00111>;
P_0x64ab4b6a8000 .param/l "ALU_srl" 1 7 9, C4<00110>;
P_0x64ab4b6a8040 .param/l "ALU_sub" 1 7 9, C4<00001>;
P_0x64ab4b6a8080 .param/l "ALU_xor" 1 7 9, C4<00010>;
v0x64ab4b6a8610_0 .net "funct3", 2 0, v0x64ab4b6b0d80_0;  1 drivers
v0x64ab4b6a8710_0 .net "funct7", 6 0, v0x64ab4b6b0e70_0;  1 drivers
v0x64ab4b6a87f0_0 .net "imm", 31 0, v0x64ab4b6b0f40_0;  1 drivers
v0x64ab4b6a88e0_0 .net "opcode", 6 0, v0x64ab4b6b1230_0;  1 drivers
v0x64ab4b6a89c0_0 .var "sel", 4 0;
E_0x64ab4b4a2750 .event anyedge, v0x64ab4b6a88e0_0, v0x64ab4b6a8610_0, v0x64ab4b6a8710_0, v0x64ab4b6a87f0_0;
S_0x64ab4b6a8b80 .scope module, "my_control" "control" 4 151, 8 1 0, S_0x64ab4b66e1c0;
 .timescale 0 0;
    .port_info 0 /INPUT 7 "opcode";
    .port_info 1 /OUTPUT 1 "reg_write";
    .port_info 2 /OUTPUT 1 "data_write";
    .port_info 3 /OUTPUT 1 "data_read";
    .port_info 4 /OUTPUT 1 "mem_to_reg";
    .port_info 5 /OUTPUT 1 "ALU_src";
    .port_info 6 /OUTPUT 1 "branch";
    .port_info 7 /OUTPUT 1 "jump";
    .port_info 8 /OUTPUT 1 "jalr";
v0x64ab4b6a8eb0_0 .var "ALU_src", 0 0;
v0x64ab4b6a8f90_0 .var "branch", 0 0;
v0x64ab4b6a9050_0 .var "data_read", 0 0;
v0x64ab4b6a9120_0 .var "data_write", 0 0;
v0x64ab4b6a91e0_0 .var "jalr", 0 0;
v0x64ab4b6a92f0_0 .var "jump", 0 0;
v0x64ab4b6a93b0_0 .var "mem_to_reg", 0 0;
v0x64ab4b6a9470_0 .net "opcode", 6 0, v0x64ab4b6ac530_0;  alias, 1 drivers
v0x64ab4b6a9550_0 .var "reg_write", 0 0;
E_0x64ab4b4a2af0 .event anyedge, v0x64ab4b6a9470_0;
S_0x64ab4b6a9730 .scope module, "my_dmem" "data_mem" 4 181, 9 1 0, S_0x64ab4b66e1c0;
 .timescale 0 0;
    .port_info 0 /INPUT 1 "clk";
    .port_info 1 /INPUT 1 "mem_write";
    .port_info 2 /INPUT 1 "mem_read";
    .port_info 3 /INPUT 3 "funct3";
    .port_info 4 /INPUT 32 "addr";
    .port_info 5 /INPUT 32 "write_data";
    .port_info 6 /OUTPUT 32 "read_data";
L_0x64ab4b6f6250 .functor BUFZ 32, L_0x64ab4b6f5f30, C4<00000000000000000000000000000000>, C4<00000000000000000000000000000000>, C4<00000000000000000000000000000000>;
v0x64ab4b6a9990_0 .net *"_ivl_0", 31 0, L_0x64ab4b6f5f30;  1 drivers
v0x64ab4b6a9a90_0 .net *"_ivl_3", 7 0, L_0x64ab4b6f5fd0;  1 drivers
v0x64ab4b6a9b70_0 .net *"_ivl_4", 9 0, L_0x64ab4b6f60c0;  1 drivers
L_0x7b19b7a603c0 .functor BUFT 1, C4<00>, C4<0>, C4<0>, C4<0>;
v0x64ab4b6a9c60_0 .net *"_ivl_7", 1 0, L_0x7b19b7a603c0;  1 drivers
v0x64ab4b6a9d40_0 .net "addr", 31 0, v0x64ab4b6afbc0_0;  1 drivers
v0x64ab4b6a9e70_0 .net "clk", 0 0, v0x64ab4b6b45c0_0;  alias, 1 drivers
v0x64ab4b6a9f30 .array "data", 255 0, 31 0;
v0x64ab4b6a9ff0_0 .net "funct3", 2 0, v0x64ab4b6b0080_0;  1 drivers
v0x64ab4b6aa0d0_0 .net "mem_read", 0 0, v0x64ab4b6afee0_0;  1 drivers
v0x64ab4b6aa190_0 .net "mem_write", 0 0, v0x64ab4b6affb0_0;  1 drivers
v0x64ab4b6aa250_0 .var "read_data", 31 0;
v0x64ab4b6aa330_0 .net "word", 31 0, L_0x64ab4b6f6250;  1 drivers
v0x64ab4b6aa410_0 .net "write_data", 31 0, v0x64ab4b6b0590_0;  1 drivers
E_0x64ab4b4a2c10 .event anyedge, v0x64ab4b6aa0d0_0, v0x64ab4b6a9ff0_0, v0x64ab4b6a9d40_0, v0x64ab4b6aa330_0;
L_0x64ab4b6f5f30 .array/port v0x64ab4b6a9f30, L_0x64ab4b6f60c0;
L_0x64ab4b6f5fd0 .part v0x64ab4b6afbc0_0, 2, 8;
L_0x64ab4b6f60c0 .concat [ 8 2 0 0], L_0x64ab4b6f5fd0, L_0x7b19b7a603c0;
S_0x64ab4b6aa5d0 .scope module, "my_fwd" "forwarding_unit" 4 192, 10 1 0, S_0x64ab4b66e1c0;
 .timescale 0 0;
    .port_info 0 /INPUT 5 "ID_EX_rs1";
    .port_info 1 /INPUT 5 "ID_EX_rs2";
    .port_info 2 /INPUT 5 "EX_MEM_rd";
    .port_info 3 /INPUT 5 "MEM_WB_rd";
    .port_info 4 /INPUT 1 "EX_MEM_reg_write";
    .port_info 5 /INPUT 1 "MEM_WB_reg_write";
    .port_info 6 /OUTPUT 2 "fwd_a";
    .port_info 7 /OUTPUT 2 "fwd_b";
v0x64ab4b6aa8f0_0 .net "EX_MEM_rd", 4 0, v0x64ab4b6b0680_0;  1 drivers
v0x64ab4b6aa9f0_0 .net "EX_MEM_reg_write", 0 0, v0x64ab4b6b0860_0;  1 drivers
v0x64ab4b6aaab0_0 .net "ID_EX_rs1", 4 0, v0x64ab4b6b1940_0;  1 drivers
v0x64ab4b6aab70_0 .net "ID_EX_rs2", 4 0, v0x64ab4b6b1a30_0;  1 drivers
v0x64ab4b6aac50_0 .net "MEM_WB_rd", 4 0, v0x64ab4b6b1fd0_0;  1 drivers
v0x64ab4b6aad80_0 .net "MEM_WB_reg_write", 0 0, v0x64ab4b6b2170_0;  1 drivers
v0x64ab4b6aae40_0 .var "fwd_a", 1 0;
v0x64ab4b6aaf20_0 .var "fwd_b", 1 0;
E_0x64ab4b4a2790/0 .event anyedge, v0x64ab4b6aa9f0_0, v0x64ab4b6aa8f0_0, v0x64ab4b6aaab0_0, v0x64ab4b6aad80_0;
E_0x64ab4b4a2790/1 .event anyedge, v0x64ab4b6aac50_0, v0x64ab4b6aab70_0;
E_0x64ab4b4a2790 .event/or E_0x64ab4b4a2790/0, E_0x64ab4b4a2790/1;
S_0x64ab4b6ab150 .scope module, "my_hazard" "hazard_unit" 4 203, 11 1 0, S_0x64ab4b66e1c0;
 .timescale 0 0;
    .port_info 0 /INPUT 1 "ID_EX_data_read";
    .port_info 1 /INPUT 5 "ID_EX_rd";
    .port_info 2 /INPUT 5 "IF_ID_rs1";
    .port_info 3 /INPUT 5 "IF_ID_rs2";
    .port_info 4 /OUTPUT 1 "stall";
v0x64ab4b6ab380_0 .net "ID_EX_data_read", 0 0, v0x64ab4b6b0c10_0;  1 drivers
v0x64ab4b6ab460_0 .net "ID_EX_rd", 4 0, v0x64ab4b6b17b0_0;  1 drivers
v0x64ab4b6ab540_0 .net "IF_ID_rs1", 4 0, L_0x64ab4b6f6310;  1 drivers
v0x64ab4b6ab630_0 .net "IF_ID_rs2", 4 0, L_0x64ab4b6f6400;  1 drivers
v0x64ab4b6ab710_0 .var "stall", 0 0;
E_0x64ab4b66c910 .event anyedge, v0x64ab4b6ab380_0, v0x64ab4b6ab460_0, v0x64ab4b6ab540_0, v0x64ab4b6ab630_0;
S_0x64ab4b6ab8c0 .scope module, "my_idec" "instdecoder" 4 128, 12 1 0, S_0x64ab4b66e1c0;
 .timescale 0 0;
    .port_info 0 /INPUT 32 "instr";
    .port_info 1 /OUTPUT 7 "funct7";
    .port_info 2 /OUTPUT 5 "rs1";
    .port_info 3 /OUTPUT 5 "rs2";
    .port_info 4 /OUTPUT 5 "rd";
    .port_info 5 /OUTPUT 3 "funct3";
    .port_info 6 /OUTPUT 7 "opcode";
    .port_info 7 /OUTPUT 32 "imm";
    .port_info 8 /OUTPUT 3 "inst_type";
P_0x64ab4b6abaa0 .param/l "B_type" 1 12 12, C4<011>;
P_0x64ab4b6abae0 .param/l "I_type" 1 12 12, C4<001>;
P_0x64ab4b6abb20 .param/l "J_type" 1 12 12, C4<101>;
P_0x64ab4b6abb60 .param/l "R_type" 1 12 12, C4<000>;
P_0x64ab4b6abba0 .param/l "S_type" 1 12 12, C4<010>;
P_0x64ab4b6abbe0 .param/l "U_type" 1 12 12, C4<100>;
v0x64ab4b6ac080_0 .var "funct3", 2 0;
v0x64ab4b6ac180_0 .var "funct7", 6 0;
v0x64ab4b6ac260_0 .var "imm", 31 0;
v0x64ab4b6ac320_0 .var "inst_type", 2 0;
v0x64ab4b6ac400_0 .net "instr", 31 0, v0x64ab4b6b1b00_0;  1 drivers
v0x64ab4b6ac530_0 .var "opcode", 6 0;
v0x64ab4b6ac5f0_0 .var "rd", 4 0;
v0x64ab4b6ac6b0_0 .var "rs1", 4 0;
v0x64ab4b6ac790_0 .var "rs2", 4 0;
E_0x64ab4b6ac020 .event anyedge, v0x64ab4b6ac400_0;
S_0x64ab4b6aca20 .scope module, "my_imem" "instmem" 4 123, 13 1 0, S_0x64ab4b66e1c0;
 .timescale 0 0;
    .port_info 0 /INPUT 32 "addr";
    .port_info 1 /OUTPUT 32 "instr";
L_0x64ab4b654590 .functor BUFZ 32, L_0x64ab4b6b4fd0, C4<00000000000000000000000000000000>, C4<00000000000000000000000000000000>, C4<00000000000000000000000000000000>;
v0x64ab4b6acc10_0 .net *"_ivl_0", 31 0, L_0x64ab4b6b4fd0;  1 drivers
v0x64ab4b6acd10_0 .net *"_ivl_3", 7 0, L_0x64ab4b6b5070;  1 drivers
v0x64ab4b6acdf0_0 .net *"_ivl_4", 9 0, L_0x64ab4b6b5110;  1 drivers
L_0x7b19b7a60018 .functor BUFT 1, C4<00>, C4<0>, C4<0>, C4<0>;
v0x64ab4b6acee0_0 .net *"_ivl_7", 1 0, L_0x7b19b7a60018;  1 drivers
v0x64ab4b6acfc0_0 .net "addr", 31 0, v0x64ab4b6ad640_0;  alias, 1 drivers
v0x64ab4b6ad0f0_0 .net "instr", 31 0, L_0x64ab4b654590;  alias, 1 drivers
v0x64ab4b6ad1d0 .array "rom", 255 0, 31 0;
L_0x64ab4b6b4fd0 .array/port v0x64ab4b6ad1d0, L_0x64ab4b6b5110;
L_0x64ab4b6b5070 .part v0x64ab4b6ad640_0, 2, 8;
L_0x64ab4b6b5110 .concat [ 8 2 0 0], L_0x64ab4b6b5070, L_0x7b19b7a60018;
S_0x64ab4b6ad2f0 .scope module, "my_pc" "prog_counter" 4 114, 14 1 0, S_0x64ab4b66e1c0;
 .timescale 0 0;
    .port_info 0 /INPUT 1 "clk";
    .port_info 1 /INPUT 1 "rst";
    .port_info 2 /INPUT 1 "b_ena";
    .port_info 3 /INPUT 1 "stall";
    .port_info 4 /INPUT 32 "target";
    .port_info 5 /OUTPUT 32 "addr";
v0x64ab4b6ad640_0 .var "addr", 31 0;
v0x64ab4b6ad700_0 .net "b_ena", 0 0, L_0x64ab4b557620;  1 drivers
v0x64ab4b6ad7a0_0 .net "clk", 0 0, v0x64ab4b6b45c0_0;  alias, 1 drivers
v0x64ab4b6ad8a0_0 .net "rst", 0 0, v0x64ab4b6b4b40_0;  alias, 1 drivers
v0x64ab4b6ad940_0 .net "stall", 0 0, v0x64ab4b6ab710_0;  alias, 1 drivers
v0x64ab4b6ad9e0_0 .net "target", 31 0, v0x64ab4b6afe20_0;  1 drivers
S_0x64ab4b6adb80 .scope module, "my_regs" "reg_file" 4 140, 15 1 0, S_0x64ab4b66e1c0;
 .timescale 0 0;
    .port_info 0 /INPUT 32 "data";
    .port_info 1 /INPUT 1 "reg_write";
    .port_info 2 /INPUT 1 "clk";
    .port_info 3 /INPUT 5 "rs1";
    .port_info 4 /INPUT 5 "rs2";
    .port_info 5 /INPUT 5 "rd";
    .port_info 6 /OUTPUT 32 "r1";
    .port_info 7 /OUTPUT 32 "r2";
L_0x64ab4b555230 .functor AND 1, v0x64ab4b6b2170_0, L_0x64ab4b6b5340, C4<1>, C4<1>;
L_0x64ab4b6c5710 .functor AND 1, L_0x64ab4b555230, L_0x64ab4b6c55a0, C4<1>, C4<1>;
L_0x64ab4b6c5d30 .functor AND 1, v0x64ab4b6b2170_0, L_0x64ab4b6c5c90, C4<1>, C4<1>;
L_0x64ab4b6c6100 .functor AND 1, L_0x64ab4b6c5d30, L_0x64ab4b6c5fc0, C4<1>, C4<1>;
v0x64ab4b6ade80_0 .net *"_ivl_0", 0 0, L_0x64ab4b6b5340;  1 drivers
v0x64ab4b6adf60_0 .net *"_ivl_10", 0 0, L_0x64ab4b6c55a0;  1 drivers
v0x64ab4b6ae020_0 .net *"_ivl_13", 0 0, L_0x64ab4b6c5710;  1 drivers
v0x64ab4b6ae0f0_0 .net *"_ivl_14", 31 0, L_0x64ab4b6c5820;  1 drivers
v0x64ab4b6ae1d0_0 .net *"_ivl_16", 6 0, L_0x64ab4b6c58f0;  1 drivers
L_0x7b19b7a600f0 .functor BUFT 1, C4<00>, C4<0>, C4<0>, C4<0>;
v0x64ab4b6ae300_0 .net *"_ivl_19", 1 0, L_0x7b19b7a600f0;  1 drivers
v0x64ab4b6ae3e0_0 .net *"_ivl_22", 0 0, L_0x64ab4b6c5c90;  1 drivers
v0x64ab4b6ae4a0_0 .net *"_ivl_25", 0 0, L_0x64ab4b6c5d30;  1 drivers
v0x64ab4b6ae560_0 .net *"_ivl_26", 31 0, L_0x64ab4b6c5e30;  1 drivers
L_0x7b19b7a60138 .functor BUFT 1, C4<000000000000000000000000000>, C4<0>, C4<0>, C4<0>;
v0x64ab4b6ae6d0_0 .net *"_ivl_29", 26 0, L_0x7b19b7a60138;  1 drivers
v0x64ab4b6ae7b0_0 .net *"_ivl_3", 0 0, L_0x64ab4b555230;  1 drivers
L_0x7b19b7a60180 .functor BUFT 1, C4<00000000000000000000000000000000>, C4<0>, C4<0>, C4<0>;
v0x64ab4b6ae870_0 .net/2u *"_ivl_30", 31 0, L_0x7b19b7a60180;  1 drivers
v0x64ab4b6ae950_0 .net *"_ivl_32", 0 0, L_0x64ab4b6c5fc0;  1 drivers
v0x64ab4b6aea10_0 .net *"_ivl_35", 0 0, L_0x64ab4b6c6100;  1 drivers
v0x64ab4b6aead0_0 .net *"_ivl_36", 31 0, L_0x64ab4b6c6210;  1 drivers
v0x64ab4b6aebb0_0 .net *"_ivl_38", 6 0, L_0x64ab4b6c6310;  1 drivers
v0x64ab4b6aec90_0 .net *"_ivl_4", 31 0, L_0x64ab4b6b5430;  1 drivers
L_0x7b19b7a601c8 .functor BUFT 1, C4<00>, C4<0>, C4<0>, C4<0>;
v0x64ab4b6aee80_0 .net *"_ivl_41", 1 0, L_0x7b19b7a601c8;  1 drivers
L_0x7b19b7a60060 .functor BUFT 1, C4<000000000000000000000000000>, C4<0>, C4<0>, C4<0>;
v0x64ab4b6aef60_0 .net *"_ivl_7", 26 0, L_0x7b19b7a60060;  1 drivers
L_0x7b19b7a600a8 .functor BUFT 1, C4<00000000000000000000000000000000>, C4<0>, C4<0>, C4<0>;
v0x64ab4b6af040_0 .net/2u *"_ivl_8", 31 0, L_0x7b19b7a600a8;  1 drivers
v0x64ab4b6af120_0 .net "clk", 0 0, v0x64ab4b6b45c0_0;  alias, 1 drivers
v0x64ab4b6af1c0_0 .net "data", 31 0, v0x64ab4b6b4480_0;  1 drivers
v0x64ab4b6af2a0_0 .var/i "i", 31 0;
v0x64ab4b6af380_0 .net "r1", 31 0, L_0x64ab4b6c5a70;  alias, 1 drivers
v0x64ab4b6af460_0 .net "r2", 31 0, L_0x64ab4b6c6440;  alias, 1 drivers
v0x64ab4b6af540_0 .net "rd", 4 0, v0x64ab4b6b1fd0_0;  alias, 1 drivers
v0x64ab4b6af600_0 .net "reg_write", 0 0, v0x64ab4b6b2170_0;  alias, 1 drivers
v0x64ab4b6af6a0 .array "registers", 31 0, 31 0;
v0x64ab4b6af740_0 .net "rs1", 4 0, v0x64ab4b6ac6b0_0;  alias, 1 drivers
v0x64ab4b6af810_0 .net "rs2", 4 0, v0x64ab4b6ac790_0;  alias, 1 drivers
L_0x64ab4b6b5340 .cmp/eq 5, v0x64ab4b6b1fd0_0, v0x64ab4b6ac6b0_0;
L_0x64ab4b6b5430 .concat [ 5 27 0 0], v0x64ab4b6b1fd0_0, L_0x7b19b7a60060;
L_0x64ab4b6c55a0 .cmp/ne 32, L_0x64ab4b6b5430, L_0x7b19b7a600a8;
L_0x64ab4b6c5820 .array/port v0x64ab4b6af6a0, L_0x64ab4b6c58f0;
L_0x64ab4b6c58f0 .concat [ 5 2 0 0], v0x64ab4b6ac6b0_0, L_0x7b19b7a600f0;
L_0x64ab4b6c5a70 .functor MUXZ 32, L_0x64ab4b6c5820, v0x64ab4b6b4480_0, L_0x64ab4b6c5710, C4<>;
L_0x64ab4b6c5c90 .cmp/eq 5, v0x64ab4b6b1fd0_0, v0x64ab4b6ac790_0;
L_0x64ab4b6c5e30 .concat [ 5 27 0 0], v0x64ab4b6b1fd0_0, L_0x7b19b7a60138;
L_0x64ab4b6c5fc0 .cmp/ne 32, L_0x64ab4b6c5e30, L_0x7b19b7a60180;
L_0x64ab4b6c6210 .array/port v0x64ab4b6af6a0, L_0x64ab4b6c6310;
L_0x64ab4b6c6310 .concat [ 5 2 0 0], v0x64ab4b6ac790_0, L_0x7b19b7a601c8;
L_0x64ab4b6c6440 .functor MUXZ 32, L_0x64ab4b6c6210, v0x64ab4b6b4480_0, L_0x64ab4b6c6100, C4<>;
    .scope S_0x64ab4b6ad2f0;
T_2 ;
    %wait E_0x64ab4b4bf620;
    %load/vec4 v0x64ab4b6ad940_0;
    %flag_set/vec4 8;
    %jmp/0xz  T_2.0, 8;
    %load/vec4 v0x64ab4b6ad640_0;
    %assign/vec4 v0x64ab4b6ad640_0, 0;
    %jmp T_2.1;
T_2.0 ;
    %load/vec4 v0x64ab4b6ad8a0_0;
    %flag_set/vec4 8;
    %jmp/0xz  T_2.2, 8;
    %pushi/vec4 0, 0, 32;
    %assign/vec4 v0x64ab4b6ad640_0, 0;
    %jmp T_2.3;
T_2.2 ;
    %load/vec4 v0x64ab4b6ad700_0;
    %flag_set/vec4 8;
    %jmp/0xz  T_2.4, 8;
    %load/vec4 v0x64ab4b6ad9e0_0;
    %assign/vec4 v0x64ab4b6ad640_0, 0;
    %jmp T_2.5;
T_2.4 ;
    %load/vec4 v0x64ab4b6ad640_0;
    %addi 4, 0, 32;
    %assign/vec4 v0x64ab4b6ad640_0, 0;
T_2.5 ;
T_2.3 ;
T_2.1 ;
    %jmp T_2;
    .thread T_2;
    .scope S_0x64ab4b6aca20;
T_3 ;
    %vpi_call/w 13 8 "$readmemh", "../sw/instmemp.hex", v0x64ab4b6ad1d0 {0 0 0};
    %end;
    .thread T_3;
    .scope S_0x64ab4b6ab8c0;
T_4 ;
    %wait E_0x64ab4b6ac020;
    %pushi/vec4 0, 0, 7;
    %store/vec4 v0x64ab4b6ac180_0, 0, 7;
    %pushi/vec4 0, 0, 5;
    %store/vec4 v0x64ab4b6ac6b0_0, 0, 5;
    %pushi/vec4 0, 0, 5;
    %store/vec4 v0x64ab4b6ac790_0, 0, 5;
    %pushi/vec4 0, 0, 5;
    %store/vec4 v0x64ab4b6ac5f0_0, 0, 5;
    %pushi/vec4 0, 0, 3;
    %store/vec4 v0x64ab4b6ac080_0, 0, 3;
    %pushi/vec4 0, 0, 7;
    %store/vec4 v0x64ab4b6ac530_0, 0, 7;
    %pushi/vec4 0, 0, 32;
    %store/vec4 v0x64ab4b6ac260_0, 0, 32;
    %pushi/vec4 0, 0, 3;
    %store/vec4 v0x64ab4b6ac320_0, 0, 3;
    %load/vec4 v0x64ab4b6ac400_0;
    %parti/s 7, 0, 2;
    %dup/vec4;
    %pushi/vec4 51, 0, 7;
    %cmp/u;
    %jmp/1 T_4.0, 6;
    %dup/vec4;
    %pushi/vec4 19, 0, 7;
    %cmp/u;
    %jmp/1 T_4.1, 6;
    %dup/vec4;
    %pushi/vec4 3, 0, 7;
    %cmp/u;
    %jmp/1 T_4.2, 6;
    %dup/vec4;
    %pushi/vec4 103, 0, 7;
    %cmp/u;
    %jmp/1 T_4.3, 6;
    %dup/vec4;
    %pushi/vec4 35, 0, 7;
    %cmp/u;
    %jmp/1 T_4.4, 6;
    %dup/vec4;
    %pushi/vec4 99, 0, 7;
    %cmp/u;
    %jmp/1 T_4.5, 6;
    %dup/vec4;
    %pushi/vec4 55, 0, 7;
    %cmp/u;
    %jmp/1 T_4.6, 6;
    %dup/vec4;
    %pushi/vec4 23, 0, 7;
    %cmp/u;
    %jmp/1 T_4.7, 6;
    %dup/vec4;
    %pushi/vec4 111, 0, 7;
    %cmp/u;
    %jmp/1 T_4.8, 6;
    %jmp T_4.9;
T_4.0 ;
    %load/vec4 v0x64ab4b6ac400_0;
    %parti/s 7, 25, 6;
    %store/vec4 v0x64ab4b6ac180_0, 0, 7;
    %load/vec4 v0x64ab4b6ac400_0;
    %parti/s 5, 20, 6;
    %store/vec4 v0x64ab4b6ac790_0, 0, 5;
    %load/vec4 v0x64ab4b6ac400_0;
    %parti/s 5, 15, 5;
    %store/vec4 v0x64ab4b6ac6b0_0, 0, 5;
    %load/vec4 v0x64ab4b6ac400_0;
    %parti/s 3, 12, 5;
    %store/vec4 v0x64ab4b6ac080_0, 0, 3;
    %load/vec4 v0x64ab4b6ac400_0;
    %parti/s 5, 7, 4;
    %store/vec4 v0x64ab4b6ac5f0_0, 0, 5;
    %load/vec4 v0x64ab4b6ac400_0;
    %parti/s 7, 0, 2;
    %store/vec4 v0x64ab4b6ac530_0, 0, 7;
    %pushi/vec4 0, 0, 3;
    %store/vec4 v0x64ab4b6ac320_0, 0, 3;
    %jmp T_4.9;
T_4.1 ;
    %load/vec4 v0x64ab4b6ac400_0;
    %parti/s 1, 31, 6;
    %replicate 20;
    %load/vec4 v0x64ab4b6ac400_0;
    %parti/s 12, 20, 6;
    %concat/vec4; draw_concat_vec4
    %store/vec4 v0x64ab4b6ac260_0, 0, 32;
    %load/vec4 v0x64ab4b6ac400_0;
    %parti/s 5, 15, 5;
    %store/vec4 v0x64ab4b6ac6b0_0, 0, 5;
    %load/vec4 v0x64ab4b6ac400_0;
    %parti/s 3, 12, 5;
    %store/vec4 v0x64ab4b6ac080_0, 0, 3;
    %load/vec4 v0x64ab4b6ac400_0;
    %parti/s 5, 7, 4;
    %store/vec4 v0x64ab4b6ac5f0_0, 0, 5;
    %load/vec4 v0x64ab4b6ac400_0;
    %parti/s 7, 0, 2;
    %store/vec4 v0x64ab4b6ac530_0, 0, 7;
    %pushi/vec4 1, 0, 3;
    %store/vec4 v0x64ab4b6ac320_0, 0, 3;
    %jmp T_4.9;
T_4.2 ;
    %load/vec4 v0x64ab4b6ac400_0;
    %parti/s 1, 31, 6;
    %replicate 20;
    %load/vec4 v0x64ab4b6ac400_0;
    %parti/s 12, 20, 6;
    %concat/vec4; draw_concat_vec4
    %store/vec4 v0x64ab4b6ac260_0, 0, 32;
    %load/vec4 v0x64ab4b6ac400_0;
    %parti/s 5, 15, 5;
    %store/vec4 v0x64ab4b6ac6b0_0, 0, 5;
    %load/vec4 v0x64ab4b6ac400_0;
    %parti/s 3, 12, 5;
    %store/vec4 v0x64ab4b6ac080_0, 0, 3;
    %load/vec4 v0x64ab4b6ac400_0;
    %parti/s 5, 7, 4;
    %store/vec4 v0x64ab4b6ac5f0_0, 0, 5;
    %load/vec4 v0x64ab4b6ac400_0;
    %parti/s 7, 0, 2;
    %store/vec4 v0x64ab4b6ac530_0, 0, 7;
    %pushi/vec4 1, 0, 3;
    %store/vec4 v0x64ab4b6ac320_0, 0, 3;
    %jmp T_4.9;
T_4.3 ;
    %load/vec4 v0x64ab4b6ac400_0;
    %parti/s 1, 31, 6;
    %replicate 20;
    %load/vec4 v0x64ab4b6ac400_0;
    %parti/s 12, 20, 6;
    %concat/vec4; draw_concat_vec4
    %store/vec4 v0x64ab4b6ac260_0, 0, 32;
    %load/vec4 v0x64ab4b6ac400_0;
    %parti/s 5, 15, 5;
    %store/vec4 v0x64ab4b6ac6b0_0, 0, 5;
    %load/vec4 v0x64ab4b6ac400_0;
    %parti/s 3, 12, 5;
    %store/vec4 v0x64ab4b6ac080_0, 0, 3;
    %load/vec4 v0x64ab4b6ac400_0;
    %parti/s 5, 7, 4;
    %store/vec4 v0x64ab4b6ac5f0_0, 0, 5;
    %load/vec4 v0x64ab4b6ac400_0;
    %parti/s 7, 0, 2;
    %store/vec4 v0x64ab4b6ac530_0, 0, 7;
    %pushi/vec4 1, 0, 3;
    %store/vec4 v0x64ab4b6ac320_0, 0, 3;
    %jmp T_4.9;
T_4.4 ;
    %load/vec4 v0x64ab4b6ac400_0;
    %parti/s 7, 25, 6;
    %ix/load 4, 5, 0;
    %flag_set/imm 4, 0;
    %store/vec4 v0x64ab4b6ac260_0, 4, 7;
    %load/vec4 v0x64ab4b6ac400_0;
    %parti/s 5, 20, 6;
    %store/vec4 v0x64ab4b6ac790_0, 0, 5;
    %load/vec4 v0x64ab4b6ac400_0;
    %parti/s 5, 15, 5;
    %store/vec4 v0x64ab4b6ac6b0_0, 0, 5;
    %load/vec4 v0x64ab4b6ac400_0;
    %parti/s 3, 12, 5;
    %store/vec4 v0x64ab4b6ac080_0, 0, 3;
    %load/vec4 v0x64ab4b6ac400_0;
    %parti/s 5, 7, 4;
    %ix/load 4, 0, 0;
    %flag_set/imm 4, 0;
    %store/vec4 v0x64ab4b6ac260_0, 4, 5;
    %load/vec4 v0x64ab4b6ac400_0;
    %parti/s 7, 0, 2;
    %store/vec4 v0x64ab4b6ac530_0, 0, 7;
    %pushi/vec4 2, 0, 3;
    %store/vec4 v0x64ab4b6ac320_0, 0, 3;
    %load/vec4 v0x64ab4b6ac400_0;
    %parti/s 1, 31, 6;
    %replicate 20;
    %ix/load 4, 12, 0;
    %flag_set/imm 4, 0;
    %store/vec4 v0x64ab4b6ac260_0, 4, 20;
    %jmp T_4.9;
T_4.5 ;
    %load/vec4 v0x64ab4b6ac400_0;
    %parti/s 1, 31, 6;
    %ix/load 4, 12, 0;
    %flag_set/imm 4, 0;
    %store/vec4 v0x64ab4b6ac260_0, 4, 1;
    %load/vec4 v0x64ab4b6ac400_0;
    %parti/s 6, 25, 6;
    %ix/load 4, 5, 0;
    %flag_set/imm 4, 0;
    %store/vec4 v0x64ab4b6ac260_0, 4, 6;
    %load/vec4 v0x64ab4b6ac400_0;
    %parti/s 5, 20, 6;
    %store/vec4 v0x64ab4b6ac790_0, 0, 5;
    %load/vec4 v0x64ab4b6ac400_0;
    %parti/s 5, 15, 5;
    %store/vec4 v0x64ab4b6ac6b0_0, 0, 5;
    %load/vec4 v0x64ab4b6ac400_0;
    %parti/s 3, 12, 5;
    %store/vec4 v0x64ab4b6ac080_0, 0, 3;
    %load/vec4 v0x64ab4b6ac400_0;
    %parti/s 4, 8, 5;
    %ix/load 4, 1, 0;
    %flag_set/imm 4, 0;
    %store/vec4 v0x64ab4b6ac260_0, 4, 4;
    %load/vec4 v0x64ab4b6ac400_0;
    %parti/s 1, 7, 4;
    %ix/load 4, 11, 0;
    %flag_set/imm 4, 0;
    %store/vec4 v0x64ab4b6ac260_0, 4, 1;
    %load/vec4 v0x64ab4b6ac400_0;
    %parti/s 7, 0, 2;
    %store/vec4 v0x64ab4b6ac530_0, 0, 7;
    %pushi/vec4 3, 0, 3;
    %store/vec4 v0x64ab4b6ac320_0, 0, 3;
    %load/vec4 v0x64ab4b6ac400_0;
    %parti/s 1, 31, 6;
    %replicate 20;
    %ix/load 4, 12, 0;
    %flag_set/imm 4, 0;
    %store/vec4 v0x64ab4b6ac260_0, 4, 20;
    %jmp T_4.9;
T_4.6 ;
    %load/vec4 v0x64ab4b6ac400_0;
    %parti/s 20, 12, 5;
    %ix/load 4, 12, 0;
    %flag_set/imm 4, 0;
    %store/vec4 v0x64ab4b6ac260_0, 4, 20;
    %load/vec4 v0x64ab4b6ac400_0;
    %parti/s 5, 7, 4;
    %store/vec4 v0x64ab4b6ac5f0_0, 0, 5;
    %load/vec4 v0x64ab4b6ac400_0;
    %parti/s 7, 0, 2;
    %store/vec4 v0x64ab4b6ac530_0, 0, 7;
    %pushi/vec4 4, 0, 3;
    %store/vec4 v0x64ab4b6ac320_0, 0, 3;
    %jmp T_4.9;
T_4.7 ;
    %load/vec4 v0x64ab4b6ac400_0;
    %parti/s 20, 12, 5;
    %ix/load 4, 12, 0;
    %flag_set/imm 4, 0;
    %store/vec4 v0x64ab4b6ac260_0, 4, 20;
    %load/vec4 v0x64ab4b6ac400_0;
    %parti/s 5, 7, 4;
    %store/vec4 v0x64ab4b6ac5f0_0, 0, 5;
    %load/vec4 v0x64ab4b6ac400_0;
    %parti/s 7, 0, 2;
    %store/vec4 v0x64ab4b6ac530_0, 0, 7;
    %pushi/vec4 4, 0, 3;
    %store/vec4 v0x64ab4b6ac320_0, 0, 3;
    %jmp T_4.9;
T_4.8 ;
    %load/vec4 v0x64ab4b6ac400_0;
    %parti/s 1, 31, 6;
    %ix/load 4, 20, 0;
    %flag_set/imm 4, 0;
    %store/vec4 v0x64ab4b6ac260_0, 4, 1;
    %load/vec4 v0x64ab4b6ac400_0;
    %parti/s 10, 21, 6;
    %ix/load 4, 1, 0;
    %flag_set/imm 4, 0;
    %store/vec4 v0x64ab4b6ac260_0, 4, 10;
    %load/vec4 v0x64ab4b6ac400_0;
    %parti/s 1, 20, 6;
    %ix/load 4, 11, 0;
    %flag_set/imm 4, 0;
    %store/vec4 v0x64ab4b6ac260_0, 4, 1;
    %load/vec4 v0x64ab4b6ac400_0;
    %parti/s 8, 12, 5;
    %ix/load 4, 12, 0;
    %flag_set/imm 4, 0;
    %store/vec4 v0x64ab4b6ac260_0, 4, 8;
    %load/vec4 v0x64ab4b6ac400_0;
    %parti/s 5, 7, 4;
    %store/vec4 v0x64ab4b6ac5f0_0, 0, 5;
    %load/vec4 v0x64ab4b6ac400_0;
    %parti/s 7, 0, 2;
    %store/vec4 v0x64ab4b6ac530_0, 0, 7;
    %pushi/vec4 5, 0, 3;
    %store/vec4 v0x64ab4b6ac320_0, 0, 3;
    %load/vec4 v0x64ab4b6ac400_0;
    %parti/s 1, 31, 6;
    %replicate 11;
    %ix/load 4, 21, 0;
    %flag_set/imm 4, 0;
    %store/vec4 v0x64ab4b6ac260_0, 4, 11;
    %jmp T_4.9;
T_4.9 ;
    %pop/vec4 1;
    %jmp T_4;
    .thread T_4, $push;
    .scope S_0x64ab4b6adb80;
T_5 ;
    %wait E_0x64ab4b4bf620;
    %load/vec4 v0x64ab4b6af600_0;
    %flag_set/vec4 9;
    %flag_get/vec4 9;
    %jmp/0 T_5.2, 9;
    %load/vec4 v0x64ab4b6af540_0;
    %pad/u 32;
    %pushi/vec4 0, 0, 32;
    %cmp/ne;
    %flag_get/vec4 4;
    %and;
T_5.2;
    %flag_set/vec4 8;
    %jmp/0xz  T_5.0, 8;
    %load/vec4 v0x64ab4b6af1c0_0;
    %load/vec4 v0x64ab4b6af540_0;
    %pad/u 7;
    %ix/vec4 3;
    %ix/load 4, 0, 0; Constant delay
    %assign/vec4/a/d v0x64ab4b6af6a0, 0, 4;
T_5.0 ;
    %jmp T_5;
    .thread T_5;
    .scope S_0x64ab4b6adb80;
T_6 ;
    %pushi/vec4 0, 0, 32;
    %store/vec4 v0x64ab4b6af2a0_0, 0, 32;
T_6.0 ;
    %load/vec4 v0x64ab4b6af2a0_0;
    %cmpi/s 32, 0, 32;
    %jmp/0xz T_6.1, 5;
    %pushi/vec4 0, 0, 32;
    %ix/getv/s 4, v0x64ab4b6af2a0_0;
    %store/vec4a v0x64ab4b6af6a0, 4, 0;
    %load/vec4 v0x64ab4b6af2a0_0;
    %addi 1, 0, 32;
    %store/vec4 v0x64ab4b6af2a0_0, 0, 32;
    %jmp T_6.0;
T_6.1 ;
    %end;
    .thread T_6;
    .scope S_0x64ab4b6a8b80;
T_7 ;
    %wait E_0x64ab4b4a2af0;
    %pushi/vec4 0, 0, 1;
    %store/vec4 v0x64ab4b6a9550_0, 0, 1;
    %pushi/vec4 0, 0, 1;
    %store/vec4 v0x64ab4b6a9120_0, 0, 1;
    %pushi/vec4 0, 0, 1;
    %store/vec4 v0x64ab4b6a9050_0, 0, 1;
    %pushi/vec4 0, 0, 1;
    %store/vec4 v0x64ab4b6a93b0_0, 0, 1;
    %pushi/vec4 0, 0, 1;
    %store/vec4 v0x64ab4b6a8eb0_0, 0, 1;
    %pushi/vec4 0, 0, 1;
    %store/vec4 v0x64ab4b6a8f90_0, 0, 1;
    %pushi/vec4 0, 0, 1;
    %store/vec4 v0x64ab4b6a92f0_0, 0, 1;
    %pushi/vec4 0, 0, 1;
    %store/vec4 v0x64ab4b6a91e0_0, 0, 1;
    %load/vec4 v0x64ab4b6a9470_0;
    %dup/vec4;
    %pushi/vec4 51, 0, 7;
    %cmp/u;
    %jmp/1 T_7.0, 6;
    %dup/vec4;
    %pushi/vec4 19, 0, 7;
    %cmp/u;
    %jmp/1 T_7.1, 6;
    %dup/vec4;
    %pushi/vec4 3, 0, 7;
    %cmp/u;
    %jmp/1 T_7.2, 6;
    %dup/vec4;
    %pushi/vec4 35, 0, 7;
    %cmp/u;
    %jmp/1 T_7.3, 6;
    %dup/vec4;
    %pushi/vec4 99, 0, 7;
    %cmp/u;
    %jmp/1 T_7.4, 6;
    %dup/vec4;
    %pushi/vec4 111, 0, 7;
    %cmp/u;
    %jmp/1 T_7.5, 6;
    %dup/vec4;
    %pushi/vec4 103, 0, 7;
    %cmp/u;
    %jmp/1 T_7.6, 6;
    %dup/vec4;
    %pushi/vec4 55, 0, 7;
    %cmp/u;
    %jmp/1 T_7.7, 6;
    %dup/vec4;
    %pushi/vec4 23, 0, 7;
    %cmp/u;
    %jmp/1 T_7.8, 6;
    %jmp T_7.9;
T_7.0 ;
    %pushi/vec4 1, 0, 1;
    %store/vec4 v0x64ab4b6a9550_0, 0, 1;
    %jmp T_7.9;
T_7.1 ;
    %pushi/vec4 1, 0, 1;
    %store/vec4 v0x64ab4b6a9550_0, 0, 1;
    %pushi/vec4 1, 0, 1;
    %store/vec4 v0x64ab4b6a8eb0_0, 0, 1;
    %jmp T_7.9;
T_7.2 ;
    %pushi/vec4 1, 0, 1;
    %store/vec4 v0x64ab4b6a9550_0, 0, 1;
    %pushi/vec4 1, 0, 1;
    %store/vec4 v0x64ab4b6a9050_0, 0, 1;
    %pushi/vec4 1, 0, 1;
    %store/vec4 v0x64ab4b6a93b0_0, 0, 1;
    %pushi/vec4 1, 0, 1;
    %store/vec4 v0x64ab4b6a8eb0_0, 0, 1;
    %jmp T_7.9;
T_7.3 ;
    %pushi/vec4 1, 0, 1;
    %store/vec4 v0x64ab4b6a9120_0, 0, 1;
    %pushi/vec4 1, 0, 1;
    %store/vec4 v0x64ab4b6a8eb0_0, 0, 1;
    %jmp T_7.9;
T_7.4 ;
    %pushi/vec4 1, 0, 1;
    %store/vec4 v0x64ab4b6a8f90_0, 0, 1;
    %jmp T_7.9;
T_7.5 ;
    %pushi/vec4 1, 0, 1;
    %store/vec4 v0x64ab4b6a9550_0, 0, 1;
    %pushi/vec4 1, 0, 1;
    %store/vec4 v0x64ab4b6a92f0_0, 0, 1;
    %jmp T_7.9;
T_7.6 ;
    %pushi/vec4 1, 0, 1;
    %store/vec4 v0x64ab4b6a9550_0, 0, 1;
    %pushi/vec4 1, 0, 1;
    %store/vec4 v0x64ab4b6a92f0_0, 0, 1;
    %pushi/vec4 1, 0, 1;
    %store/vec4 v0x64ab4b6a91e0_0, 0, 1;
    %pushi/vec4 1, 0, 1;
    %store/vec4 v0x64ab4b6a8eb0_0, 0, 1;
    %jmp T_7.9;
T_7.7 ;
    %pushi/vec4 1, 0, 1;
    %store/vec4 v0x64ab4b6a9550_0, 0, 1;
    %pushi/vec4 1, 0, 1;
    %store/vec4 v0x64ab4b6a8eb0_0, 0, 1;
    %jmp T_7.9;
T_7.8 ;
    %pushi/vec4 1, 0, 1;
    %store/vec4 v0x64ab4b6a9550_0, 0, 1;
    %pushi/vec4 1, 0, 1;
    %store/vec4 v0x64ab4b6a8eb0_0, 0, 1;
    %jmp T_7.9;
T_7.9 ;
    %pop/vec4 1;
    %jmp T_7;
    .thread T_7, $push;
    .scope S_0x64ab4b6a7c90;
T_8 ;
    %wait E_0x64ab4b4a2750;
    %load/vec4 v0x64ab4b6a88e0_0;
    %dup/vec4;
    %pushi/vec4 51, 0, 7;
    %cmp/u;
    %jmp/1 T_8.0, 6;
    %dup/vec4;
    %pushi/vec4 19, 0, 7;
    %cmp/u;
    %jmp/1 T_8.1, 6;
    %dup/vec4;
    %pushi/vec4 3, 0, 7;
    %cmp/u;
    %jmp/1 T_8.2, 6;
    %dup/vec4;
    %pushi/vec4 35, 0, 7;
    %cmp/u;
    %jmp/1 T_8.3, 6;
    %dup/vec4;
    %pushi/vec4 99, 0, 7;
    %cmp/u;
    %jmp/1 T_8.4, 6;
    %dup/vec4;
    %pushi/vec4 111, 0, 7;
    %cmp/u;
    %jmp/1 T_8.5, 6;
    %dup/vec4;
    %pushi/vec4 103, 0, 7;
    %cmp/u;
    %jmp/1 T_8.6, 6;
    %dup/vec4;
    %pushi/vec4 55, 0, 7;
    %cmp/u;
    %jmp/1 T_8.7, 6;
    %dup/vec4;
    %pushi/vec4 23, 0, 7;
    %cmp/u;
    %jmp/1 T_8.8, 6;
    %pushi/vec4 0, 0, 5;
    %store/vec4 v0x64ab4b6a89c0_0, 0, 5;
    %jmp T_8.10;
T_8.0 ;
    %load/vec4 v0x64ab4b6a8610_0;
    %dup/vec4;
    %pushi/vec4 0, 0, 3;
    %cmp/u;
    %jmp/1 T_8.11, 6;
    %dup/vec4;
    %pushi/vec4 4, 0, 3;
    %cmp/u;
    %jmp/1 T_8.12, 6;
    %dup/vec4;
    %pushi/vec4 6, 0, 3;
    %cmp/u;
    %jmp/1 T_8.13, 6;
    %dup/vec4;
    %pushi/vec4 7, 0, 3;
    %cmp/u;
    %jmp/1 T_8.14, 6;
    %dup/vec4;
    %pushi/vec4 1, 0, 3;
    %cmp/u;
    %jmp/1 T_8.15, 6;
    %dup/vec4;
    %pushi/vec4 5, 0, 3;
    %cmp/u;
    %jmp/1 T_8.16, 6;
    %dup/vec4;
    %pushi/vec4 2, 0, 3;
    %cmp/u;
    %jmp/1 T_8.17, 6;
    %dup/vec4;
    %pushi/vec4 3, 0, 3;
    %cmp/u;
    %jmp/1 T_8.18, 6;
    %pushi/vec4 0, 0, 5;
    %store/vec4 v0x64ab4b6a89c0_0, 0, 5;
    %jmp T_8.20;
T_8.11 ;
    %load/vec4 v0x64ab4b6a8710_0;
    %cmpi/e 0, 0, 7;
    %flag_mov 8, 4;
    %jmp/0 T_8.21, 8;
    %pushi/vec4 0, 0, 5;
    %jmp/1 T_8.22, 8;
T_8.21 ; End of true expr.
    %pushi/vec4 1, 0, 5;
    %jmp/0 T_8.22, 8;
 ; End of false expr.
    %blend;
T_8.22;
    %store/vec4 v0x64ab4b6a89c0_0, 0, 5;
    %jmp T_8.20;
T_8.12 ;
    %pushi/vec4 2, 0, 5;
    %store/vec4 v0x64ab4b6a89c0_0, 0, 5;
    %jmp T_8.20;
T_8.13 ;
    %pushi/vec4 3, 0, 5;
    %store/vec4 v0x64ab4b6a89c0_0, 0, 5;
    %jmp T_8.20;
T_8.14 ;
    %pushi/vec4 4, 0, 5;
    %store/vec4 v0x64ab4b6a89c0_0, 0, 5;
    %jmp T_8.20;
T_8.15 ;
    %pushi/vec4 5, 0, 5;
    %store/vec4 v0x64ab4b6a89c0_0, 0, 5;
    %jmp T_8.20;
T_8.16 ;
    %load/vec4 v0x64ab4b6a8710_0;
    %cmpi/e 0, 0, 7;
    %flag_mov 8, 4;
    %jmp/0 T_8.23, 8;
    %pushi/vec4 6, 0, 5;
    %jmp/1 T_8.24, 8;
T_8.23 ; End of true expr.
    %pushi/vec4 7, 0, 5;
    %jmp/0 T_8.24, 8;
 ; End of false expr.
    %blend;
T_8.24;
    %store/vec4 v0x64ab4b6a89c0_0, 0, 5;
    %jmp T_8.20;
T_8.17 ;
    %pushi/vec4 8, 0, 5;
    %store/vec4 v0x64ab4b6a89c0_0, 0, 5;
    %jmp T_8.20;
T_8.18 ;
    %pushi/vec4 9, 0, 5;
    %store/vec4 v0x64ab4b6a89c0_0, 0, 5;
    %jmp T_8.20;
T_8.20 ;
    %pop/vec4 1;
    %jmp T_8.10;
T_8.1 ;
    %load/vec4 v0x64ab4b6a8610_0;
    %dup/vec4;
    %pushi/vec4 0, 0, 3;
    %cmp/u;
    %jmp/1 T_8.25, 6;
    %dup/vec4;
    %pushi/vec4 4, 0, 3;
    %cmp/u;
    %jmp/1 T_8.26, 6;
    %dup/vec4;
    %pushi/vec4 6, 0, 3;
    %cmp/u;
    %jmp/1 T_8.27, 6;
    %dup/vec4;
    %pushi/vec4 7, 0, 3;
    %cmp/u;
    %jmp/1 T_8.28, 6;
    %dup/vec4;
    %pushi/vec4 1, 0, 3;
    %cmp/u;
    %jmp/1 T_8.29, 6;
    %dup/vec4;
    %pushi/vec4 5, 0, 3;
    %cmp/u;
    %jmp/1 T_8.30, 6;
    %dup/vec4;
    %pushi/vec4 2, 0, 3;
    %cmp/u;
    %jmp/1 T_8.31, 6;
    %dup/vec4;
    %pushi/vec4 3, 0, 3;
    %cmp/u;
    %jmp/1 T_8.32, 6;
    %pushi/vec4 0, 0, 5;
    %store/vec4 v0x64ab4b6a89c0_0, 0, 5;
    %jmp T_8.34;
T_8.25 ;
    %pushi/vec4 0, 0, 5;
    %store/vec4 v0x64ab4b6a89c0_0, 0, 5;
    %jmp T_8.34;
T_8.26 ;
    %pushi/vec4 2, 0, 5;
    %store/vec4 v0x64ab4b6a89c0_0, 0, 5;
    %jmp T_8.34;
T_8.27 ;
    %pushi/vec4 3, 0, 5;
    %store/vec4 v0x64ab4b6a89c0_0, 0, 5;
    %jmp T_8.34;
T_8.28 ;
    %pushi/vec4 4, 0, 5;
    %store/vec4 v0x64ab4b6a89c0_0, 0, 5;
    %jmp T_8.34;
T_8.29 ;
    %pushi/vec4 5, 0, 5;
    %store/vec4 v0x64ab4b6a89c0_0, 0, 5;
    %jmp T_8.34;
T_8.30 ;
    %load/vec4 v0x64ab4b6a87f0_0;
    %parti/s 7, 5, 4;
    %cmpi/e 0, 0, 7;
    %flag_mov 8, 4;
    %jmp/0 T_8.35, 8;
    %pushi/vec4 6, 0, 5;
    %jmp/1 T_8.36, 8;
T_8.35 ; End of true expr.
    %pushi/vec4 7, 0, 5;
    %jmp/0 T_8.36, 8;
 ; End of false expr.
    %blend;
T_8.36;
    %store/vec4 v0x64ab4b6a89c0_0, 0, 5;
    %jmp T_8.34;
T_8.31 ;
    %pushi/vec4 8, 0, 5;
    %store/vec4 v0x64ab4b6a89c0_0, 0, 5;
    %jmp T_8.34;
T_8.32 ;
    %pushi/vec4 9, 0, 5;
    %store/vec4 v0x64ab4b6a89c0_0, 0, 5;
    %jmp T_8.34;
T_8.34 ;
    %pop/vec4 1;
    %jmp T_8.10;
T_8.2 ;
    %pushi/vec4 0, 0, 5;
    %store/vec4 v0x64ab4b6a89c0_0, 0, 5;
    %jmp T_8.10;
T_8.3 ;
    %pushi/vec4 0, 0, 5;
    %store/vec4 v0x64ab4b6a89c0_0, 0, 5;
    %jmp T_8.10;
T_8.4 ;
    %pushi/vec4 1, 0, 5;
    %store/vec4 v0x64ab4b6a89c0_0, 0, 5;
    %jmp T_8.10;
T_8.5 ;
    %pushi/vec4 0, 0, 5;
    %store/vec4 v0x64ab4b6a89c0_0, 0, 5;
    %jmp T_8.10;
T_8.6 ;
    %pushi/vec4 0, 0, 5;
    %store/vec4 v0x64ab4b6a89c0_0, 0, 5;
    %jmp T_8.10;
T_8.7 ;
    %pushi/vec4 0, 0, 5;
    %store/vec4 v0x64ab4b6a89c0_0, 0, 5;
    %jmp T_8.10;
T_8.8 ;
    %pushi/vec4 0, 0, 5;
    %store/vec4 v0x64ab4b6a89c0_0, 0, 5;
    %jmp T_8.10;
T_8.10 ;
    %pop/vec4 1;
    %jmp T_8;
    .thread T_8, $push;
    .scope S_0x64ab4b66e840;
T_9 ;
    %wait E_0x64ab4b4a2030;
    %load/vec4 v0x64ab4b6a7490_0;
    %dup/vec4;
    %pushi/vec4 0, 0, 5;
    %cmp/u;
    %jmp/1 T_9.0, 6;
    %dup/vec4;
    %pushi/vec4 1, 0, 5;
    %cmp/u;
    %jmp/1 T_9.1, 6;
    %dup/vec4;
    %pushi/vec4 2, 0, 5;
    %cmp/u;
    %jmp/1 T_9.2, 6;
    %dup/vec4;
    %pushi/vec4 3, 0, 5;
    %cmp/u;
    %jmp/1 T_9.3, 6;
    %dup/vec4;
    %pushi/vec4 4, 0, 5;
    %cmp/u;
    %jmp/1 T_9.4, 6;
    %dup/vec4;
    %pushi/vec4 5, 0, 5;
    %cmp/u;
    %jmp/1 T_9.5, 6;
    %dup/vec4;
    %pushi/vec4 6, 0, 5;
    %cmp/u;
    %jmp/1 T_9.6, 6;
    %dup/vec4;
    %pushi/vec4 7, 0, 5;
    %cmp/u;
    %jmp/1 T_9.7, 6;
    %dup/vec4;
    %pushi/vec4 8, 0, 5;
    %cmp/u;
    %jmp/1 T_9.8, 6;
    %dup/vec4;
    %pushi/vec4 9, 0, 5;
    %cmp/u;
    %jmp/1 T_9.9, 6;
    %load/vec4 v0x64ab4b6a6de0_0;
    %store/vec4 v0x64ab4b6a73b0_0, 0, 32;
    %jmp T_9.11;
T_9.0 ;
    %load/vec4 v0x64ab4b6a6de0_0;
    %store/vec4 v0x64ab4b6a73b0_0, 0, 32;
    %jmp T_9.11;
T_9.1 ;
    %load/vec4 v0x64ab4b6a7970_0;
    %store/vec4 v0x64ab4b6a73b0_0, 0, 32;
    %jmp T_9.11;
T_9.2 ;
    %load/vec4 v0x64ab4b6a7a40_0;
    %store/vec4 v0x64ab4b6a73b0_0, 0, 32;
    %jmp T_9.11;
T_9.3 ;
    %load/vec4 v0x64ab4b6a7070_0;
    %store/vec4 v0x64ab4b6a73b0_0, 0, 32;
    %jmp T_9.11;
T_9.4 ;
    %load/vec4 v0x64ab4b6a6ed0_0;
    %store/vec4 v0x64ab4b6a73b0_0, 0, 32;
    %jmp T_9.11;
T_9.5 ;
    %load/vec4 v0x64ab4b6a7570_0;
    %store/vec4 v0x64ab4b6a73b0_0, 0, 32;
    %jmp T_9.11;
T_9.6 ;
    %load/vec4 v0x64ab4b6a78a0_0;
    %store/vec4 v0x64ab4b6a73b0_0, 0, 32;
    %jmp T_9.11;
T_9.7 ;
    %load/vec4 v0x64ab4b6a77d0_0;
    %store/vec4 v0x64ab4b6a73b0_0, 0, 32;
    %jmp T_9.11;
T_9.8 ;
    %load/vec4 v0x64ab4b6a7630_0;
    %store/vec4 v0x64ab4b6a73b0_0, 0, 32;
    %jmp T_9.11;
T_9.9 ;
    %load/vec4 v0x64ab4b6a7700_0;
    %store/vec4 v0x64ab4b6a73b0_0, 0, 32;
    %jmp T_9.11;
T_9.11 ;
    %pop/vec4 1;
    %load/vec4 v0x64ab4b6a7490_0;
    %dup/vec4;
    %pushi/vec4 0, 0, 5;
    %cmp/u;
    %jmp/1 T_9.12, 6;
    %dup/vec4;
    %pushi/vec4 1, 0, 5;
    %cmp/u;
    %jmp/1 T_9.13, 6;
    %pushi/vec4 0, 0, 1;
    %store/vec4 v0x64ab4b6a7140_0, 0, 1;
    %jmp T_9.15;
T_9.12 ;
    %load/vec4 v0x64ab4b6a7230_0;
    %parti/s 1, 31, 6;
    %load/vec4 v0x64ab4b6a72f0_0;
    %parti/s 1, 31, 6;
    %cmp/e;
    %flag_get/vec4 4;
    %jmp/0 T_9.18, 4;
    %load/vec4 v0x64ab4b6a7230_0;
    %parti/s 1, 31, 6;
    %load/vec4 v0x64ab4b6a73b0_0;
    %parti/s 1, 31, 6;
    %cmp/ne;
    %flag_get/vec4 4;
    %and;
T_9.18;
    %flag_set/vec4 8;
    %jmp/0 T_9.16, 8;
    %pushi/vec4 1, 0, 1;
    %jmp/1 T_9.17, 8;
T_9.16 ; End of true expr.
    %pushi/vec4 0, 0, 1;
    %jmp/0 T_9.17, 8;
 ; End of false expr.
    %blend;
T_9.17;
    %store/vec4 v0x64ab4b6a7140_0, 0, 1;
    %jmp T_9.15;
T_9.13 ;
    %load/vec4 v0x64ab4b6a7230_0;
    %parti/s 1, 31, 6;
    %load/vec4 v0x64ab4b6a72f0_0;
    %parti/s 1, 31, 6;
    %cmp/ne;
    %flag_get/vec4 4;
    %jmp/0 T_9.21, 4;
    %load/vec4 v0x64ab4b6a7230_0;
    %parti/s 1, 31, 6;
    %load/vec4 v0x64ab4b6a73b0_0;
    %parti/s 1, 31, 6;
    %cmp/ne;
    %flag_get/vec4 4;
    %and;
T_9.21;
    %flag_set/vec4 8;
    %jmp/0 T_9.19, 8;
    %pushi/vec4 1, 0, 1;
    %jmp/1 T_9.20, 8;
T_9.19 ; End of true expr.
    %pushi/vec4 0, 0, 1;
    %jmp/0 T_9.20, 8;
 ; End of false expr.
    %blend;
T_9.20;
    %store/vec4 v0x64ab4b6a7140_0, 0, 1;
    %jmp T_9.15;
T_9.15 ;
    %pop/vec4 1;
    %load/vec4 v0x64ab4b6a73b0_0;
    %parti/s 1, 31, 6;
    %cmpi/e 1, 0, 1;
    %flag_mov 8, 4;
    %jmp/0 T_9.22, 8;
    %pushi/vec4 1, 0, 1;
    %jmp/1 T_9.23, 8;
T_9.22 ; End of true expr.
    %pushi/vec4 0, 0, 1;
    %jmp/0 T_9.23, 8;
 ; End of false expr.
    %blend;
T_9.23;
    %store/vec4 v0x64ab4b6a6fa0_0, 0, 1;
    %load/vec4 v0x64ab4b6a73b0_0;
    %pushi/vec4 0, 0, 32;
    %cmp/e;
    %flag_get/vec4 4;
    %store/vec4 v0x64ab4b6a7b10_0, 0, 1;
    %jmp T_9;
    .thread T_9, $push;
    .scope S_0x64ab4b6a9730;
T_10 ;
    %wait E_0x64ab4b4a2c10;
    %pushi/vec4 0, 0, 32;
    %store/vec4 v0x64ab4b6aa250_0, 0, 32;
    %load/vec4 v0x64ab4b6aa0d0_0;
    %flag_set/vec4 8;
    %jmp/0xz  T_10.0, 8;
    %load/vec4 v0x64ab4b6a9ff0_0;
    %dup/vec4;
    %pushi/vec4 0, 0, 3;
    %cmp/u;
    %jmp/1 T_10.2, 6;
    %dup/vec4;
    %pushi/vec4 1, 0, 3;
    %cmp/u;
    %jmp/1 T_10.3, 6;
    %dup/vec4;
    %pushi/vec4 2, 0, 3;
    %cmp/u;
    %jmp/1 T_10.4, 6;
    %dup/vec4;
    %pushi/vec4 4, 0, 3;
    %cmp/u;
    %jmp/1 T_10.5, 6;
    %dup/vec4;
    %pushi/vec4 5, 0, 3;
    %cmp/u;
    %jmp/1 T_10.6, 6;
    %pushi/vec4 0, 0, 32;
    %store/vec4 v0x64ab4b6aa250_0, 0, 32;
    %jmp T_10.8;
T_10.2 ;
    %load/vec4 v0x64ab4b6a9d40_0;
    %parti/s 2, 0, 2;
    %dup/vec4;
    %pushi/vec4 0, 0, 2;
    %cmp/u;
    %jmp/1 T_10.9, 6;
    %dup/vec4;
    %pushi/vec4 1, 0, 2;
    %cmp/u;
    %jmp/1 T_10.10, 6;
    %dup/vec4;
    %pushi/vec4 2, 0, 2;
    %cmp/u;
    %jmp/1 T_10.11, 6;
    %dup/vec4;
    %pushi/vec4 3, 0, 2;
    %cmp/u;
    %jmp/1 T_10.12, 6;
    %pushi/vec4 0, 0, 32;
    %store/vec4 v0x64ab4b6aa250_0, 0, 32;
    %jmp T_10.14;
T_10.9 ;
    %load/vec4 v0x64ab4b6aa330_0;
    %parti/s 1, 7, 4;
    %replicate 24;
    %load/vec4 v0x64ab4b6aa330_0;
    %parti/s 8, 0, 2;
    %concat/vec4; draw_concat_vec4
    %store/vec4 v0x64ab4b6aa250_0, 0, 32;
    %jmp T_10.14;
T_10.10 ;
    %load/vec4 v0x64ab4b6aa330_0;
    %parti/s 1, 15, 5;
    %replicate 24;
    %load/vec4 v0x64ab4b6aa330_0;
    %parti/s 8, 8, 5;
    %concat/vec4; draw_concat_vec4
    %store/vec4 v0x64ab4b6aa250_0, 0, 32;
    %jmp T_10.14;
T_10.11 ;
    %load/vec4 v0x64ab4b6aa330_0;
    %parti/s 1, 23, 6;
    %replicate 24;
    %load/vec4 v0x64ab4b6aa330_0;
    %parti/s 8, 16, 6;
    %concat/vec4; draw_concat_vec4
    %store/vec4 v0x64ab4b6aa250_0, 0, 32;
    %jmp T_10.14;
T_10.12 ;
    %load/vec4 v0x64ab4b6aa330_0;
    %parti/s 1, 31, 6;
    %replicate 24;
    %load/vec4 v0x64ab4b6aa330_0;
    %parti/s 8, 24, 6;
    %concat/vec4; draw_concat_vec4
    %store/vec4 v0x64ab4b6aa250_0, 0, 32;
    %jmp T_10.14;
T_10.14 ;
    %pop/vec4 1;
    %jmp T_10.8;
T_10.3 ;
    %load/vec4 v0x64ab4b6a9d40_0;
    %parti/s 1, 0, 2;
    %dup/vec4;
    %pushi/vec4 0, 0, 1;
    %cmp/u;
    %jmp/1 T_10.15, 6;
    %dup/vec4;
    %pushi/vec4 1, 0, 1;
    %cmp/u;
    %jmp/1 T_10.16, 6;
    %pushi/vec4 0, 0, 32;
    %store/vec4 v0x64ab4b6aa250_0, 0, 32;
    %jmp T_10.18;
T_10.15 ;
    %load/vec4 v0x64ab4b6aa330_0;
    %parti/s 1, 15, 5;
    %replicate 16;
    %load/vec4 v0x64ab4b6aa330_0;
    %parti/s 16, 0, 2;
    %concat/vec4; draw_concat_vec4
    %store/vec4 v0x64ab4b6aa250_0, 0, 32;
    %jmp T_10.18;
T_10.16 ;
    %load/vec4 v0x64ab4b6aa330_0;
    %parti/s 1, 31, 6;
    %replicate 16;
    %load/vec4 v0x64ab4b6aa330_0;
    %parti/s 16, 16, 6;
    %concat/vec4; draw_concat_vec4
    %store/vec4 v0x64ab4b6aa250_0, 0, 32;
    %jmp T_10.18;
T_10.18 ;
    %pop/vec4 1;
    %jmp T_10.8;
T_10.4 ;
    %load/vec4 v0x64ab4b6aa330_0;
    %store/vec4 v0x64ab4b6aa250_0, 0, 32;
    %jmp T_10.8;
T_10.5 ;
    %load/vec4 v0x64ab4b6a9d40_0;
    %parti/s 2, 0, 2;
    %dup/vec4;
    %pushi/vec4 0, 0, 2;
    %cmp/u;
    %jmp/1 T_10.19, 6;
    %dup/vec4;
    %pushi/vec4 1, 0, 2;
    %cmp/u;
    %jmp/1 T_10.20, 6;
    %dup/vec4;
    %pushi/vec4 2, 0, 2;
    %cmp/u;
    %jmp/1 T_10.21, 6;
    %dup/vec4;
    %pushi/vec4 3, 0, 2;
    %cmp/u;
    %jmp/1 T_10.22, 6;
    %pushi/vec4 0, 0, 32;
    %store/vec4 v0x64ab4b6aa250_0, 0, 32;
    %jmp T_10.24;
T_10.19 ;
    %pushi/vec4 0, 0, 24;
    %load/vec4 v0x64ab4b6aa330_0;
    %parti/s 8, 0, 2;
    %concat/vec4; draw_concat_vec4
    %store/vec4 v0x64ab4b6aa250_0, 0, 32;
    %jmp T_10.24;
T_10.20 ;
    %pushi/vec4 0, 0, 24;
    %load/vec4 v0x64ab4b6aa330_0;
    %parti/s 8, 8, 5;
    %concat/vec4; draw_concat_vec4
    %store/vec4 v0x64ab4b6aa250_0, 0, 32;
    %jmp T_10.24;
T_10.21 ;
    %pushi/vec4 0, 0, 24;
    %load/vec4 v0x64ab4b6aa330_0;
    %parti/s 8, 16, 6;
    %concat/vec4; draw_concat_vec4
    %store/vec4 v0x64ab4b6aa250_0, 0, 32;
    %jmp T_10.24;
T_10.22 ;
    %pushi/vec4 0, 0, 24;
    %load/vec4 v0x64ab4b6aa330_0;
    %parti/s 8, 24, 6;
    %concat/vec4; draw_concat_vec4
    %store/vec4 v0x64ab4b6aa250_0, 0, 32;
    %jmp T_10.24;
T_10.24 ;
    %pop/vec4 1;
    %jmp T_10.8;
T_10.6 ;
    %load/vec4 v0x64ab4b6a9d40_0;
    %parti/s 1, 0, 2;
    %dup/vec4;
    %pushi/vec4 0, 0, 1;
    %cmp/u;
    %jmp/1 T_10.25, 6;
    %dup/vec4;
    %pushi/vec4 1, 0, 1;
    %cmp/u;
    %jmp/1 T_10.26, 6;
    %pushi/vec4 0, 0, 32;
    %store/vec4 v0x64ab4b6aa250_0, 0, 32;
    %jmp T_10.28;
T_10.25 ;
    %pushi/vec4 0, 0, 16;
    %load/vec4 v0x64ab4b6aa330_0;
    %parti/s 16, 0, 2;
    %concat/vec4; draw_concat_vec4
    %store/vec4 v0x64ab4b6aa250_0, 0, 32;
    %jmp T_10.28;
T_10.26 ;
    %pushi/vec4 0, 0, 16;
    %load/vec4 v0x64ab4b6aa330_0;
    %parti/s 16, 16, 6;
    %concat/vec4; draw_concat_vec4
    %store/vec4 v0x64ab4b6aa250_0, 0, 32;
    %jmp T_10.28;
T_10.28 ;
    %pop/vec4 1;
    %jmp T_10.8;
T_10.8 ;
    %pop/vec4 1;
T_10.0 ;
    %jmp T_10;
    .thread T_10, $push;
    .scope S_0x64ab4b6a9730;
T_11 ;
    %wait E_0x64ab4b4bf620;
    %load/vec4 v0x64ab4b6aa190_0;
    %flag_set/vec4 8;
    %jmp/0xz  T_11.0, 8;
    %load/vec4 v0x64ab4b6a9ff0_0;
    %dup/vec4;
    %pushi/vec4 0, 0, 3;
    %cmp/u;
    %jmp/1 T_11.2, 6;
    %dup/vec4;
    %pushi/vec4 1, 0, 3;
    %cmp/u;
    %jmp/1 T_11.3, 6;
    %dup/vec4;
    %pushi/vec4 2, 0, 3;
    %cmp/u;
    %jmp/1 T_11.4, 6;
    %jmp T_11.5;
T_11.2 ;
    %load/vec4 v0x64ab4b6a9d40_0;
    %parti/s 2, 0, 2;
    %dup/vec4;
    %pushi/vec4 0, 0, 2;
    %cmp/u;
    %jmp/1 T_11.6, 6;
    %dup/vec4;
    %pushi/vec4 1, 0, 2;
    %cmp/u;
    %jmp/1 T_11.7, 6;
    %dup/vec4;
    %pushi/vec4 2, 0, 2;
    %cmp/u;
    %jmp/1 T_11.8, 6;
    %dup/vec4;
    %pushi/vec4 3, 0, 2;
    %cmp/u;
    %jmp/1 T_11.9, 6;
    %jmp T_11.10;
T_11.6 ;
    %load/vec4 v0x64ab4b6aa410_0;
    %parti/s 8, 0, 2;
    %load/vec4 v0x64ab4b6a9d40_0;
    %parti/s 8, 2, 3;
    %pad/u 10;
    %ix/vec4 3;
    %ix/load 4, 0, 0; Constant delay
    %assign/vec4/a/d v0x64ab4b6a9f30, 0, 4;
    %jmp T_11.10;
T_11.7 ;
    %load/vec4 v0x64ab4b6aa410_0;
    %parti/s 8, 0, 2;
    %load/vec4 v0x64ab4b6a9d40_0;
    %parti/s 8, 2, 3;
    %pad/u 10;
    %ix/vec4 3;
    %ix/load 4, 8, 0; part off
    %ix/load 5, 0, 0; Constant delay
    %assign/vec4/a/d v0x64ab4b6a9f30, 4, 5;
    %jmp T_11.10;
T_11.8 ;
    %load/vec4 v0x64ab4b6aa410_0;
    %parti/s 8, 0, 2;
    %load/vec4 v0x64ab4b6a9d40_0;
    %parti/s 8, 2, 3;
    %pad/u 10;
    %ix/vec4 3;
    %ix/load 4, 16, 0; part off
    %ix/load 5, 0, 0; Constant delay
    %assign/vec4/a/d v0x64ab4b6a9f30, 4, 5;
    %jmp T_11.10;
T_11.9 ;
    %load/vec4 v0x64ab4b6aa410_0;
    %parti/s 8, 0, 2;
    %load/vec4 v0x64ab4b6a9d40_0;
    %parti/s 8, 2, 3;
    %pad/u 10;
    %ix/vec4 3;
    %ix/load 4, 24, 0; part off
    %ix/load 5, 0, 0; Constant delay
    %assign/vec4/a/d v0x64ab4b6a9f30, 4, 5;
    %jmp T_11.10;
T_11.10 ;
    %pop/vec4 1;
    %jmp T_11.5;
T_11.3 ;
    %load/vec4 v0x64ab4b6a9d40_0;
    %parti/s 1, 0, 2;
    %dup/vec4;
    %pushi/vec4 0, 0, 1;
    %cmp/u;
    %jmp/1 T_11.11, 6;
    %dup/vec4;
    %pushi/vec4 1, 0, 1;
    %cmp/u;
    %jmp/1 T_11.12, 6;
    %jmp T_11.13;
T_11.11 ;
    %load/vec4 v0x64ab4b6aa410_0;
    %parti/s 16, 0, 2;
    %load/vec4 v0x64ab4b6a9d40_0;
    %parti/s 8, 2, 3;
    %pad/u 10;
    %ix/vec4 3;
    %ix/load 4, 0, 0; Constant delay
    %assign/vec4/a/d v0x64ab4b6a9f30, 0, 4;
    %jmp T_11.13;
T_11.12 ;
    %load/vec4 v0x64ab4b6aa410_0;
    %parti/s 16, 0, 2;
    %load/vec4 v0x64ab4b6a9d40_0;
    %parti/s 8, 2, 3;
    %pad/u 10;
    %ix/vec4 3;
    %ix/load 4, 16, 0; part off
    %ix/load 5, 0, 0; Constant delay
    %assign/vec4/a/d v0x64ab4b6a9f30, 4, 5;
    %jmp T_11.13;
T_11.13 ;
    %pop/vec4 1;
    %jmp T_11.5;
T_11.4 ;
    %load/vec4 v0x64ab4b6aa410_0;
    %load/vec4 v0x64ab4b6a9d40_0;
    %parti/s 8, 2, 3;
    %pad/u 10;
    %ix/vec4 3;
    %ix/load 4, 0, 0; Constant delay
    %assign/vec4/a/d v0x64ab4b6a9f30, 0, 4;
    %jmp T_11.5;
T_11.5 ;
    %pop/vec4 1;
T_11.0 ;
    %jmp T_11;
    .thread T_11;
    .scope S_0x64ab4b6aa5d0;
T_12 ;
    %wait E_0x64ab4b4a2790;
    %pushi/vec4 0, 0, 2;
    %store/vec4 v0x64ab4b6aae40_0, 0, 2;
    %pushi/vec4 0, 0, 2;
    %store/vec4 v0x64ab4b6aaf20_0, 0, 2;
    %load/vec4 v0x64ab4b6aa9f0_0;
    %flag_set/vec4 10;
    %flag_get/vec4 10;
    %jmp/0 T_12.3, 10;
    %load/vec4 v0x64ab4b6aa8f0_0;
    %pushi/vec4 0, 0, 5;
    %cmp/ne;
    %flag_get/vec4 4;
    %and;
T_12.3;
    %flag_set/vec4 9;
    %flag_get/vec4 9;
    %jmp/0 T_12.2, 9;
    %load/vec4 v0x64ab4b6aa8f0_0;
    %load/vec4 v0x64ab4b6aaab0_0;
    %cmp/e;
    %flag_get/vec4 4;
    %and;
T_12.2;
    %flag_set/vec4 8;
    %jmp/0xz  T_12.0, 8;
    %pushi/vec4 2, 0, 2;
    %store/vec4 v0x64ab4b6aae40_0, 0, 2;
    %jmp T_12.1;
T_12.0 ;
    %load/vec4 v0x64ab4b6aad80_0;
    %flag_set/vec4 10;
    %flag_get/vec4 10;
    %jmp/0 T_12.7, 10;
    %load/vec4 v0x64ab4b6aac50_0;
    %pushi/vec4 0, 0, 5;
    %cmp/ne;
    %flag_get/vec4 4;
    %and;
T_12.7;
    %flag_set/vec4 9;
    %flag_get/vec4 9;
    %jmp/0 T_12.6, 9;
    %load/vec4 v0x64ab4b6aac50_0;
    %load/vec4 v0x64ab4b6aaab0_0;
    %cmp/e;
    %flag_get/vec4 4;
    %and;
T_12.6;
    %flag_set/vec4 8;
    %jmp/0xz  T_12.4, 8;
    %pushi/vec4 1, 0, 2;
    %store/vec4 v0x64ab4b6aae40_0, 0, 2;
T_12.4 ;
T_12.1 ;
    %load/vec4 v0x64ab4b6aa9f0_0;
    %flag_set/vec4 10;
    %flag_get/vec4 10;
    %jmp/0 T_12.11, 10;
    %load/vec4 v0x64ab4b6aa8f0_0;
    %pushi/vec4 0, 0, 5;
    %cmp/ne;
    %flag_get/vec4 4;
    %and;
T_12.11;
    %flag_set/vec4 9;
    %flag_get/vec4 9;
    %jmp/0 T_12.10, 9;
    %load/vec4 v0x64ab4b6aa8f0_0;
    %load/vec4 v0x64ab4b6aab70_0;
    %cmp/e;
    %flag_get/vec4 4;
    %and;
T_12.10;
    %flag_set/vec4 8;
    %jmp/0xz  T_12.8, 8;
    %pushi/vec4 2, 0, 2;
    %store/vec4 v0x64ab4b6aaf20_0, 0, 2;
    %jmp T_12.9;
T_12.8 ;
    %load/vec4 v0x64ab4b6aad80_0;
    %flag_set/vec4 10;
    %flag_get/vec4 10;
    %jmp/0 T_12.15, 10;
    %load/vec4 v0x64ab4b6aac50_0;
    %pushi/vec4 0, 0, 5;
    %cmp/ne;
    %flag_get/vec4 4;
    %and;
T_12.15;
    %flag_set/vec4 9;
    %flag_get/vec4 9;
    %jmp/0 T_12.14, 9;
    %load/vec4 v0x64ab4b6aac50_0;
    %load/vec4 v0x64ab4b6aab70_0;
    %cmp/e;
    %flag_get/vec4 4;
    %and;
T_12.14;
    %flag_set/vec4 8;
    %jmp/0xz  T_12.12, 8;
    %pushi/vec4 1, 0, 2;
    %store/vec4 v0x64ab4b6aaf20_0, 0, 2;
T_12.12 ;
T_12.9 ;
    %jmp T_12;
    .thread T_12, $push;
    .scope S_0x64ab4b6ab150;
T_13 ;
    %wait E_0x64ab4b66c910;
    %load/vec4 v0x64ab4b6ab380_0;
    %flag_set/vec4 8;
    %flag_get/vec4 8;
    %jmp/0 T_13.0, 8;
    %load/vec4 v0x64ab4b6ab460_0;
    %load/vec4 v0x64ab4b6ab540_0;
    %cmp/e;
    %flag_get/vec4 4;
    %jmp/1 T_13.1, 4;
    %load/vec4 v0x64ab4b6ab630_0;
    %load/vec4 v0x64ab4b6ab460_0;
    %cmp/e;
    %flag_get/vec4 4;
    %or;
T_13.1;
    %and;
T_13.0;
    %store/vec4 v0x64ab4b6ab710_0, 0, 1;
    %jmp T_13;
    .thread T_13, $push;
    .scope S_0x64ab4b66e1c0;
T_14 ;
    %wait E_0x64ab4b4a2bd0;
    %pushi/vec4 0, 0, 1;
    %store/vec4 v0x64ab4b6b27c0_0, 0, 1;
    %load/vec4 v0x64ab4b6b0b50_0;
    %flag_set/vec4 8;
    %jmp/0xz  T_14.0, 8;
    %load/vec4 v0x64ab4b6b0d80_0;
    %dup/vec4;
    %pushi/vec4 0, 0, 3;
    %cmp/u;
    %jmp/1 T_14.2, 6;
    %dup/vec4;
    %pushi/vec4 1, 0, 3;
    %cmp/u;
    %jmp/1 T_14.3, 6;
    %dup/vec4;
    %pushi/vec4 4, 0, 3;
    %cmp/u;
    %jmp/1 T_14.4, 6;
    %dup/vec4;
    %pushi/vec4 5, 0, 3;
    %cmp/u;
    %jmp/1 T_14.5, 6;
    %dup/vec4;
    %pushi/vec4 6, 0, 3;
    %cmp/u;
    %jmp/1 T_14.6, 6;
    %dup/vec4;
    %pushi/vec4 7, 0, 3;
    %cmp/u;
    %jmp/1 T_14.7, 6;
    %pushi/vec4 0, 0, 1;
    %store/vec4 v0x64ab4b6b27c0_0, 0, 1;
    %jmp T_14.9;
T_14.2 ;
    %load/vec4 v0x64ab4b6b24a0_0;
    %load/vec4 v0x64ab4b6b2640_0;
    %cmp/e;
    %flag_get/vec4 4;
    %store/vec4 v0x64ab4b6b27c0_0, 0, 1;
    %jmp T_14.9;
T_14.3 ;
    %load/vec4 v0x64ab4b6b24a0_0;
    %load/vec4 v0x64ab4b6b2640_0;
    %cmp/ne;
    %flag_get/vec4 4;
    %store/vec4 v0x64ab4b6b27c0_0, 0, 1;
    %jmp T_14.9;
T_14.4 ;
    %load/vec4 v0x64ab4b6b24a0_0;
    %load/vec4 v0x64ab4b6b2640_0;
    %cmp/s;
    %flag_get/vec4 5;
    %store/vec4 v0x64ab4b6b27c0_0, 0, 1;
    %jmp T_14.9;
T_14.5 ;
    %load/vec4 v0x64ab4b6b2640_0;
    %load/vec4 v0x64ab4b6b24a0_0;
    %cmp/s;
    %flag_get/vec4 4;
    %flag_get/vec4 5;
    %or;
    %store/vec4 v0x64ab4b6b27c0_0, 0, 1;
    %jmp T_14.9;
T_14.6 ;
    %load/vec4 v0x64ab4b6b24a0_0;
    %load/vec4 v0x64ab4b6b2640_0;
    %cmp/u;
    %flag_get/vec4 5;
    %store/vec4 v0x64ab4b6b27c0_0, 0, 1;
    %jmp T_14.9;
T_14.7 ;
    %load/vec4 v0x64ab4b6b2640_0;
    %load/vec4 v0x64ab4b6b24a0_0;
    %cmp/u;
    %flag_get/vec4 4;
    %flag_get/vec4 5;
    %or;
    %store/vec4 v0x64ab4b6b27c0_0, 0, 1;
    %jmp T_14.9;
T_14.9 ;
    %pop/vec4 1;
T_14.0 ;
    %jmp T_14;
    .thread T_14, $push;
    .scope S_0x64ab4b66e1c0;
T_15 ;
    %wait E_0x64ab4b4a54d0;
    %load/vec4 v0x64ab4b6b1d70_0;
    %load/vec4 v0x64ab4b6b1e30_0;
    %concat/vec4; draw_concat_vec4
    %dup/vec4;
    %pushi/vec4 0, 0, 2;
    %cmp/u;
    %jmp/1 T_15.0, 6;
    %dup/vec4;
    %pushi/vec4 1, 0, 2;
    %cmp/u;
    %jmp/1 T_15.1, 6;
    %dup/vec4;
    %pushi/vec4 2, 0, 2;
    %cmp/u;
    %jmp/1 T_15.2, 6;
    %load/vec4 v0x64ab4b6b1c90_0;
    %store/vec4 v0x64ab4b6b4480_0, 0, 32;
    %jmp T_15.4;
T_15.0 ;
    %load/vec4 v0x64ab4b6b1c90_0;
    %store/vec4 v0x64ab4b6b4480_0, 0, 32;
    %jmp T_15.4;
T_15.1 ;
    %load/vec4 v0x64ab4b6b2090_0;
    %store/vec4 v0x64ab4b6b4480_0, 0, 32;
    %jmp T_15.4;
T_15.2 ;
    %load/vec4 v0x64ab4b6b1ef0_0;
    %addi 4, 0, 32;
    %store/vec4 v0x64ab4b6b4480_0, 0, 32;
    %jmp T_15.4;
T_15.4 ;
    %pop/vec4 1;
    %jmp T_15;
    .thread T_15, $push;
    .scope S_0x64ab4b66e1c0;
T_16 ;
    %wait E_0x64ab4b4a2ab0;
    %load/vec4 v0x64ab4b6b27c0_0;
    %load/vec4 v0x64ab4b6b10b0_0;
    %concat/vec4; draw_concat_vec4
    %load/vec4 v0x64ab4b6b1010_0;
    %concat/vec4; draw_concat_vec4
    %dup/vec4;
    %pushi/vec4 4, 0, 3;
    %cmp/u;
    %jmp/1 T_16.0, 6;
    %dup/vec4;
    %pushi/vec4 2, 0, 3;
    %cmp/u;
    %jmp/1 T_16.1, 6;
    %dup/vec4;
    %pushi/vec4 3, 0, 3;
    %cmp/u;
    %jmp/1 T_16.2, 6;
    %dup/vec4;
    %pushi/vec4 1, 0, 3;
    %cmp/u;
    %jmp/1 T_16.3, 6;
    %load/vec4 v0x64ab4b6b3a80_0;
    %addi 4, 0, 32;
    %store/vec4 v0x64ab4b6b2860_0, 0, 32;
    %jmp T_16.5;
T_16.0 ;
    %load/vec4 v0x64ab4b6b0f40_0;
    %load/vec4 v0x64ab4b6b1320_0;
    %add;
    %store/vec4 v0x64ab4b6b2860_0, 0, 32;
    %jmp T_16.5;
T_16.1 ;
    %load/vec4 v0x64ab4b6b0f40_0;
    %load/vec4 v0x64ab4b6b1320_0;
    %add;
    %store/vec4 v0x64ab4b6b2860_0, 0, 32;
    %jmp T_16.5;
T_16.2 ;
    %load/vec4 v0x64ab4b6b3f50_0;
    %store/vec4 v0x64ab4b6b2860_0, 0, 32;
    %jmp T_16.5;
T_16.3 ;
    %load/vec4 v0x64ab4b6b24a0_0;
    %load/vec4 v0x64ab4b6b0f40_0;
    %add;
    %store/vec4 v0x64ab4b6b2860_0, 0, 32;
    %jmp T_16.5;
T_16.5 ;
    %pop/vec4 1;
    %jmp T_16;
    .thread T_16, $push;
    .scope S_0x64ab4b66e1c0;
T_17 ;
    %wait E_0x64ab4b4a2300;
    %load/vec4 v0x64ab4b6b2d90_0;
    %dup/vec4;
    %pushi/vec4 0, 0, 2;
    %cmp/u;
    %jmp/1 T_17.0, 6;
    %dup/vec4;
    %pushi/vec4 1, 0, 2;
    %cmp/u;
    %jmp/1 T_17.1, 6;
    %dup/vec4;
    %pushi/vec4 2, 0, 2;
    %cmp/u;
    %jmp/1 T_17.2, 6;
    %load/vec4 v0x64ab4b6b13e0_0;
    %store/vec4 v0x64ab4b6b24a0_0, 0, 32;
    %jmp T_17.4;
T_17.0 ;
    %load/vec4 v0x64ab4b6b13e0_0;
    %store/vec4 v0x64ab4b6b24a0_0, 0, 32;
    %jmp T_17.4;
T_17.1 ;
    %load/vec4 v0x64ab4b6b4480_0;
    %store/vec4 v0x64ab4b6b24a0_0, 0, 32;
    %jmp T_17.4;
T_17.2 ;
    %load/vec4 v0x64ab4b6afb00_0;
    %store/vec4 v0x64ab4b6b24a0_0, 0, 32;
    %jmp T_17.4;
T_17.4 ;
    %pop/vec4 1;
    %load/vec4 v0x64ab4b6b2e60_0;
    %dup/vec4;
    %pushi/vec4 0, 0, 2;
    %cmp/u;
    %jmp/1 T_17.5, 6;
    %dup/vec4;
    %pushi/vec4 1, 0, 2;
    %cmp/u;
    %jmp/1 T_17.6, 6;
    %dup/vec4;
    %pushi/vec4 2, 0, 2;
    %cmp/u;
    %jmp/1 T_17.7, 6;
    %load/vec4 v0x64ab4b6b16d0_0;
    %store/vec4 v0x64ab4b6b2640_0, 0, 32;
    %jmp T_17.9;
T_17.5 ;
    %load/vec4 v0x64ab4b6b16d0_0;
    %store/vec4 v0x64ab4b6b2640_0, 0, 32;
    %jmp T_17.9;
T_17.6 ;
    %load/vec4 v0x64ab4b6b4480_0;
    %store/vec4 v0x64ab4b6b2640_0, 0, 32;
    %jmp T_17.9;
T_17.7 ;
    %load/vec4 v0x64ab4b6afb00_0;
    %store/vec4 v0x64ab4b6b2640_0, 0, 32;
    %jmp T_17.9;
T_17.9 ;
    %pop/vec4 1;
    %load/vec4 v0x64ab4b6b0a90_0;
    %flag_set/vec4 8;
    %jmp/0 T_17.10, 8;
    %load/vec4 v0x64ab4b6b0f40_0;
    %jmp/1 T_17.11, 8;
T_17.10 ; End of true expr.
    %load/vec4 v0x64ab4b6b2640_0;
    %jmp/0 T_17.11, 8;
 ; End of false expr.
    %blend;
T_17.11;
    %store/vec4 v0x64ab4b6b2580_0, 0, 32;
    %load/vec4 v0x64ab4b6b1230_0;
    %cmpi/e 23, 0, 7;
    %flag_mov 8, 4;
    %jmp/0 T_17.12, 8;
    %load/vec4 v0x64ab4b6b1320_0;
    %jmp/1 T_17.13, 8;
T_17.12 ; End of true expr.
    %load/vec4 v0x64ab4b6b24a0_0;
    %jmp/0 T_17.13, 8;
 ; End of false expr.
    %blend;
T_17.13;
    %store/vec4 v0x64ab4b6b23e0_0, 0, 32;
    %jmp T_17;
    .thread T_17, $push;
    .scope S_0x64ab4b66e1c0;
T_18 ;
    %wait E_0x64ab4b4bf620;
    %load/vec4 v0x64ab4b6b4200_0;
    %flag_set/vec4 8;
    %jmp/0xz  T_18.0, 8;
    %pushi/vec4 0, 0, 32;
    %assign/vec4 v0x64ab4b6b1bd0_0, 0;
    %pushi/vec4 0, 0, 32;
    %assign/vec4 v0x64ab4b6b1b00_0, 0;
    %pushi/vec4 0, 0, 1;
    %assign/vec4 v0x64ab4b6b18a0_0, 0;
    %pushi/vec4 0, 0, 1;
    %assign/vec4 v0x64ab4b6b0ce0_0, 0;
    %pushi/vec4 0, 0, 1;
    %assign/vec4 v0x64ab4b6b1170_0, 0;
    %pushi/vec4 0, 0, 1;
    %assign/vec4 v0x64ab4b6b0c10_0, 0;
    %pushi/vec4 0, 0, 1;
    %assign/vec4 v0x64ab4b6b0b50_0, 0;
    %pushi/vec4 0, 0, 1;
    %assign/vec4 v0x64ab4b6b10b0_0, 0;
    %pushi/vec4 0, 0, 1;
    %assign/vec4 v0x64ab4b6b1010_0, 0;
    %pushi/vec4 0, 0, 1;
    %assign/vec4 v0x64ab4b6b0a90_0, 0;
    %pushi/vec4 0, 0, 5;
    %assign/vec4 v0x64ab4b6b09d0_0, 0;
    %pushi/vec4 0, 0, 32;
    %assign/vec4 v0x64ab4b6afb00_0, 0;
    %pushi/vec4 0, 0, 32;
    %assign/vec4 v0x64ab4b6b0590_0, 0;
    %pushi/vec4 0, 0, 32;
    %assign/vec4 v0x64ab4b6afbc0_0, 0;
    %pushi/vec4 0, 0, 3;
    %assign/vec4 v0x64ab4b6b0080_0, 0;
    %pushi/vec4 0, 0, 5;
    %assign/vec4 v0x64ab4b6b0680_0, 0;
    %pushi/vec4 0, 0, 1;
    %assign/vec4 v0x64ab4b6b0290_0, 0;
    %pushi/vec4 0, 0, 1;
    %assign/vec4 v0x64ab4b6afcc0_0, 0;
    %pushi/vec4 0, 0, 1;
    %assign/vec4 v0x64ab4b6b01f0_0, 0;
    %pushi/vec4 0, 0, 1;
    %assign/vec4 v0x64ab4b6b0150_0, 0;
    %pushi/vec4 0, 0, 1;
    %assign/vec4 v0x64ab4b6afd60_0, 0;
    %pushi/vec4 0, 0, 1;
    %assign/vec4 v0x64ab4b6b0930_0, 0;
    %pushi/vec4 0, 0, 1;
    %assign/vec4 v0x64ab4b6b03f0_0, 0;
    %pushi/vec4 0, 0, 1;
    %assign/vec4 v0x64ab4b6b0330_0, 0;
    %pushi/vec4 0, 0, 32;
    %assign/vec4 v0x64ab4b6afe20_0, 0;
    %pushi/vec4 0, 0, 32;
    %assign/vec4 v0x64ab4b6b04b0_0, 0;
    %pushi/vec4 0, 0, 1;
    %assign/vec4 v0x64ab4b6b2170_0, 0;
    %pushi/vec4 0, 0, 1;
    %assign/vec4 v0x64ab4b6b1e30_0, 0;
    %pushi/vec4 0, 0, 1;
    %assign/vec4 v0x64ab4b6b1d70_0, 0;
    %jmp T_18.1;
T_18.0 ;
    %load/vec4 v0x64ab4b6b3f50_0;
    %assign/vec4 v0x64ab4b6afb00_0, 0;
    %load/vec4 v0x64ab4b6b2640_0;
    %assign/vec4 v0x64ab4b6b0590_0, 0;
    %load/vec4 v0x64ab4b6b3f50_0;
    %assign/vec4 v0x64ab4b6afbc0_0, 0;
    %load/vec4 v0x64ab4b6b0d80_0;
    %assign/vec4 v0x64ab4b6b0080_0, 0;
    %load/vec4 v0x64ab4b6b17b0_0;
    %assign/vec4 v0x64ab4b6b0680_0, 0;
    %load/vec4 v0x64ab4b6b1170_0;
    %assign/vec4 v0x64ab4b6b0290_0, 0;
    %load/vec4 v0x64ab4b6b0b50_0;
    %assign/vec4 v0x64ab4b6afcc0_0, 0;
    %load/vec4 v0x64ab4b6b10b0_0;
    %assign/vec4 v0x64ab4b6b01f0_0, 0;
    %load/vec4 v0x64ab4b6b1010_0;
    %assign/vec4 v0x64ab4b6b0150_0, 0;
    %load/vec4 v0x64ab4b6b27c0_0;
    %assign/vec4 v0x64ab4b6afd60_0, 0;
    %load/vec4 v0x64ab4b6b4520_0;
    %assign/vec4 v0x64ab4b6b0930_0, 0;
    %load/vec4 v0x64ab4b6b39e0_0;
    %assign/vec4 v0x64ab4b6b03f0_0, 0;
    %load/vec4 v0x64ab4b6b3820_0;
    %assign/vec4 v0x64ab4b6b0330_0, 0;
    %load/vec4 v0x64ab4b6b2860_0;
    %assign/vec4 v0x64ab4b6afe20_0, 0;
    %load/vec4 v0x64ab4b6b1320_0;
    %assign/vec4 v0x64ab4b6b04b0_0, 0;
    %load/vec4 v0x64ab4b6afb00_0;
    %assign/vec4 v0x64ab4b6b1c90_0, 0;
    %load/vec4 v0x64ab4b6b3db0_0;
    %assign/vec4 v0x64ab4b6b2090_0, 0;
    %load/vec4 v0x64ab4b6b0680_0;
    %assign/vec4 v0x64ab4b6b1fd0_0, 0;
    %load/vec4 v0x64ab4b6b0860_0;
    %assign/vec4 v0x64ab4b6b2170_0, 0;
    %load/vec4 v0x64ab4b6b0290_0;
    %assign/vec4 v0x64ab4b6b1e30_0, 0;
    %load/vec4 v0x64ab4b6b04b0_0;
    %assign/vec4 v0x64ab4b6b1ef0_0, 0;
    %load/vec4 v0x64ab4b6b01f0_0;
    %assign/vec4 v0x64ab4b6b1d70_0, 0;
    %load/vec4 v0x64ab4b6b2b50_0;
    %flag_set/vec4 8;
    %jmp/0xz  T_18.2, 8;
    %pushi/vec4 0, 0, 32;
    %assign/vec4 v0x64ab4b6b1b00_0, 0;
    %pushi/vec4 0, 0, 1;
    %assign/vec4 v0x64ab4b6b18a0_0, 0;
    %pushi/vec4 0, 0, 1;
    %assign/vec4 v0x64ab4b6b0ce0_0, 0;
    %pushi/vec4 0, 0, 1;
    %assign/vec4 v0x64ab4b6b1170_0, 0;
    %pushi/vec4 0, 0, 1;
    %assign/vec4 v0x64ab4b6b0c10_0, 0;
    %pushi/vec4 0, 0, 1;
    %assign/vec4 v0x64ab4b6b0b50_0, 0;
    %pushi/vec4 0, 0, 1;
    %assign/vec4 v0x64ab4b6b10b0_0, 0;
    %pushi/vec4 0, 0, 1;
    %assign/vec4 v0x64ab4b6b1010_0, 0;
    %pushi/vec4 0, 0, 1;
    %assign/vec4 v0x64ab4b6b0a90_0, 0;
    %pushi/vec4 0, 0, 5;
    %assign/vec4 v0x64ab4b6b09d0_0, 0;
    %pushi/vec4 0, 0, 32;
    %assign/vec4 v0x64ab4b6b1320_0, 0;
    %pushi/vec4 0, 0, 32;
    %assign/vec4 v0x64ab4b6b13e0_0, 0;
    %pushi/vec4 0, 0, 32;
    %assign/vec4 v0x64ab4b6b16d0_0, 0;
    %pushi/vec4 0, 0, 5;
    %assign/vec4 v0x64ab4b6b1940_0, 0;
    %pushi/vec4 0, 0, 5;
    %assign/vec4 v0x64ab4b6b1a30_0, 0;
    %pushi/vec4 0, 0, 5;
    %assign/vec4 v0x64ab4b6b17b0_0, 0;
    %pushi/vec4 0, 0, 32;
    %assign/vec4 v0x64ab4b6b0f40_0, 0;
    %pushi/vec4 0, 0, 3;
    %assign/vec4 v0x64ab4b6b0d80_0, 0;
    %pushi/vec4 0, 0, 7;
    %assign/vec4 v0x64ab4b6b0e70_0, 0;
    %pushi/vec4 0, 0, 7;
    %assign/vec4 v0x64ab4b6b1230_0, 0;
    %pushi/vec4 0, 0, 1;
    %assign/vec4 v0x64ab4b6b0860_0, 0;
    %pushi/vec4 0, 0, 1;
    %assign/vec4 v0x64ab4b6affb0_0, 0;
    %pushi/vec4 0, 0, 1;
    %assign/vec4 v0x64ab4b6afee0_0, 0;
    %pushi/vec4 0, 0, 1;
    %assign/vec4 v0x64ab4b6b01f0_0, 0;
    %pushi/vec4 0, 0, 1;
    %assign/vec4 v0x64ab4b6b0150_0, 0;
    %pushi/vec4 0, 0, 1;
    %assign/vec4 v0x64ab4b6afd60_0, 0;
    %jmp T_18.3;
T_18.2 ;
    %load/vec4 v0x64ab4b6b4390_0;
    %flag_set/vec4 8;
    %jmp/0xz  T_18.4, 8;
    %load/vec4 v0x64ab4b6b1bd0_0;
    %assign/vec4 v0x64ab4b6b1bd0_0, 0;
    %load/vec4 v0x64ab4b6b1b00_0;
    %assign/vec4 v0x64ab4b6b1b00_0, 0;
    %pushi/vec4 0, 0, 1;
    %assign/vec4 v0x64ab4b6b18a0_0, 0;
    %pushi/vec4 0, 0, 1;
    %assign/vec4 v0x64ab4b6b0ce0_0, 0;
    %pushi/vec4 0, 0, 1;
    %assign/vec4 v0x64ab4b6b0c10_0, 0;
    %pushi/vec4 0, 0, 1;
    %assign/vec4 v0x64ab4b6b0b50_0, 0;
    %pushi/vec4 0, 0, 1;
    %assign/vec4 v0x64ab4b6b10b0_0, 0;
    %pushi/vec4 0, 0, 1;
    %assign/vec4 v0x64ab4b6b1010_0, 0;
    %load/vec4 v0x64ab4b6b18a0_0;
    %assign/vec4 v0x64ab4b6b0860_0, 0;
    %load/vec4 v0x64ab4b6b0c10_0;
    %assign/vec4 v0x64ab4b6afee0_0, 0;
    %load/vec4 v0x64ab4b6b0ce0_0;
    %assign/vec4 v0x64ab4b6affb0_0, 0;
    %jmp T_18.5;
T_18.4 ;
    %load/vec4 v0x64ab4b6b3a80_0;
    %assign/vec4 v0x64ab4b6b1bd0_0, 0;
    %load/vec4 v0x64ab4b6b34e0_0;
    %assign/vec4 v0x64ab4b6b1b00_0, 0;
    %load/vec4 v0x64ab4b6b1bd0_0;
    %assign/vec4 v0x64ab4b6b1320_0, 0;
    %load/vec4 v0x64ab4b6b3b70_0;
    %assign/vec4 v0x64ab4b6b13e0_0, 0;
    %load/vec4 v0x64ab4b6b3c10_0;
    %assign/vec4 v0x64ab4b6b16d0_0, 0;
    %load/vec4 v0x64ab4b6b4020_0;
    %assign/vec4 v0x64ab4b6b1940_0, 0;
    %load/vec4 v0x64ab4b6b4110_0;
    %assign/vec4 v0x64ab4b6b1a30_0, 0;
    %load/vec4 v0x64ab4b6b3ce0_0;
    %assign/vec4 v0x64ab4b6b17b0_0, 0;
    %load/vec4 v0x64ab4b6b2f30_0;
    %assign/vec4 v0x64ab4b6b0f40_0, 0;
    %load/vec4 v0x64ab4b6b2bf0_0;
    %assign/vec4 v0x64ab4b6b0d80_0, 0;
    %load/vec4 v0x64ab4b6b2cc0_0;
    %assign/vec4 v0x64ab4b6b0e70_0, 0;
    %load/vec4 v0x64ab4b6b38f0_0;
    %assign/vec4 v0x64ab4b6b1230_0, 0;
    %load/vec4 v0x64ab4b6b3e80_0;
    %assign/vec4 v0x64ab4b6b18a0_0, 0;
    %load/vec4 v0x64ab4b6b3750_0;
    %assign/vec4 v0x64ab4b6b1170_0, 0;
    %load/vec4 v0x64ab4b6b29e0_0;
    %assign/vec4 v0x64ab4b6b0c10_0, 0;
    %load/vec4 v0x64ab4b6b2a80_0;
    %assign/vec4 v0x64ab4b6b0ce0_0, 0;
    %load/vec4 v0x64ab4b6b2720_0;
    %assign/vec4 v0x64ab4b6b0b50_0, 0;
    %load/vec4 v0x64ab4b6b3680_0;
    %assign/vec4 v0x64ab4b6b10b0_0, 0;
    %load/vec4 v0x64ab4b6b35b0_0;
    %assign/vec4 v0x64ab4b6b1010_0, 0;
    %load/vec4 v0x64ab4b6afa10_0;
    %assign/vec4 v0x64ab4b6b0a90_0, 0;
    %load/vec4 v0x64ab4b6b42a0_0;
    %assign/vec4 v0x64ab4b6b09d0_0, 0;
    %load/vec4 v0x64ab4b6b18a0_0;
    %assign/vec4 v0x64ab4b6b0860_0, 0;
    %load/vec4 v0x64ab4b6b0c10_0;
    %assign/vec4 v0x64ab4b6afee0_0, 0;
    %load/vec4 v0x64ab4b6b0ce0_0;
    %assign/vec4 v0x64ab4b6affb0_0, 0;
T_18.5 ;
T_18.3 ;
T_18.1 ;
    %jmp T_18;
    .thread T_18;
    .scope S_0x64ab4b595830;
T_19 ;
    %pushi/vec4 0, 0, 32;
    %store/vec4 v0x64ab4b6b4a60_0, 0, 32;
    %pushi/vec4 0, 0, 32;
    %store/vec4 v0x64ab4b6b4660_0, 0, 32;
    %pushi/vec4 0, 0, 32;
    %store/vec4 v0x64ab4b6b48c0_0, 0, 32;
    %pushi/vec4 0, 0, 32;
    %store/vec4 v0x64ab4b6b4c30_0, 0, 32;
    %end;
    .thread T_19, $init;
    .scope S_0x64ab4b595830;
T_20 ;
    %delay 5, 0;
    %load/vec4 v0x64ab4b6b45c0_0;
    %inv;
    %assign/vec4 v0x64ab4b6b45c0_0, 0;
    %jmp T_20;
    .thread T_20;
    .scope S_0x64ab4b595830;
T_21 ;
    %vpi_func 3 59 "$fopen" 32, "../sw/assembly.txt", "r" {0 0 0};
    %store/vec4 v0x64ab4b6b4720_0, 0, 32;
    %load/vec4 v0x64ab4b6b4720_0;
    %cmpi/e 0, 0, 32;
    %jmp/0xz  T_21.0, 4;
    %vpi_call/w 3 61 "$display", "Error: Could not open assembly.txt" {0 0 0};
    %vpi_call/w 3 62 "$finish" {0 0 0};
T_21.0 ;
T_21.2 ;
    %vpi_func 3 66 "$feof" 32, v0x64ab4b6b4720_0 {0 0 0};
    %nor/r;
    %flag_set/vec4 9;
    %flag_get/vec4 9;
    %jmp/0 T_21.4, 9;
    %load/vec4 v0x64ab4b6b48c0_0;
    %cmpi/s 256, 0, 32;
    %flag_get/vec4 5;
    %and;
T_21.4;
    %flag_set/vec4 8;
    %jmp/0xz T_21.3, 8;
    %pushi/vec4 0, 0, 2048;
    %store/vec4 v0x64ab4b6b47e0_0, 0, 2048;
    %vpi_func 3 68 "$fgets" 32, v0x64ab4b6b47e0_0, v0x64ab4b6b4720_0 {0 0 0};
    %cmpi/ne 0, 0, 32;
    %jmp/0xz  T_21.5, 4;
    %load/vec4 v0x64ab4b6b47e0_0;
    %pushv/str; Cast BOOL/LOGIC to string
    %store/str v0x64ab4b6b49a0_0;
T_21.7 ;
    %vpi_func 0 0 "$ivl_string_method$len" 32, v0x64ab4b6b49a0_0 {0 0 0};
    %cmpi/u 0, 0, 32;
    %flag_or 5, 4; GT is !LE
    %flag_inv 5;
    %flag_get/vec4 5;
    %jmp/0 T_21.9, 5;
    %load/str v0x64ab4b6b49a0_0;
    %vpi_func 0 0 "$ivl_string_method$len" 32, v0x64ab4b6b49a0_0 {0 0 0};
    %subi 1, 0, 32;
    %ix/vec4 4;
    %substr/vec4 4, 8;
    %pop/str 1;
    %cmpi/u 32, 0, 8;
    %flag_get/vec4 5;
    %and;
T_21.9;
    %flag_set/vec4 8;
    %jmp/0xz T_21.8, 8;
    %load/str v0x64ab4b6b49a0_0;
    %ix/load 4, 0, 0;
    %flag_set/imm 4, 0;
    %vpi_func 0 0 "$ivl_string_method$len" 32, v0x64ab4b6b49a0_0 {0 0 0};
    %subi 2, 0, 32;
    %cast2;
    %ix/vec4 5;
    %substr 4, 5;
    %store/str v0x64ab4b6b49a0_0;
    %jmp T_21.7;
T_21.8 ;
    %vpi_func 0 0 "$ivl_string_method$len" 32, v0x64ab4b6b49a0_0 {0 0 0};
    %cmpi/u 0, 0, 32;
    %flag_or 5, 4; GT is !LE
    %flag_inv 5;
    %flag_get/vec4 5;
    %jmp/0 T_21.13, 5;
    %load/str v0x64ab4b6b49a0_0;
    %ix/load 4, 0, 0;
    %flag_set/imm 4, 0;
    %substr/vec4 4, 8;
    %pop/str 1;
    %pushi/vec4 35, 0, 8; draw_string_vec4
    %cmp/ne;
    %flag_get/vec4 4;
    %and;
T_21.13;
    %flag_set/vec4 9;
    %flag_get/vec4 9;
    %jmp/0 T_21.12, 9;
    %load/str v0x64ab4b6b49a0_0;
    %vpi_func 0 0 "$ivl_string_method$len" 32, v0x64ab4b6b49a0_0 {0 0 0};
    %subi 1, 0, 32;
    %cast2;
    %ix/vec4 4;
    %vpi_func 0 0 "$ivl_string_method$len" 32, v0x64ab4b6b49a0_0 {0 0 0};
    %subi 1, 0, 32;
    %cast2;
    %ix/vec4 5;
    %substr 4, 5;
    %pushi/str ":";
    %cmp/str;
    %flag_get/vec4 4;
    %nor/r;
    %and;
T_21.12;
    %flag_set/vec4 8;
    %jmp/0xz  T_21.10, 8;
    %load/str v0x64ab4b6b49a0_0;
    %ix/getv/s 4, v0x64ab4b6b48c0_0;
    %store/stra v0x64ab4b6b4d10, 4;
    %load/vec4 v0x64ab4b6b48c0_0;
    %addi 1, 0, 32;
    %store/vec4 v0x64ab4b6b48c0_0, 0, 32;
T_21.10 ;
T_21.5 ;
    %jmp T_21.2;
T_21.3 ;
    %vpi_call/w 3 79 "$fclose", v0x64ab4b6b4720_0 {0 0 0};
    %vpi_call/w 3 81 "$display", "Total lines read: %0d", v0x64ab4b6b48c0_0 {0 0 0};
    %fork t_1, S_0x64ab4b5a2cd0;
    %jmp t_0;
    .scope S_0x64ab4b5a2cd0;
t_1 ;
    %pushi/vec4 0, 0, 32;
    %store/vec4 v0x64ab4b66bc20_0, 0, 32;
T_21.14 ;
    %load/vec4 v0x64ab4b66bc20_0;
    %load/vec4 v0x64ab4b6b48c0_0;
    %cmp/s;
    %jmp/0xz T_21.15, 5;
    %vpi_call/w 3 83 "$display", "Line %0d: [%s]", v0x64ab4b66bc20_0, &A<v0x64ab4b6b4d10, v0x64ab4b66bc20_0 > {0 0 0};
    ; show_stmt_assign_vector: Get l-value for compressed += operand
    %load/vec4 v0x64ab4b66bc20_0;
    %pushi/vec4 1, 0, 32;
    %add;
    %cast2;
    %store/vec4 v0x64ab4b66bc20_0, 0, 32;
    %jmp T_21.14;
T_21.15 ;
    %end;
    .scope S_0x64ab4b595830;
t_0 %join;
    %end;
    .thread T_21;
    .scope S_0x64ab4b595830;
T_22 ;
    %vpi_call/w 3 93 "$display", "Starting testbench" {0 0 0};
    %pushi/vec4 0, 0, 1;
    %store/vec4 v0x64ab4b6b45c0_0, 0, 1;
    %pushi/vec4 1, 0, 1;
    %store/vec4 v0x64ab4b6b4b40_0, 0, 1;
    %pushi/vec4 5, 0, 32;
T_22.0 %dup/vec4;
    %pushi/vec4 0, 0, 32;
    %cmp/s;
    %jmp/1xz T_22.1, 5;
    %jmp/1 T_22.1, 4;
    %pushi/vec4 1, 0, 32;
    %sub;
    %wait E_0x64ab4b4bf620;
    %jmp T_22.0;
T_22.1 ;
    %pop/vec4 1;
    %pushi/vec4 0, 0, 1;
    %store/vec4 v0x64ab4b6b4b40_0, 0, 1;
    %pushi/vec4 5, 0, 32;
T_22.2 %dup/vec4;
    %pushi/vec4 0, 0, 32;
    %cmp/s;
    %jmp/1xz T_22.3, 5;
    %jmp/1 T_22.3, 4;
    %pushi/vec4 1, 0, 32;
    %sub;
    %wait E_0x64ab4b4bf620;
    %jmp T_22.2;
T_22.3 ;
    %pop/vec4 1;
    %pushi/vec4 1, 0, 5;
    %store/vec4 v0x64ab4b555af0_0, 0, 5;
    %pushi/vec4 2, 0, 32;
    %store/vec4 v0x64ab4b6546b0_0, 0, 32;
    %fork TD_tb_cpu.check_registers, S_0x64ab4b66dfb0;
    %join;
    %pushi/vec4 1, 0, 5;
    %store/vec4 v0x64ab4b555af0_0, 0, 5;
    %pushi/vec4 0, 0, 32;
    %store/vec4 v0x64ab4b6546b0_0, 0, 32;
    %fork TD_tb_cpu.check_registers, S_0x64ab4b66dfb0;
    %join;
    %vpi_call/w 3 103 "$display", "Passed: %0d, Failed: %0d", v0x64ab4b6b4a60_0, v0x64ab4b6b4660_0 {0 0 0};
    %vpi_call/w 3 104 "$finish" {0 0 0};
    %end;
    .thread T_22;
# The file index is used to find the file name in the following table.
:file_names 16;
    "N/A";
    "<interactive>";
    "-";
    "../tb/my_tb.sv";
    "../rtl/cpu-p.sv";
    "../rtl/alu-p.sv";
    "../rtl/ops-p.sv";
    "../rtl/alucontrol-p.sv";
    "../rtl/control-p.sv";
    "../rtl/datamem-p.sv";
    "../rtl/forwardunit-p.sv";
    "../rtl/hazarddetect-p.sv";
    "../rtl/instdecoder-p.sv";
    "../rtl/instmem-p.sv";
    "../rtl/progcounter-p.sv";
    "../rtl/registers-p.sv";
