#! /usr/bin/vvp
:ivl_version "12.0 (stable)";
:ivl_delay_selection "TYPICAL";
:vpi_time_precision + 0;
:vpi_module "/usr/lib/x86_64-linux-gnu/ivl/system.vpi";
:vpi_module "/usr/lib/x86_64-linux-gnu/ivl/vhdl_sys.vpi";
:vpi_module "/usr/lib/x86_64-linux-gnu/ivl/vhdl_textio.vpi";
:vpi_module "/usr/lib/x86_64-linux-gnu/ivl/v2005_math.vpi";
:vpi_module "/usr/lib/x86_64-linux-gnu/ivl/va_math.vpi";
:vpi_module "/usr/lib/x86_64-linux-gnu/ivl/v2009.vpi";
S_0x5e02002bb990 .scope package, "$unit" "$unit" 2 1;
 .timescale 0 0;
S_0x5e02001adc30 .scope module, "tb_cpu" "tb_cpu" 3 2;
 .timescale 0 0;
v0x5e0200305520_0 .var "clk", 0 0;
v0x5e02003055c0_0 .var "fail_count", 31 0;
v0x5e0200305680_0 .var "pass_count", 31 0;
v0x5e0200305740_0 .var "rst", 0 0;
S_0x5e02001eb310 .scope task, "check_mem" "check_mem" 3 30, 3 30 0, S_0x5e02001adc30;
 .timescale 0 0;
v0x5e02002ba910_0 .var "comp_value", 31 0;
v0x5e02002b9260_0 .var "fail_count", 31 0;
v0x5e02001be030_0 .var "mem_addr", 31 0;
v0x5e02001ad420_0 .var "pass_count", 31 0;
v0x5e02002aa190_0 .var/str "task_name";
v0x5e02002bea40_0 .var "test_num", 31 0;
E_0x5e020011a620 .event posedge, v0x5e02002fadd0_0;
TD_tb_cpu.check_mem ;
    %ix/getv 4, v0x5e02001be030_0;
    %load/vec4a v0x5e02002fae90, 4;
    %load/vec4 v0x5e02002ba910_0;
    %cmp/e;
    %jmp/0xz  T_0.0, 4;
    %vpi_call/w 3 38 "$display", "[PASS] test %0d: %-30s                        mem slot %0d = %0d", v0x5e02002bea40_0, v0x5e02002aa190_0, v0x5e02001be030_0, v0x5e02002ba910_0 {0 0 0};
    %load/vec4 v0x5e02001ad420_0;
    %addi 1, 0, 32;
    %store/vec4 v0x5e02001ad420_0, 0, 32;
    %jmp T_0.1;
T_0.0 ;
    %vpi_call/w 3 42 "$display", "[FAIL] test %0d: %-30s                        mem slot %0d = %0d, expected %0d", v0x5e02002bea40_0, v0x5e02002aa190_0, v0x5e02001be030_0, &A<v0x5e02002fae90, v0x5e02001be030_0 >, v0x5e02002ba910_0 {0 0 0};
    %load/vec4 v0x5e02002b9260_0;
    %addi 1, 0, 32;
    %store/vec4 v0x5e02002b9260_0, 0, 32;
T_0.1 ;
    %wait E_0x5e020011a620;
    %end;
S_0x5e02002beb20 .scope task, "check_registers" "check_registers" 3 12, 3 12 0, S_0x5e02001adc30;
 .timescale 0 0;
v0x5e02002becd0_0 .var "comp_value", 31 0;
v0x5e02002bedb0_0 .var "fail_count", 31 0;
v0x5e02002bee90_0 .var "pass_count", 31 0;
v0x5e02002bef50_0 .var "reg_addr", 4 0;
v0x5e02002bf030_0 .var/str "task_name";
v0x5e02002bf0f0_0 .var "test_num", 31 0;
TD_tb_cpu.check_registers ;
    %load/vec4 v0x5e02002bef50_0;
    %pad/u 7;
    %ix/vec4 4;
    %load/vec4a v0x5e0200300600, 4;
    %load/vec4 v0x5e02002becd0_0;
    %cmp/e;
    %jmp/0xz  T_1.2, 4;
    %vpi_call/w 3 20 "$display", "[PASS] test %0d: %-30s                        x%0h = %0d", v0x5e02002bf0f0_0, v0x5e02002bf030_0, v0x5e02002bef50_0, v0x5e02002becd0_0 {0 0 0};
    %load/vec4 v0x5e02002bee90_0;
    %addi 1, 0, 32;
    %store/vec4 v0x5e02002bee90_0, 0, 32;
    %jmp T_1.3;
T_1.2 ;
    %load/vec4 v0x5e02002bef50_0;
    %pad/u 7;
    %ix/vec4 4;
    %load/vec4a v0x5e0200300600, 4;
    %vpi_call/w 3 24 "$display", "[FAIL] test %0d: %-30s                        x%0h = %0d, expected %0d", v0x5e02002bf0f0_0, v0x5e02002bf030_0, v0x5e02002bef50_0, S<0,vec4,u32>, v0x5e02002becd0_0 {1 0 0};
    %load/vec4 v0x5e02002bedb0_0;
    %addi 1, 0, 32;
    %store/vec4 v0x5e02002bedb0_0, 0, 32;
T_1.3 ;
    %wait E_0x5e020011a620;
    %end;
S_0x5e02002bf1d0 .scope module, "my_cpu" "cpu" 3 8, 4 13 0, S_0x5e02001adc30;
 .timescale 0 0;
    .port_info 0 /INPUT 1 "clk";
    .port_info 1 /INPUT 1 "rst";
P_0x5e02002bf3b0 .param/l "B_type" 1 4 41, C4<011>;
P_0x5e02002bf3f0 .param/l "I_type" 1 4 41, C4<001>;
P_0x5e02002bf430 .param/l "J_type" 1 4 41, C4<101>;
P_0x5e02002bf470 .param/l "R_type" 1 4 41, C4<000>;
P_0x5e02002bf4b0 .param/l "S_type" 1 4 41, C4<010>;
P_0x5e02002bf4f0 .param/l "U_type" 1 4 41, C4<100>;
L_0x5e02002ba770 .functor OR 1, v0x5e0200300cc0_0, v0x5e0200301150_0, C4<0>, C4<0>;
L_0x5e02002b9140 .functor OR 1, L_0x5e02002ba770, v0x5e02003010b0_0, C4<0>, C4<0>;
L_0x5e02001bdf10 .functor OR 1, v0x5e0200300cc0_0, v0x5e0200301150_0, C4<0>, C4<0>;
L_0x5e02001ad280 .functor OR 1, L_0x5e02001bdf10, v0x5e02003010b0_0, C4<0>, C4<0>;
v0x5e0200300970_0 .net "ALU_src", 0 0, v0x5e02002f9e10_0;  1 drivers
v0x5e0200300a60_0 .var "EX_MEM_ALU_result", 31 0;
v0x5e0200300b20_0 .var "EX_MEM_addr", 31 0;
v0x5e0200300c20_0 .var "EX_MEM_branch", 0 0;
v0x5e0200300cc0_0 .var "EX_MEM_branch_taken", 0 0;
v0x5e0200300d80_0 .var "EX_MEM_branch_target", 31 0;
v0x5e0200300e40_0 .var "EX_MEM_data_read", 0 0;
v0x5e0200300f10_0 .var "EX_MEM_data_write", 0 0;
v0x5e0200300fe0_0 .var "EX_MEM_funct3", 2 0;
v0x5e02003010b0_0 .var "EX_MEM_jalr", 0 0;
v0x5e0200301150_0 .var "EX_MEM_jump", 0 0;
v0x5e02003011f0_0 .var "EX_MEM_mem_to_reg", 0 0;
v0x5e0200301290_0 .var "EX_MEM_negative", 0 0;
v0x5e0200301350_0 .var "EX_MEM_overflow", 0 0;
v0x5e0200301410_0 .var "EX_MEM_pc", 31 0;
v0x5e02003014f0_0 .var "EX_MEM_r2", 31 0;
v0x5e02003015e0_0 .var "EX_MEM_rd", 4 0;
v0x5e02003017c0_0 .var "EX_MEM_reg_write", 0 0;
v0x5e0200301890_0 .var "EX_MEM_zero", 0 0;
v0x5e0200301930_0 .var "ID_EX_ALU_sel", 4 0;
v0x5e02003019f0_0 .var "ID_EX_ALU_src", 0 0;
v0x5e0200301ab0_0 .var "ID_EX_branch", 0 0;
v0x5e0200301b70_0 .var "ID_EX_data_read", 0 0;
v0x5e0200301c40_0 .var "ID_EX_data_write", 0 0;
v0x5e0200301ce0_0 .var "ID_EX_funct3", 2 0;
v0x5e0200301dd0_0 .var "ID_EX_funct7", 6 0;
v0x5e0200301ea0_0 .var "ID_EX_imm", 31 0;
v0x5e0200301f70_0 .var "ID_EX_jalr", 0 0;
v0x5e0200302010_0 .var "ID_EX_jump", 0 0;
v0x5e02003020d0_0 .var "ID_EX_mem_to_reg", 0 0;
v0x5e0200302190_0 .var "ID_EX_opcode", 6 0;
v0x5e0200302280_0 .var "ID_EX_pc", 31 0;
v0x5e0200302340_0 .var "ID_EX_r1", 31 0;
v0x5e0200302630_0 .var "ID_EX_r2", 31 0;
v0x5e0200302710_0 .var "ID_EX_rd", 4 0;
v0x5e0200302800_0 .var "ID_EX_reg_write", 0 0;
v0x5e02003028a0_0 .var "ID_EX_rs1", 4 0;
v0x5e0200302990_0 .var "ID_EX_rs2", 4 0;
v0x5e0200302a60_0 .var "IF_ID_instr", 31 0;
v0x5e0200302b30_0 .var "IF_ID_pc", 31 0;
v0x5e0200302bf0_0 .var "MEM_WB_ALU_result", 31 0;
v0x5e0200302cd0_0 .var "MEM_WB_jump", 0 0;
v0x5e0200302d90_0 .var "MEM_WB_mem_to_reg", 0 0;
v0x5e0200302e50_0 .var "MEM_WB_pc", 31 0;
v0x5e0200302f30_0 .var "MEM_WB_rd", 4 0;
v0x5e0200302ff0_0 .var "MEM_WB_read_data", 31 0;
v0x5e02003030d0_0 .var "MEM_WB_reg_write", 0 0;
v0x5e02003031c0_0 .net *"_ivl_1", 0 0, L_0x5e02002ba770;  1 drivers
v0x5e0200303280_0 .net *"_ivl_5", 0 0, L_0x5e02001bdf10;  1 drivers
v0x5e0200303340_0 .var "alu_a", 31 0;
v0x5e0200303400_0 .var "alu_a_reg", 31 0;
v0x5e02003034e0_0 .var "alu_b", 31 0;
v0x5e02003035a0_0 .var "alu_b_reg", 31 0;
v0x5e0200303680_0 .net "branch", 0 0, v0x5e02002f9ef0_0;  1 drivers
v0x5e0200303720_0 .var "branch_taken", 0 0;
v0x5e02003037c0_0 .var "branch_target", 31 0;
v0x5e02003038a0_0 .net "clk", 0 0, v0x5e0200305520_0;  1 drivers
v0x5e0200303940_0 .net "data_read", 0 0, v0x5e02002f9fb0_0;  1 drivers
v0x5e02003039e0_0 .net "data_write", 0 0, v0x5e02002fa080_0;  1 drivers
v0x5e0200303ab0_0 .net "flush", 0 0, L_0x5e02002b9140;  1 drivers
v0x5e0200303b50_0 .net "funct3", 2 0, v0x5e02002fcfe0_0;  1 drivers
v0x5e0200303c20_0 .net "funct7", 6 0, v0x5e02002fd0e0_0;  1 drivers
v0x5e0200303cf0_0 .net "fwd_a", 1 0, v0x5e02002fbda0_0;  1 drivers
v0x5e0200303dc0_0 .net "fwd_b", 1 0, v0x5e02002fbe80_0;  1 drivers
v0x5e0200303e90_0 .net "imm", 31 0, v0x5e02002fd1c0_0;  1 drivers
v0x5e0200304370_0 .net "inst_type", 2 0, v0x5e02002fd280_0;  1 drivers
v0x5e0200304440_0 .net "instr", 31 0, L_0x5e02002aa070;  1 drivers
v0x5e0200304510_0 .net "jalr", 0 0, v0x5e02002fa140_0;  1 drivers
v0x5e02003045e0_0 .net "jump", 0 0, v0x5e02002fa250_0;  1 drivers
v0x5e02003046b0_0 .net "mem_to_reg", 0 0, v0x5e02002fa310_0;  1 drivers
v0x5e0200304780_0 .net "negative", 0 0, v0x5e02002f7f00_0;  1 drivers
v0x5e0200304850_0 .net "opcode", 6 0, v0x5e02002fd490_0;  1 drivers
v0x5e0200304940_0 .net "overflow", 0 0, v0x5e02002f80a0_0;  1 drivers
v0x5e02003049e0_0 .net "pc", 31 0, v0x5e02002fe5a0_0;  1 drivers
v0x5e0200304ad0_0 .net "r1", 31 0, L_0x5e0200316490;  1 drivers
v0x5e0200304b70_0 .net "r2", 31 0, L_0x5e0200316e60;  1 drivers
v0x5e0200304c40_0 .net "rd", 4 0, v0x5e02002fd550_0;  1 drivers
v0x5e0200304d10_0 .net "read_data", 31 0, v0x5e02002fb1b0_0;  1 drivers
v0x5e0200304de0_0 .net "reg_write", 0 0, v0x5e02002fa4b0_0;  1 drivers
v0x5e0200304eb0_0 .net "result", 31 0, v0x5e02002f8310_0;  1 drivers
v0x5e0200304f80_0 .net "rs1", 4 0, v0x5e02002fd610_0;  1 drivers
v0x5e0200305070_0 .net "rs2", 4 0, v0x5e02002fd6f0_0;  1 drivers
v0x5e0200305160_0 .net "rst", 0 0, v0x5e0200305740_0;  1 drivers
v0x5e0200305200_0 .net "sel", 4 0, v0x5e02002f9920_0;  1 drivers
v0x5e02003052f0_0 .net "stall", 0 0, v0x5e02002fc670_0;  1 drivers
v0x5e02003053e0_0 .var "wb_data", 31 0;
v0x5e0200305480_0 .net "zero", 0 0, v0x5e02002f8a70_0;  1 drivers
E_0x5e02000fd300/0 .event anyedge, v0x5e02002fbda0_0, v0x5e0200302340_0, v0x5e0200300120_0, v0x5e0200300a60_0;
E_0x5e02000fd300/1 .event anyedge, v0x5e02002fbe80_0, v0x5e0200302630_0, v0x5e02003019f0_0, v0x5e02002f9750_0;
E_0x5e02000fd300/2 .event anyedge, v0x5e02003035a0_0, v0x5e02002f9840_0, v0x5e0200302280_0, v0x5e0200303400_0;
E_0x5e02000fd300 .event/or E_0x5e02000fd300/0, E_0x5e02000fd300/1, E_0x5e02000fd300/2;
E_0x5e02000fdab0/0 .event anyedge, v0x5e0200303720_0, v0x5e0200302010_0, v0x5e0200301f70_0, v0x5e02002f9750_0;
E_0x5e02000fdab0/1 .event anyedge, v0x5e0200302280_0, v0x5e02002f8310_0, v0x5e0200303400_0, v0x5e02002fdf20_0;
E_0x5e02000fdab0 .event/or E_0x5e02000fdab0/0, E_0x5e02000fdab0/1;
E_0x5e02001004d0/0 .event anyedge, v0x5e0200302cd0_0, v0x5e0200302d90_0, v0x5e0200302bf0_0, v0x5e0200302ff0_0;
E_0x5e02001004d0/1 .event anyedge, v0x5e0200302e50_0;
E_0x5e02001004d0 .event/or E_0x5e02001004d0/0, E_0x5e02001004d0/1;
E_0x5e02000fdbd0 .event anyedge, v0x5e0200301ab0_0, v0x5e02002f9570_0, v0x5e0200303400_0, v0x5e02003035a0_0;
L_0x5e0200346d30 .part v0x5e0200302a60_0, 15, 5;
L_0x5e0200346e20 .part v0x5e0200302a60_0, 20, 5;
S_0x5e02002bf880 .scope module, "my_alu" "alu" 4 171, 5 1 0, S_0x5e02002bf1d0;
 .timescale 0 0;
    .port_info 0 /INPUT 5 "sel";
    .port_info 1 /INPUT 32 "r1";
    .port_info 2 /INPUT 32 "r2";
    .port_info 3 /OUTPUT 32 "result";
    .port_info 4 /OUTPUT 1 "overflow";
    .port_info 5 /OUTPUT 1 "negative";
    .port_info 6 /OUTPUT 1 "zero";
v0x5e02002f7d40_0 .net "add_out", 31 0, L_0x5e020032d7f0;  1 drivers
v0x5e02002f7e30_0 .net "and_out", 31 0, L_0x5e02003455d0;  1 drivers
v0x5e02002f7f00_0 .var "negative", 0 0;
v0x5e02002f7fd0_0 .net "or_out", 31 0, L_0x5e0200345510;  1 drivers
v0x5e02002f80a0_0 .var "overflow", 0 0;
v0x5e02002f8190_0 .net "r1", 31 0, v0x5e0200303340_0;  1 drivers
v0x5e02002f8250_0 .net "r2", 31 0, v0x5e02003034e0_0;  1 drivers
v0x5e02002f8310_0 .var "result", 31 0;
v0x5e02002f83f0_0 .net "sel", 4 0, v0x5e02002f9920_0;  alias, 1 drivers
v0x5e02002f84d0_0 .net "sll_out", 31 0, L_0x5e0200345690;  1 drivers
v0x5e02002f8590_0 .net "slt_out", 31 0, L_0x5e02003460e0;  1 drivers
v0x5e02002f8660_0 .net "sltu_out", 31 0, L_0x5e0200346770;  1 drivers
v0x5e02002f8730_0 .net "sra_out", 31 0, L_0x5e0200345e60;  1 drivers
v0x5e02002f8800_0 .net "srl_out", 31 0, L_0x5e0200345870;  1 drivers
v0x5e02002f88d0_0 .net "sub_out", 31 0, L_0x5e02003449e0;  1 drivers
v0x5e02002f89a0_0 .net "xor_out", 31 0, L_0x5e0200345450;  1 drivers
v0x5e02002f8a70_0 .var "zero", 0 0;
E_0x5e02000fd030/0 .event anyedge, v0x5e02002f83f0_0, v0x5e02002d9e30_0, v0x5e02002f76f0_0, v0x5e02002f7bd0_0;
E_0x5e02000fd030/1 .event anyedge, v0x5e02002da8c0_0, v0x5e02002da2f0_0, v0x5e02002dad10_0, v0x5e02002dc770_0;
E_0x5e02000fd030/2 .event anyedge, v0x5e02002dc240_0, v0x5e02002db5b0_0, v0x5e02002dbe20_0, v0x5e02002d9b90_0;
E_0x5e02000fd030/3 .event anyedge, v0x5e02002d9c90_0, v0x5e02002f8310_0;
E_0x5e02000fd030 .event/or E_0x5e02000fd030/0, E_0x5e02000fd030/1, E_0x5e02000fd030/2, E_0x5e02000fd030/3;
L_0x5e0200345780 .part v0x5e02003034e0_0, 0, 5;
L_0x5e0200345d70 .part v0x5e02003034e0_0, 0, 5;
L_0x5e0200345f50 .part v0x5e02003034e0_0, 0, 5;
S_0x5e02002bfb00 .scope module, "adder" "add" 5 9, 6 1 0, S_0x5e02002bf880;
 .timescale 0 0;
    .port_info 0 /INPUT 32 "a";
    .port_info 1 /INPUT 32 "b";
    .port_info 2 /OUTPUT 32 "sum";
v0x5e02002d9b90_0 .net "a", 31 0, v0x5e0200303340_0;  alias, 1 drivers
v0x5e02002d9c90_0 .net "b", 31 0, v0x5e02003034e0_0;  alias, 1 drivers
v0x5e02002d9d70_0 .net "c_outs", 7 0, L_0x5e020032d900;  1 drivers
v0x5e02002d9e30_0 .net "sum", 31 0, L_0x5e020032d7f0;  alias, 1 drivers
L_0x5e0200319980 .part v0x5e0200303340_0, 0, 4;
L_0x5e0200319c00 .part v0x5e02003034e0_0, 0, 4;
L_0x5e020031c560 .part v0x5e0200303340_0, 4, 4;
L_0x5e020031c7e0 .part v0x5e02003034e0_0, 4, 4;
L_0x5e020031c880 .part L_0x5e020032d900, 0, 1;
L_0x5e020031f2f0 .part v0x5e0200303340_0, 8, 4;
L_0x5e020031f570 .part v0x5e02003034e0_0, 8, 4;
L_0x5e020031f610 .part L_0x5e020032d900, 1, 1;
L_0x5e0200322080 .part v0x5e0200303340_0, 12, 4;
L_0x5e0200322300 .part v0x5e02003034e0_0, 12, 4;
L_0x5e0200322400 .part L_0x5e020032d900, 2, 1;
L_0x5e0200324d10 .part v0x5e0200303340_0, 16, 4;
L_0x5e0200325000 .part v0x5e02003034e0_0, 16, 4;
L_0x5e02003250a0 .part L_0x5e020032d900, 3, 1;
L_0x5e02003278f0 .part v0x5e0200303340_0, 20, 4;
L_0x5e0200327b70 .part v0x5e02003034e0_0, 20, 4;
L_0x5e0200327ca0 .part L_0x5e020032d900, 4, 1;
L_0x5e020032a5b0 .part v0x5e0200303340_0, 24, 4;
L_0x5e020032a8d0 .part v0x5e02003034e0_0, 24, 4;
L_0x5e020032a970 .part L_0x5e020032d900, 5, 1;
L_0x5e020032d2c0 .part v0x5e0200303340_0, 28, 4;
L_0x5e020032d540 .part v0x5e02003034e0_0, 28, 4;
L_0x5e020032aa10 .part L_0x5e020032d900, 6, 1;
LS_0x5e020032d900_0_0 .concat8 [ 1 1 1 1], L_0x5e02003193d0, L_0x5e020031bfb0, L_0x5e020031ed40, L_0x5e0200321ad0;
LS_0x5e020032d900_0_4 .concat8 [ 1 1 1 1], L_0x5e0200324760, L_0x5e0200327340, L_0x5e020032a000, L_0x5e020032cd10;
L_0x5e020032d900 .concat8 [ 4 4 0 0], LS_0x5e020032d900_0_0, LS_0x5e020032d900_0_4;
LS_0x5e020032d7f0_0_0 .concat8 [ 4 4 4 4], L_0x5e0200319ad0, L_0x5e020031c6b0, L_0x5e020031f440, L_0x5e02003221d0;
LS_0x5e020032d7f0_0_4 .concat8 [ 4 4 4 4], L_0x5e0200324e60, L_0x5e0200327a40, L_0x5e020032a700, L_0x5e020032d410;
L_0x5e020032d7f0 .concat8 [ 16 16 0 0], LS_0x5e020032d7f0_0_0, LS_0x5e020032d7f0_0_4;
S_0x5e02002bfd70 .scope generate, "cla_block[0]" "cla_block[0]" 6 8, 6 8 0, S_0x5e02002bfb00;
 .timescale 0 0;
P_0x5e02002bff90 .param/l "i" 1 6 8, +C4<00>;
S_0x5e02002c0070 .scope generate, "genblk1" "genblk1" 6 9, 6 9 0, S_0x5e02002bfd70;
 .timescale 0 0;
S_0x5e02002c0250 .scope module, "cla_piece" "cla" 6 10, 6 110 0, S_0x5e02002c0070;
 .timescale 0 0;
    .port_info 0 /INPUT 4 "a";
    .port_info 1 /INPUT 4 "b";
    .port_info 2 /INPUT 1 "cin";
    .port_info 3 /OUTPUT 1 "cout";
    .port_info 4 /OUTPUT 4 "sum";
L_0x5e0200317010 .functor AND 4, L_0x5e0200319980, L_0x5e0200319c00, C4<1111>, C4<1111>;
L_0x5e0200317080 .functor XOR 4, L_0x5e0200319980, L_0x5e0200319c00, C4<0000>, C4<0000>;
L_0x70d912128210 .functor BUFT 1, C4<0>, C4<0>, C4<0>, C4<0>;
L_0x5e0200317190 .functor BUFZ 1, L_0x70d912128210, C4<0>, C4<0>, C4<0>;
L_0x5e0200317480 .functor AND 1, L_0x5e02003172f0, L_0x5e02003173e0, C4<1>, C4<1>;
L_0x5e0200317590 .functor OR 1, L_0x5e0200317200, L_0x5e0200317480, C4<0>, C4<0>;
L_0x5e0200317980 .functor AND 1, L_0x5e0200317770, L_0x5e02003178a0, C4<1>, C4<1>;
L_0x5e0200317a40 .functor OR 1, L_0x5e02003176a0, L_0x5e0200317980, C4<0>, C4<0>;
L_0x5e0200317d70 .functor AND 1, L_0x5e0200317b50, L_0x5e0200317c80, C4<1>, C4<1>;
L_0x5e0200317f70 .functor AND 1, L_0x5e0200317d70, L_0x5e0200317e80, C4<1>, C4<1>;
L_0x5e0200318080 .functor OR 1, L_0x5e0200317a40, L_0x5e0200317f70, C4<0>, C4<0>;
L_0x5e02003185e0 .functor AND 1, L_0x5e0200318430, L_0x5e0200318540, C4<1>, C4<1>;
L_0x5e0200318650 .functor OR 1, L_0x5e0200318390, L_0x5e02003185e0, C4<0>, C4<0>;
L_0x5e02003184d0 .functor AND 1, L_0x5e02003187d0, L_0x5e02003188f0, C4<1>, C4<1>;
L_0x5e0200318870 .functor AND 1, L_0x5e02003184d0, L_0x5e0200318af0, C4<1>, C4<1>;
L_0x5e0200318760 .functor OR 1, L_0x5e0200318650, L_0x5e0200318870, C4<0>, C4<0>;
L_0x5e0200318b90 .functor AND 1, L_0x5e0200318de0, L_0x5e0200318e80, C4<1>, C4<1>;
L_0x5e0200318cc0 .functor AND 1, L_0x5e0200318b90, L_0x5e02003190f0, C4<1>, C4<1>;
L_0x5e0200318f20 .functor AND 1, L_0x5e0200318cc0, L_0x5e0200319230, C4<1>, C4<1>;
L_0x5e0200319060 .functor OR 1, L_0x5e0200318760, L_0x5e0200318f20, C4<0>, C4<0>;
L_0x5e0200319870 .functor AND 1, L_0x5e0200319710, L_0x5e02003192d0, C4<1>, C4<1>;
L_0x5e02003193d0 .functor OR 1, L_0x5e0200319560, L_0x5e0200319870, C4<0>, C4<0>;
L_0x5e0200319ad0 .functor XOR 4, L_0x5e0200317080, L_0x5e02003181f0, C4<0000>, C4<0000>;
v0x5e02002c04d0_0 .net *"_ivl_11", 0 0, L_0x5e0200317200;  1 drivers
v0x5e02002c05d0_0 .net *"_ivl_13", 0 0, L_0x5e02003172f0;  1 drivers
v0x5e02002c06b0_0 .net *"_ivl_15", 0 0, L_0x5e02003173e0;  1 drivers
v0x5e02002c0770_0 .net *"_ivl_16", 0 0, L_0x5e0200317480;  1 drivers
v0x5e02002c0850_0 .net *"_ivl_18", 0 0, L_0x5e0200317590;  1 drivers
v0x5e02002c0980_0 .net *"_ivl_23", 0 0, L_0x5e02003176a0;  1 drivers
v0x5e02002c0a60_0 .net *"_ivl_25", 0 0, L_0x5e0200317770;  1 drivers
v0x5e02002c0b40_0 .net *"_ivl_27", 0 0, L_0x5e02003178a0;  1 drivers
v0x5e02002c0c20_0 .net *"_ivl_28", 0 0, L_0x5e0200317980;  1 drivers
v0x5e02002c0d00_0 .net *"_ivl_30", 0 0, L_0x5e0200317a40;  1 drivers
v0x5e02002c0de0_0 .net *"_ivl_33", 0 0, L_0x5e0200317b50;  1 drivers
v0x5e02002c0ec0_0 .net *"_ivl_35", 0 0, L_0x5e0200317c80;  1 drivers
v0x5e02002c0fa0_0 .net *"_ivl_36", 0 0, L_0x5e0200317d70;  1 drivers
v0x5e02002c1080_0 .net *"_ivl_39", 0 0, L_0x5e0200317e80;  1 drivers
v0x5e02002c1160_0 .net *"_ivl_40", 0 0, L_0x5e0200317f70;  1 drivers
v0x5e02002c1240_0 .net *"_ivl_42", 0 0, L_0x5e0200318080;  1 drivers
v0x5e02002c1320_0 .net *"_ivl_48", 0 0, L_0x5e0200318390;  1 drivers
v0x5e02002c1400_0 .net *"_ivl_50", 0 0, L_0x5e0200318430;  1 drivers
v0x5e02002c14e0_0 .net *"_ivl_52", 0 0, L_0x5e0200318540;  1 drivers
v0x5e02002c15c0_0 .net *"_ivl_53", 0 0, L_0x5e02003185e0;  1 drivers
v0x5e02002c16a0_0 .net *"_ivl_55", 0 0, L_0x5e0200318650;  1 drivers
v0x5e02002c1780_0 .net *"_ivl_58", 0 0, L_0x5e02003187d0;  1 drivers
v0x5e02002c1860_0 .net *"_ivl_60", 0 0, L_0x5e02003188f0;  1 drivers
v0x5e02002c1940_0 .net *"_ivl_61", 0 0, L_0x5e02003184d0;  1 drivers
v0x5e02002c1a20_0 .net *"_ivl_64", 0 0, L_0x5e0200318af0;  1 drivers
v0x5e02002c1b00_0 .net *"_ivl_65", 0 0, L_0x5e0200318870;  1 drivers
v0x5e02002c1be0_0 .net *"_ivl_67", 0 0, L_0x5e0200318760;  1 drivers
v0x5e02002c1cc0_0 .net *"_ivl_7", 0 0, L_0x5e0200317190;  1 drivers
v0x5e02002c1da0_0 .net *"_ivl_70", 0 0, L_0x5e0200318de0;  1 drivers
v0x5e02002c1e80_0 .net *"_ivl_72", 0 0, L_0x5e0200318e80;  1 drivers
v0x5e02002c1f60_0 .net *"_ivl_73", 0 0, L_0x5e0200318b90;  1 drivers
v0x5e02002c2040_0 .net *"_ivl_76", 0 0, L_0x5e02003190f0;  1 drivers
v0x5e02002c2120_0 .net *"_ivl_77", 0 0, L_0x5e0200318cc0;  1 drivers
v0x5e02002c2410_0 .net *"_ivl_80", 0 0, L_0x5e0200319230;  1 drivers
v0x5e02002c24f0_0 .net *"_ivl_81", 0 0, L_0x5e0200318f20;  1 drivers
v0x5e02002c25d0_0 .net *"_ivl_83", 0 0, L_0x5e0200319060;  1 drivers
v0x5e02002c26b0_0 .net *"_ivl_86", 0 0, L_0x5e0200319560;  1 drivers
v0x5e02002c2790_0 .net *"_ivl_88", 0 0, L_0x5e0200319710;  1 drivers
v0x5e02002c2870_0 .net *"_ivl_90", 0 0, L_0x5e02003192d0;  1 drivers
v0x5e02002c2950_0 .net *"_ivl_91", 0 0, L_0x5e0200319870;  1 drivers
v0x5e02002c2a30_0 .net "a", 3 0, L_0x5e0200319980;  1 drivers
v0x5e02002c2b10_0 .net "b", 3 0, L_0x5e0200319c00;  1 drivers
v0x5e02002c2bf0_0 .net "c", 3 0, L_0x5e02003181f0;  1 drivers
v0x5e02002c2cd0_0 .net "cin", 0 0, L_0x70d912128210;  1 drivers
v0x5e02002c2d90_0 .net "cout", 0 0, L_0x5e02003193d0;  1 drivers
v0x5e02002c2e50_0 .net "g", 3 0, L_0x5e0200317010;  1 drivers
v0x5e02002c2f30_0 .net "p", 3 0, L_0x5e0200317080;  1 drivers
v0x5e02002c3010_0 .net "sum", 3 0, L_0x5e0200319ad0;  1 drivers
L_0x5e0200317200 .part L_0x5e0200317010, 0, 1;
L_0x5e02003172f0 .part L_0x5e0200317080, 0, 1;
L_0x5e02003173e0 .part L_0x5e02003181f0, 0, 1;
L_0x5e02003176a0 .part L_0x5e0200317010, 1, 1;
L_0x5e0200317770 .part L_0x5e0200317010, 0, 1;
L_0x5e02003178a0 .part L_0x5e0200317080, 1, 1;
L_0x5e0200317b50 .part L_0x5e0200317080, 1, 1;
L_0x5e0200317c80 .part L_0x5e0200317080, 0, 1;
L_0x5e0200317e80 .part L_0x5e02003181f0, 0, 1;
L_0x5e02003181f0 .concat8 [ 1 1 1 1], L_0x5e0200317190, L_0x5e0200317590, L_0x5e0200318080, L_0x5e0200319060;
L_0x5e0200318390 .part L_0x5e0200317010, 2, 1;
L_0x5e0200318430 .part L_0x5e0200317080, 2, 1;
L_0x5e0200318540 .part L_0x5e0200317010, 1, 1;
L_0x5e02003187d0 .part L_0x5e0200317080, 2, 1;
L_0x5e02003188f0 .part L_0x5e0200317080, 1, 1;
L_0x5e0200318af0 .part L_0x5e0200317010, 0, 1;
L_0x5e0200318de0 .part L_0x5e0200317080, 2, 1;
L_0x5e0200318e80 .part L_0x5e0200317080, 1, 1;
L_0x5e02003190f0 .part L_0x5e0200317080, 0, 1;
L_0x5e0200319230 .part L_0x5e02003181f0, 0, 1;
L_0x5e0200319560 .part L_0x5e0200317010, 3, 1;
L_0x5e0200319710 .part L_0x5e0200317080, 3, 1;
L_0x5e02003192d0 .part L_0x5e02003181f0, 3, 1;
S_0x5e02002c3190 .scope generate, "cla_block[1]" "cla_block[1]" 6 8, 6 8 0, S_0x5e02002bfb00;
 .timescale 0 0;
P_0x5e02002c3360 .param/l "i" 1 6 8, +C4<01>;
S_0x5e02002c3420 .scope generate, "genblk1" "genblk1" 6 9, 6 9 0, S_0x5e02002c3190;
 .timescale 0 0;
S_0x5e02002c3600 .scope module, "cla_piece" "cla" 6 13, 6 110 0, S_0x5e02002c3420;
 .timescale 0 0;
    .port_info 0 /INPUT 4 "a";
    .port_info 1 /INPUT 4 "b";
    .port_info 2 /INPUT 1 "cin";
    .port_info 3 /OUTPUT 1 "cout";
    .port_info 4 /OUTPUT 4 "sum";
L_0x5e0200319cf0 .functor AND 4, L_0x5e020031c560, L_0x5e020031c7e0, C4<1111>, C4<1111>;
L_0x5e0200319d60 .functor XOR 4, L_0x5e020031c560, L_0x5e020031c7e0, C4<0000>, C4<0000>;
L_0x5e0200319e70 .functor BUFZ 1, L_0x5e020031c880, C4<0>, C4<0>, C4<0>;
L_0x5e020031a160 .functor AND 1, L_0x5e0200319fd0, L_0x5e020031a0c0, C4<1>, C4<1>;
L_0x5e020031a270 .functor OR 1, L_0x5e0200319ee0, L_0x5e020031a160, C4<0>, C4<0>;
L_0x5e020031a560 .functor AND 1, L_0x5e020031a420, L_0x5e020031a4c0, C4<1>, C4<1>;
L_0x5e020031a620 .functor OR 1, L_0x5e020031a380, L_0x5e020031a560, C4<0>, C4<0>;
L_0x5e020031a950 .functor AND 1, L_0x5e020031a730, L_0x5e020031a860, C4<1>, C4<1>;
L_0x5e020031ab50 .functor AND 1, L_0x5e020031a950, L_0x5e020031aa60, C4<1>, C4<1>;
L_0x5e020031ac60 .functor OR 1, L_0x5e020031a620, L_0x5e020031ab50, C4<0>, C4<0>;
L_0x5e020031b1c0 .functor AND 1, L_0x5e020031b010, L_0x5e020031b120, C4<1>, C4<1>;
L_0x5e020031b230 .functor OR 1, L_0x5e020031af70, L_0x5e020031b1c0, C4<0>, C4<0>;
L_0x5e020031b0b0 .functor AND 1, L_0x5e020031b3b0, L_0x5e020031b4d0, C4<1>, C4<1>;
L_0x5e020031b450 .functor AND 1, L_0x5e020031b0b0, L_0x5e020031b6d0, C4<1>, C4<1>;
L_0x5e020031b340 .functor OR 1, L_0x5e020031b230, L_0x5e020031b450, C4<0>, C4<0>;
L_0x5e020031b770 .functor AND 1, L_0x5e020031b9c0, L_0x5e020031ba60, C4<1>, C4<1>;
L_0x5e020031b8a0 .functor AND 1, L_0x5e020031b770, L_0x5e020031bcd0, C4<1>, C4<1>;
L_0x5e020031bb00 .functor AND 1, L_0x5e020031b8a0, L_0x5e020031be10, C4<1>, C4<1>;
L_0x5e020031bc40 .functor OR 1, L_0x5e020031b340, L_0x5e020031bb00, C4<0>, C4<0>;
L_0x5e020031c450 .functor AND 1, L_0x5e020031c2f0, L_0x5e020031beb0, C4<1>, C4<1>;
L_0x5e020031bfb0 .functor OR 1, L_0x5e020031c140, L_0x5e020031c450, C4<0>, C4<0>;
L_0x5e020031c6b0 .functor XOR 4, L_0x5e0200319d60, L_0x5e020031add0, C4<0000>, C4<0000>;
v0x5e02002c3880_0 .net *"_ivl_11", 0 0, L_0x5e0200319ee0;  1 drivers
v0x5e02002c3980_0 .net *"_ivl_13", 0 0, L_0x5e0200319fd0;  1 drivers
v0x5e02002c3a60_0 .net *"_ivl_15", 0 0, L_0x5e020031a0c0;  1 drivers
v0x5e02002c3b20_0 .net *"_ivl_16", 0 0, L_0x5e020031a160;  1 drivers
v0x5e02002c3c00_0 .net *"_ivl_18", 0 0, L_0x5e020031a270;  1 drivers
v0x5e02002c3d30_0 .net *"_ivl_23", 0 0, L_0x5e020031a380;  1 drivers
v0x5e02002c3e10_0 .net *"_ivl_25", 0 0, L_0x5e020031a420;  1 drivers
v0x5e02002c3ef0_0 .net *"_ivl_27", 0 0, L_0x5e020031a4c0;  1 drivers
v0x5e02002c3fd0_0 .net *"_ivl_28", 0 0, L_0x5e020031a560;  1 drivers
v0x5e02002c40b0_0 .net *"_ivl_30", 0 0, L_0x5e020031a620;  1 drivers
v0x5e02002c4190_0 .net *"_ivl_33", 0 0, L_0x5e020031a730;  1 drivers
v0x5e02002c4270_0 .net *"_ivl_35", 0 0, L_0x5e020031a860;  1 drivers
v0x5e02002c4350_0 .net *"_ivl_36", 0 0, L_0x5e020031a950;  1 drivers
v0x5e02002c4430_0 .net *"_ivl_39", 0 0, L_0x5e020031aa60;  1 drivers
v0x5e02002c4510_0 .net *"_ivl_40", 0 0, L_0x5e020031ab50;  1 drivers
v0x5e02002c45f0_0 .net *"_ivl_42", 0 0, L_0x5e020031ac60;  1 drivers
v0x5e02002c46d0_0 .net *"_ivl_48", 0 0, L_0x5e020031af70;  1 drivers
v0x5e02002c47b0_0 .net *"_ivl_50", 0 0, L_0x5e020031b010;  1 drivers
v0x5e02002c4890_0 .net *"_ivl_52", 0 0, L_0x5e020031b120;  1 drivers
v0x5e02002c4970_0 .net *"_ivl_53", 0 0, L_0x5e020031b1c0;  1 drivers
v0x5e02002c4a50_0 .net *"_ivl_55", 0 0, L_0x5e020031b230;  1 drivers
v0x5e02002c4b30_0 .net *"_ivl_58", 0 0, L_0x5e020031b3b0;  1 drivers
v0x5e02002c4c10_0 .net *"_ivl_60", 0 0, L_0x5e020031b4d0;  1 drivers
v0x5e02002c4cf0_0 .net *"_ivl_61", 0 0, L_0x5e020031b0b0;  1 drivers
v0x5e02002c4dd0_0 .net *"_ivl_64", 0 0, L_0x5e020031b6d0;  1 drivers
v0x5e02002c4eb0_0 .net *"_ivl_65", 0 0, L_0x5e020031b450;  1 drivers
v0x5e02002c4f90_0 .net *"_ivl_67", 0 0, L_0x5e020031b340;  1 drivers
v0x5e02002c5070_0 .net *"_ivl_7", 0 0, L_0x5e0200319e70;  1 drivers
v0x5e02002c5150_0 .net *"_ivl_70", 0 0, L_0x5e020031b9c0;  1 drivers
v0x5e02002c5230_0 .net *"_ivl_72", 0 0, L_0x5e020031ba60;  1 drivers
v0x5e02002c5310_0 .net *"_ivl_73", 0 0, L_0x5e020031b770;  1 drivers
v0x5e02002c53f0_0 .net *"_ivl_76", 0 0, L_0x5e020031bcd0;  1 drivers
v0x5e02002c54d0_0 .net *"_ivl_77", 0 0, L_0x5e020031b8a0;  1 drivers
v0x5e02002c57c0_0 .net *"_ivl_80", 0 0, L_0x5e020031be10;  1 drivers
v0x5e02002c58a0_0 .net *"_ivl_81", 0 0, L_0x5e020031bb00;  1 drivers
v0x5e02002c5980_0 .net *"_ivl_83", 0 0, L_0x5e020031bc40;  1 drivers
v0x5e02002c5a60_0 .net *"_ivl_86", 0 0, L_0x5e020031c140;  1 drivers
v0x5e02002c5b40_0 .net *"_ivl_88", 0 0, L_0x5e020031c2f0;  1 drivers
v0x5e02002c5c20_0 .net *"_ivl_90", 0 0, L_0x5e020031beb0;  1 drivers
v0x5e02002c5d00_0 .net *"_ivl_91", 0 0, L_0x5e020031c450;  1 drivers
v0x5e02002c5de0_0 .net "a", 3 0, L_0x5e020031c560;  1 drivers
v0x5e02002c5ec0_0 .net "b", 3 0, L_0x5e020031c7e0;  1 drivers
v0x5e02002c5fa0_0 .net "c", 3 0, L_0x5e020031add0;  1 drivers
v0x5e02002c6080_0 .net "cin", 0 0, L_0x5e020031c880;  1 drivers
v0x5e02002c6140_0 .net "cout", 0 0, L_0x5e020031bfb0;  1 drivers
v0x5e02002c6200_0 .net "g", 3 0, L_0x5e0200319cf0;  1 drivers
v0x5e02002c62e0_0 .net "p", 3 0, L_0x5e0200319d60;  1 drivers
v0x5e02002c63c0_0 .net "sum", 3 0, L_0x5e020031c6b0;  1 drivers
L_0x5e0200319ee0 .part L_0x5e0200319cf0, 0, 1;
L_0x5e0200319fd0 .part L_0x5e0200319d60, 0, 1;
L_0x5e020031a0c0 .part L_0x5e020031add0, 0, 1;
L_0x5e020031a380 .part L_0x5e0200319cf0, 1, 1;
L_0x5e020031a420 .part L_0x5e0200319cf0, 0, 1;
L_0x5e020031a4c0 .part L_0x5e0200319d60, 1, 1;
L_0x5e020031a730 .part L_0x5e0200319d60, 1, 1;
L_0x5e020031a860 .part L_0x5e0200319d60, 0, 1;
L_0x5e020031aa60 .part L_0x5e020031add0, 0, 1;
L_0x5e020031add0 .concat8 [ 1 1 1 1], L_0x5e0200319e70, L_0x5e020031a270, L_0x5e020031ac60, L_0x5e020031bc40;
L_0x5e020031af70 .part L_0x5e0200319cf0, 2, 1;
L_0x5e020031b010 .part L_0x5e0200319d60, 2, 1;
L_0x5e020031b120 .part L_0x5e0200319cf0, 1, 1;
L_0x5e020031b3b0 .part L_0x5e0200319d60, 2, 1;
L_0x5e020031b4d0 .part L_0x5e0200319d60, 1, 1;
L_0x5e020031b6d0 .part L_0x5e0200319cf0, 0, 1;
L_0x5e020031b9c0 .part L_0x5e0200319d60, 2, 1;
L_0x5e020031ba60 .part L_0x5e0200319d60, 1, 1;
L_0x5e020031bcd0 .part L_0x5e0200319d60, 0, 1;
L_0x5e020031be10 .part L_0x5e020031add0, 0, 1;
L_0x5e020031c140 .part L_0x5e0200319cf0, 3, 1;
L_0x5e020031c2f0 .part L_0x5e0200319d60, 3, 1;
L_0x5e020031beb0 .part L_0x5e020031add0, 3, 1;
S_0x5e02002c6540 .scope generate, "cla_block[2]" "cla_block[2]" 6 8, 6 8 0, S_0x5e02002bfb00;
 .timescale 0 0;
P_0x5e02002c66f0 .param/l "i" 1 6 8, +C4<010>;
S_0x5e02002c67b0 .scope generate, "genblk1" "genblk1" 6 9, 6 9 0, S_0x5e02002c6540;
 .timescale 0 0;
S_0x5e02002c6990 .scope module, "cla_piece" "cla" 6 13, 6 110 0, S_0x5e02002c67b0;
 .timescale 0 0;
    .port_info 0 /INPUT 4 "a";
    .port_info 1 /INPUT 4 "b";
    .port_info 2 /INPUT 1 "cin";
    .port_info 3 /OUTPUT 1 "cout";
    .port_info 4 /OUTPUT 4 "sum";
L_0x5e020031c970 .functor AND 4, L_0x5e020031f2f0, L_0x5e020031f570, C4<1111>, C4<1111>;
L_0x5e020031c9e0 .functor XOR 4, L_0x5e020031f2f0, L_0x5e020031f570, C4<0000>, C4<0000>;
L_0x5e020031caf0 .functor BUFZ 1, L_0x5e020031f610, C4<0>, C4<0>, C4<0>;
L_0x5e020031cde0 .functor AND 1, L_0x5e020031cc50, L_0x5e020031cd40, C4<1>, C4<1>;
L_0x5e020031cf20 .functor OR 1, L_0x5e020031cb60, L_0x5e020031cde0, C4<0>, C4<0>;
L_0x5e020031d2b0 .functor AND 1, L_0x5e020031d100, L_0x5e020031d1a0, C4<1>, C4<1>;
L_0x5e020031d3b0 .functor OR 1, L_0x5e020031d030, L_0x5e020031d2b0, C4<0>, C4<0>;
L_0x5e020031d6e0 .functor AND 1, L_0x5e020031d4c0, L_0x5e020031d5f0, C4<1>, C4<1>;
L_0x5e020031d8e0 .functor AND 1, L_0x5e020031d6e0, L_0x5e020031d7f0, C4<1>, C4<1>;
L_0x5e020031d9f0 .functor OR 1, L_0x5e020031d3b0, L_0x5e020031d8e0, C4<0>, C4<0>;
L_0x5e020031df50 .functor AND 1, L_0x5e020031dda0, L_0x5e020031deb0, C4<1>, C4<1>;
L_0x5e020031dfc0 .functor OR 1, L_0x5e020031dd00, L_0x5e020031df50, C4<0>, C4<0>;
L_0x5e020031de40 .functor AND 1, L_0x5e020031e140, L_0x5e020031e260, C4<1>, C4<1>;
L_0x5e020031e1e0 .functor AND 1, L_0x5e020031de40, L_0x5e020031e460, C4<1>, C4<1>;
L_0x5e020031e0d0 .functor OR 1, L_0x5e020031dfc0, L_0x5e020031e1e0, C4<0>, C4<0>;
L_0x5e020031e500 .functor AND 1, L_0x5e020031e750, L_0x5e020031e7f0, C4<1>, C4<1>;
L_0x5e020031e630 .functor AND 1, L_0x5e020031e500, L_0x5e020031ea60, C4<1>, C4<1>;
L_0x5e020031e890 .functor AND 1, L_0x5e020031e630, L_0x5e020031eba0, C4<1>, C4<1>;
L_0x5e020031e9d0 .functor OR 1, L_0x5e020031e0d0, L_0x5e020031e890, C4<0>, C4<0>;
L_0x5e020031f1e0 .functor AND 1, L_0x5e020031f080, L_0x5e020031ec40, C4<1>, C4<1>;
L_0x5e020031ed40 .functor OR 1, L_0x5e020031eed0, L_0x5e020031f1e0, C4<0>, C4<0>;
L_0x5e020031f440 .functor XOR 4, L_0x5e020031c9e0, L_0x5e020031db60, C4<0000>, C4<0000>;
v0x5e02002c6c10_0 .net *"_ivl_11", 0 0, L_0x5e020031cb60;  1 drivers
v0x5e02002c6d10_0 .net *"_ivl_13", 0 0, L_0x5e020031cc50;  1 drivers
v0x5e02002c6df0_0 .net *"_ivl_15", 0 0, L_0x5e020031cd40;  1 drivers
v0x5e02002c6eb0_0 .net *"_ivl_16", 0 0, L_0x5e020031cde0;  1 drivers
v0x5e02002c6f90_0 .net *"_ivl_18", 0 0, L_0x5e020031cf20;  1 drivers
v0x5e02002c70c0_0 .net *"_ivl_23", 0 0, L_0x5e020031d030;  1 drivers
v0x5e02002c71a0_0 .net *"_ivl_25", 0 0, L_0x5e020031d100;  1 drivers
v0x5e02002c7280_0 .net *"_ivl_27", 0 0, L_0x5e020031d1a0;  1 drivers
v0x5e02002c7360_0 .net *"_ivl_28", 0 0, L_0x5e020031d2b0;  1 drivers
v0x5e02002c7440_0 .net *"_ivl_30", 0 0, L_0x5e020031d3b0;  1 drivers
v0x5e02002c7520_0 .net *"_ivl_33", 0 0, L_0x5e020031d4c0;  1 drivers
v0x5e02002c7600_0 .net *"_ivl_35", 0 0, L_0x5e020031d5f0;  1 drivers
v0x5e02002c76e0_0 .net *"_ivl_36", 0 0, L_0x5e020031d6e0;  1 drivers
v0x5e02002c77c0_0 .net *"_ivl_39", 0 0, L_0x5e020031d7f0;  1 drivers
v0x5e02002c78a0_0 .net *"_ivl_40", 0 0, L_0x5e020031d8e0;  1 drivers
v0x5e02002c7980_0 .net *"_ivl_42", 0 0, L_0x5e020031d9f0;  1 drivers
v0x5e02002c7a60_0 .net *"_ivl_48", 0 0, L_0x5e020031dd00;  1 drivers
v0x5e02002c7b40_0 .net *"_ivl_50", 0 0, L_0x5e020031dda0;  1 drivers
v0x5e02002c7c20_0 .net *"_ivl_52", 0 0, L_0x5e020031deb0;  1 drivers
v0x5e02002c7d00_0 .net *"_ivl_53", 0 0, L_0x5e020031df50;  1 drivers
v0x5e02002c7de0_0 .net *"_ivl_55", 0 0, L_0x5e020031dfc0;  1 drivers
v0x5e02002c7ec0_0 .net *"_ivl_58", 0 0, L_0x5e020031e140;  1 drivers
v0x5e02002c7fa0_0 .net *"_ivl_60", 0 0, L_0x5e020031e260;  1 drivers
v0x5e02002c8080_0 .net *"_ivl_61", 0 0, L_0x5e020031de40;  1 drivers
v0x5e02002c8160_0 .net *"_ivl_64", 0 0, L_0x5e020031e460;  1 drivers
v0x5e02002c8240_0 .net *"_ivl_65", 0 0, L_0x5e020031e1e0;  1 drivers
v0x5e02002c8320_0 .net *"_ivl_67", 0 0, L_0x5e020031e0d0;  1 drivers
v0x5e02002c8400_0 .net *"_ivl_7", 0 0, L_0x5e020031caf0;  1 drivers
v0x5e02002c84e0_0 .net *"_ivl_70", 0 0, L_0x5e020031e750;  1 drivers
v0x5e02002c85c0_0 .net *"_ivl_72", 0 0, L_0x5e020031e7f0;  1 drivers
v0x5e02002c86a0_0 .net *"_ivl_73", 0 0, L_0x5e020031e500;  1 drivers
v0x5e02002c8780_0 .net *"_ivl_76", 0 0, L_0x5e020031ea60;  1 drivers
v0x5e02002c8860_0 .net *"_ivl_77", 0 0, L_0x5e020031e630;  1 drivers
v0x5e02002c8b50_0 .net *"_ivl_80", 0 0, L_0x5e020031eba0;  1 drivers
v0x5e02002c8c30_0 .net *"_ivl_81", 0 0, L_0x5e020031e890;  1 drivers
v0x5e02002c8d10_0 .net *"_ivl_83", 0 0, L_0x5e020031e9d0;  1 drivers
v0x5e02002c8df0_0 .net *"_ivl_86", 0 0, L_0x5e020031eed0;  1 drivers
v0x5e02002c8ed0_0 .net *"_ivl_88", 0 0, L_0x5e020031f080;  1 drivers
v0x5e02002c8fb0_0 .net *"_ivl_90", 0 0, L_0x5e020031ec40;  1 drivers
v0x5e02002c9090_0 .net *"_ivl_91", 0 0, L_0x5e020031f1e0;  1 drivers
v0x5e02002c9170_0 .net "a", 3 0, L_0x5e020031f2f0;  1 drivers
v0x5e02002c9250_0 .net "b", 3 0, L_0x5e020031f570;  1 drivers
v0x5e02002c9330_0 .net "c", 3 0, L_0x5e020031db60;  1 drivers
v0x5e02002c9410_0 .net "cin", 0 0, L_0x5e020031f610;  1 drivers
v0x5e02002c94d0_0 .net "cout", 0 0, L_0x5e020031ed40;  1 drivers
v0x5e02002c9590_0 .net "g", 3 0, L_0x5e020031c970;  1 drivers
v0x5e02002c9670_0 .net "p", 3 0, L_0x5e020031c9e0;  1 drivers
v0x5e02002c9750_0 .net "sum", 3 0, L_0x5e020031f440;  1 drivers
L_0x5e020031cb60 .part L_0x5e020031c970, 0, 1;
L_0x5e020031cc50 .part L_0x5e020031c9e0, 0, 1;
L_0x5e020031cd40 .part L_0x5e020031db60, 0, 1;
L_0x5e020031d030 .part L_0x5e020031c970, 1, 1;
L_0x5e020031d100 .part L_0x5e020031c970, 0, 1;
L_0x5e020031d1a0 .part L_0x5e020031c9e0, 1, 1;
L_0x5e020031d4c0 .part L_0x5e020031c9e0, 1, 1;
L_0x5e020031d5f0 .part L_0x5e020031c9e0, 0, 1;
L_0x5e020031d7f0 .part L_0x5e020031db60, 0, 1;
L_0x5e020031db60 .concat8 [ 1 1 1 1], L_0x5e020031caf0, L_0x5e020031cf20, L_0x5e020031d9f0, L_0x5e020031e9d0;
L_0x5e020031dd00 .part L_0x5e020031c970, 2, 1;
L_0x5e020031dda0 .part L_0x5e020031c9e0, 2, 1;
L_0x5e020031deb0 .part L_0x5e020031c970, 1, 1;
L_0x5e020031e140 .part L_0x5e020031c9e0, 2, 1;
L_0x5e020031e260 .part L_0x5e020031c9e0, 1, 1;
L_0x5e020031e460 .part L_0x5e020031c970, 0, 1;
L_0x5e020031e750 .part L_0x5e020031c9e0, 2, 1;
L_0x5e020031e7f0 .part L_0x5e020031c9e0, 1, 1;
L_0x5e020031ea60 .part L_0x5e020031c9e0, 0, 1;
L_0x5e020031eba0 .part L_0x5e020031db60, 0, 1;
L_0x5e020031eed0 .part L_0x5e020031c970, 3, 1;
L_0x5e020031f080 .part L_0x5e020031c9e0, 3, 1;
L_0x5e020031ec40 .part L_0x5e020031db60, 3, 1;
S_0x5e02002c98d0 .scope generate, "cla_block[3]" "cla_block[3]" 6 8, 6 8 0, S_0x5e02002bfb00;
 .timescale 0 0;
P_0x5e02002c9a80 .param/l "i" 1 6 8, +C4<011>;
S_0x5e02002c9b60 .scope generate, "genblk1" "genblk1" 6 9, 6 9 0, S_0x5e02002c98d0;
 .timescale 0 0;
S_0x5e02002c9d40 .scope module, "cla_piece" "cla" 6 13, 6 110 0, S_0x5e02002c9b60;
 .timescale 0 0;
    .port_info 0 /INPUT 4 "a";
    .port_info 1 /INPUT 4 "b";
    .port_info 2 /INPUT 1 "cin";
    .port_info 3 /OUTPUT 1 "cout";
    .port_info 4 /OUTPUT 4 "sum";
L_0x5e020031f7a0 .functor AND 4, L_0x5e0200322080, L_0x5e0200322300, C4<1111>, C4<1111>;
L_0x5e020031f810 .functor XOR 4, L_0x5e0200322080, L_0x5e0200322300, C4<0000>, C4<0000>;
L_0x5e020031f920 .functor BUFZ 1, L_0x5e0200322400, C4<0>, C4<0>, C4<0>;
L_0x5e020031fc10 .functor AND 1, L_0x5e020031fa80, L_0x5e020031fb70, C4<1>, C4<1>;
L_0x5e020031fd20 .functor OR 1, L_0x5e020031f990, L_0x5e020031fc10, C4<0>, C4<0>;
L_0x5e0200320080 .functor AND 1, L_0x5e020031ff00, L_0x5e020031ffa0, C4<1>, C4<1>;
L_0x5e0200320140 .functor OR 1, L_0x5e020031fe30, L_0x5e0200320080, C4<0>, C4<0>;
L_0x5e0200320470 .functor AND 1, L_0x5e0200320250, L_0x5e0200320380, C4<1>, C4<1>;
L_0x5e0200320670 .functor AND 1, L_0x5e0200320470, L_0x5e0200320580, C4<1>, C4<1>;
L_0x5e0200320780 .functor OR 1, L_0x5e0200320140, L_0x5e0200320670, C4<0>, C4<0>;
L_0x5e0200320ce0 .functor AND 1, L_0x5e0200320b30, L_0x5e0200320c40, C4<1>, C4<1>;
L_0x5e0200320d50 .functor OR 1, L_0x5e0200320a90, L_0x5e0200320ce0, C4<0>, C4<0>;
L_0x5e0200320bd0 .functor AND 1, L_0x5e0200320ed0, L_0x5e0200320ff0, C4<1>, C4<1>;
L_0x5e0200320f70 .functor AND 1, L_0x5e0200320bd0, L_0x5e02003211f0, C4<1>, C4<1>;
L_0x5e0200320e60 .functor OR 1, L_0x5e0200320d50, L_0x5e0200320f70, C4<0>, C4<0>;
L_0x5e0200321290 .functor AND 1, L_0x5e02003214e0, L_0x5e0200321580, C4<1>, C4<1>;
L_0x5e02003213c0 .functor AND 1, L_0x5e0200321290, L_0x5e02003217f0, C4<1>, C4<1>;
L_0x5e0200321620 .functor AND 1, L_0x5e02003213c0, L_0x5e0200321930, C4<1>, C4<1>;
L_0x5e0200321760 .functor OR 1, L_0x5e0200320e60, L_0x5e0200321620, C4<0>, C4<0>;
L_0x5e0200321f70 .functor AND 1, L_0x5e0200321e10, L_0x5e02003219d0, C4<1>, C4<1>;
L_0x5e0200321ad0 .functor OR 1, L_0x5e0200321c60, L_0x5e0200321f70, C4<0>, C4<0>;
L_0x5e02003221d0 .functor XOR 4, L_0x5e020031f810, L_0x5e02003208f0, C4<0000>, C4<0000>;
v0x5e02002c9fc0_0 .net *"_ivl_11", 0 0, L_0x5e020031f990;  1 drivers
v0x5e02002ca0c0_0 .net *"_ivl_13", 0 0, L_0x5e020031fa80;  1 drivers
v0x5e02002ca1a0_0 .net *"_ivl_15", 0 0, L_0x5e020031fb70;  1 drivers
v0x5e02002ca260_0 .net *"_ivl_16", 0 0, L_0x5e020031fc10;  1 drivers
v0x5e02002ca340_0 .net *"_ivl_18", 0 0, L_0x5e020031fd20;  1 drivers
v0x5e02002ca470_0 .net *"_ivl_23", 0 0, L_0x5e020031fe30;  1 drivers
v0x5e02002ca550_0 .net *"_ivl_25", 0 0, L_0x5e020031ff00;  1 drivers
v0x5e02002ca630_0 .net *"_ivl_27", 0 0, L_0x5e020031ffa0;  1 drivers
v0x5e02002ca710_0 .net *"_ivl_28", 0 0, L_0x5e0200320080;  1 drivers
v0x5e02002ca7f0_0 .net *"_ivl_30", 0 0, L_0x5e0200320140;  1 drivers
v0x5e02002ca8d0_0 .net *"_ivl_33", 0 0, L_0x5e0200320250;  1 drivers
v0x5e02002ca9b0_0 .net *"_ivl_35", 0 0, L_0x5e0200320380;  1 drivers
v0x5e02002caa90_0 .net *"_ivl_36", 0 0, L_0x5e0200320470;  1 drivers
v0x5e02002cab70_0 .net *"_ivl_39", 0 0, L_0x5e0200320580;  1 drivers
v0x5e02002cac50_0 .net *"_ivl_40", 0 0, L_0x5e0200320670;  1 drivers
v0x5e02002cad30_0 .net *"_ivl_42", 0 0, L_0x5e0200320780;  1 drivers
v0x5e02002cae10_0 .net *"_ivl_48", 0 0, L_0x5e0200320a90;  1 drivers
v0x5e02002caef0_0 .net *"_ivl_50", 0 0, L_0x5e0200320b30;  1 drivers
v0x5e02002cafd0_0 .net *"_ivl_52", 0 0, L_0x5e0200320c40;  1 drivers
v0x5e02002cb0b0_0 .net *"_ivl_53", 0 0, L_0x5e0200320ce0;  1 drivers
v0x5e02002cb190_0 .net *"_ivl_55", 0 0, L_0x5e0200320d50;  1 drivers
v0x5e02002cb270_0 .net *"_ivl_58", 0 0, L_0x5e0200320ed0;  1 drivers
v0x5e02002cb350_0 .net *"_ivl_60", 0 0, L_0x5e0200320ff0;  1 drivers
v0x5e02002cb430_0 .net *"_ivl_61", 0 0, L_0x5e0200320bd0;  1 drivers
v0x5e02002cb510_0 .net *"_ivl_64", 0 0, L_0x5e02003211f0;  1 drivers
v0x5e02002cb5f0_0 .net *"_ivl_65", 0 0, L_0x5e0200320f70;  1 drivers
v0x5e02002cb6d0_0 .net *"_ivl_67", 0 0, L_0x5e0200320e60;  1 drivers
v0x5e02002cb7b0_0 .net *"_ivl_7", 0 0, L_0x5e020031f920;  1 drivers
v0x5e02002cb890_0 .net *"_ivl_70", 0 0, L_0x5e02003214e0;  1 drivers
v0x5e02002cb970_0 .net *"_ivl_72", 0 0, L_0x5e0200321580;  1 drivers
v0x5e02002cba50_0 .net *"_ivl_73", 0 0, L_0x5e0200321290;  1 drivers
v0x5e02002cbb30_0 .net *"_ivl_76", 0 0, L_0x5e02003217f0;  1 drivers
v0x5e02002cbc10_0 .net *"_ivl_77", 0 0, L_0x5e02003213c0;  1 drivers
v0x5e02002cbf00_0 .net *"_ivl_80", 0 0, L_0x5e0200321930;  1 drivers
v0x5e02002cbfe0_0 .net *"_ivl_81", 0 0, L_0x5e0200321620;  1 drivers
v0x5e02002cc0c0_0 .net *"_ivl_83", 0 0, L_0x5e0200321760;  1 drivers
v0x5e02002cc1a0_0 .net *"_ivl_86", 0 0, L_0x5e0200321c60;  1 drivers
v0x5e02002cc280_0 .net *"_ivl_88", 0 0, L_0x5e0200321e10;  1 drivers
v0x5e02002cc360_0 .net *"_ivl_90", 0 0, L_0x5e02003219d0;  1 drivers
v0x5e02002cc440_0 .net *"_ivl_91", 0 0, L_0x5e0200321f70;  1 drivers
v0x5e02002cc520_0 .net "a", 3 0, L_0x5e0200322080;  1 drivers
v0x5e02002cc600_0 .net "b", 3 0, L_0x5e0200322300;  1 drivers
v0x5e02002cc6e0_0 .net "c", 3 0, L_0x5e02003208f0;  1 drivers
v0x5e02002cc7c0_0 .net "cin", 0 0, L_0x5e0200322400;  1 drivers
v0x5e02002cc880_0 .net "cout", 0 0, L_0x5e0200321ad0;  1 drivers
v0x5e02002cc940_0 .net "g", 3 0, L_0x5e020031f7a0;  1 drivers
v0x5e02002cca20_0 .net "p", 3 0, L_0x5e020031f810;  1 drivers
v0x5e02002ccb00_0 .net "sum", 3 0, L_0x5e02003221d0;  1 drivers
L_0x5e020031f990 .part L_0x5e020031f7a0, 0, 1;
L_0x5e020031fa80 .part L_0x5e020031f810, 0, 1;
L_0x5e020031fb70 .part L_0x5e02003208f0, 0, 1;
L_0x5e020031fe30 .part L_0x5e020031f7a0, 1, 1;
L_0x5e020031ff00 .part L_0x5e020031f7a0, 0, 1;
L_0x5e020031ffa0 .part L_0x5e020031f810, 1, 1;
L_0x5e0200320250 .part L_0x5e020031f810, 1, 1;
L_0x5e0200320380 .part L_0x5e020031f810, 0, 1;
L_0x5e0200320580 .part L_0x5e02003208f0, 0, 1;
L_0x5e02003208f0 .concat8 [ 1 1 1 1], L_0x5e020031f920, L_0x5e020031fd20, L_0x5e0200320780, L_0x5e0200321760;
L_0x5e0200320a90 .part L_0x5e020031f7a0, 2, 1;
L_0x5e0200320b30 .part L_0x5e020031f810, 2, 1;
L_0x5e0200320c40 .part L_0x5e020031f7a0, 1, 1;
L_0x5e0200320ed0 .part L_0x5e020031f810, 2, 1;
L_0x5e0200320ff0 .part L_0x5e020031f810, 1, 1;
L_0x5e02003211f0 .part L_0x5e020031f7a0, 0, 1;
L_0x5e02003214e0 .part L_0x5e020031f810, 2, 1;
L_0x5e0200321580 .part L_0x5e020031f810, 1, 1;
L_0x5e02003217f0 .part L_0x5e020031f810, 0, 1;
L_0x5e0200321930 .part L_0x5e02003208f0, 0, 1;
L_0x5e0200321c60 .part L_0x5e020031f7a0, 3, 1;
L_0x5e0200321e10 .part L_0x5e020031f810, 3, 1;
L_0x5e02003219d0 .part L_0x5e02003208f0, 3, 1;
S_0x5e02002ccc80 .scope generate, "cla_block[4]" "cla_block[4]" 6 8, 6 8 0, S_0x5e02002bfb00;
 .timescale 0 0;
P_0x5e02002cce80 .param/l "i" 1 6 8, +C4<0100>;
S_0x5e02002ccf60 .scope generate, "genblk1" "genblk1" 6 9, 6 9 0, S_0x5e02002ccc80;
 .timescale 0 0;
S_0x5e02002cd140 .scope module, "cla_piece" "cla" 6 13, 6 110 0, S_0x5e02002ccf60;
 .timescale 0 0;
    .port_info 0 /INPUT 4 "a";
    .port_info 1 /INPUT 4 "b";
    .port_info 2 /INPUT 1 "cin";
    .port_info 3 /OUTPUT 1 "cout";
    .port_info 4 /OUTPUT 4 "sum";
L_0x5e02003224a0 .functor AND 4, L_0x5e0200324d10, L_0x5e0200325000, C4<1111>, C4<1111>;
L_0x5e0200322510 .functor XOR 4, L_0x5e0200324d10, L_0x5e0200325000, C4<0000>, C4<0000>;
L_0x5e0200322620 .functor BUFZ 1, L_0x5e02003250a0, C4<0>, C4<0>, C4<0>;
L_0x5e0200322910 .functor AND 1, L_0x5e0200322780, L_0x5e0200322870, C4<1>, C4<1>;
L_0x5e0200322a20 .functor OR 1, L_0x5e0200322690, L_0x5e0200322910, C4<0>, C4<0>;
L_0x5e0200322d10 .functor AND 1, L_0x5e0200322bd0, L_0x5e0200322c70, C4<1>, C4<1>;
L_0x5e0200322dd0 .functor OR 1, L_0x5e0200322b30, L_0x5e0200322d10, C4<0>, C4<0>;
L_0x5e0200323100 .functor AND 1, L_0x5e0200322ee0, L_0x5e0200323010, C4<1>, C4<1>;
L_0x5e0200323300 .functor AND 1, L_0x5e0200323100, L_0x5e0200323210, C4<1>, C4<1>;
L_0x5e0200323410 .functor OR 1, L_0x5e0200322dd0, L_0x5e0200323300, C4<0>, C4<0>;
L_0x5e0200323970 .functor AND 1, L_0x5e02003237c0, L_0x5e02003238d0, C4<1>, C4<1>;
L_0x5e02003239e0 .functor OR 1, L_0x5e0200323720, L_0x5e0200323970, C4<0>, C4<0>;
L_0x5e0200323860 .functor AND 1, L_0x5e0200323b60, L_0x5e0200323c80, C4<1>, C4<1>;
L_0x5e0200323c00 .functor AND 1, L_0x5e0200323860, L_0x5e0200323e80, C4<1>, C4<1>;
L_0x5e0200323af0 .functor OR 1, L_0x5e02003239e0, L_0x5e0200323c00, C4<0>, C4<0>;
L_0x5e0200323f20 .functor AND 1, L_0x5e0200324170, L_0x5e0200324210, C4<1>, C4<1>;
L_0x5e0200324050 .functor AND 1, L_0x5e0200323f20, L_0x5e0200324480, C4<1>, C4<1>;
L_0x5e02003242b0 .functor AND 1, L_0x5e0200324050, L_0x5e02003245c0, C4<1>, C4<1>;
L_0x5e02003243f0 .functor OR 1, L_0x5e0200323af0, L_0x5e02003242b0, C4<0>, C4<0>;
L_0x5e0200324c00 .functor AND 1, L_0x5e0200324aa0, L_0x5e0200324660, C4<1>, C4<1>;
L_0x5e0200324760 .functor OR 1, L_0x5e02003248f0, L_0x5e0200324c00, C4<0>, C4<0>;
L_0x5e0200324e60 .functor XOR 4, L_0x5e0200322510, L_0x5e0200323580, C4<0000>, C4<0000>;
v0x5e02002cd3c0_0 .net *"_ivl_11", 0 0, L_0x5e0200322690;  1 drivers
v0x5e02002cd4c0_0 .net *"_ivl_13", 0 0, L_0x5e0200322780;  1 drivers
v0x5e02002cd5a0_0 .net *"_ivl_15", 0 0, L_0x5e0200322870;  1 drivers
v0x5e02002cd660_0 .net *"_ivl_16", 0 0, L_0x5e0200322910;  1 drivers
v0x5e02002cd740_0 .net *"_ivl_18", 0 0, L_0x5e0200322a20;  1 drivers
v0x5e02002cd870_0 .net *"_ivl_23", 0 0, L_0x5e0200322b30;  1 drivers
v0x5e02002cd950_0 .net *"_ivl_25", 0 0, L_0x5e0200322bd0;  1 drivers
v0x5e02002cda30_0 .net *"_ivl_27", 0 0, L_0x5e0200322c70;  1 drivers
v0x5e02002cdb10_0 .net *"_ivl_28", 0 0, L_0x5e0200322d10;  1 drivers
v0x5e02002cdbf0_0 .net *"_ivl_30", 0 0, L_0x5e0200322dd0;  1 drivers
v0x5e02002cdcd0_0 .net *"_ivl_33", 0 0, L_0x5e0200322ee0;  1 drivers
v0x5e02002cddb0_0 .net *"_ivl_35", 0 0, L_0x5e0200323010;  1 drivers
v0x5e02002cde90_0 .net *"_ivl_36", 0 0, L_0x5e0200323100;  1 drivers
v0x5e02002cdf70_0 .net *"_ivl_39", 0 0, L_0x5e0200323210;  1 drivers
v0x5e02002ce050_0 .net *"_ivl_40", 0 0, L_0x5e0200323300;  1 drivers
v0x5e02002ce130_0 .net *"_ivl_42", 0 0, L_0x5e0200323410;  1 drivers
v0x5e02002ce210_0 .net *"_ivl_48", 0 0, L_0x5e0200323720;  1 drivers
v0x5e02002ce2f0_0 .net *"_ivl_50", 0 0, L_0x5e02003237c0;  1 drivers
v0x5e02002ce3d0_0 .net *"_ivl_52", 0 0, L_0x5e02003238d0;  1 drivers
v0x5e02002ce4b0_0 .net *"_ivl_53", 0 0, L_0x5e0200323970;  1 drivers
v0x5e02002ce590_0 .net *"_ivl_55", 0 0, L_0x5e02003239e0;  1 drivers
v0x5e02002ce670_0 .net *"_ivl_58", 0 0, L_0x5e0200323b60;  1 drivers
v0x5e02002ce750_0 .net *"_ivl_60", 0 0, L_0x5e0200323c80;  1 drivers
v0x5e02002ce830_0 .net *"_ivl_61", 0 0, L_0x5e0200323860;  1 drivers
v0x5e02002ce910_0 .net *"_ivl_64", 0 0, L_0x5e0200323e80;  1 drivers
v0x5e02002ce9f0_0 .net *"_ivl_65", 0 0, L_0x5e0200323c00;  1 drivers
v0x5e02002cead0_0 .net *"_ivl_67", 0 0, L_0x5e0200323af0;  1 drivers
v0x5e02002cebb0_0 .net *"_ivl_7", 0 0, L_0x5e0200322620;  1 drivers
v0x5e02002cec90_0 .net *"_ivl_70", 0 0, L_0x5e0200324170;  1 drivers
v0x5e02002ced70_0 .net *"_ivl_72", 0 0, L_0x5e0200324210;  1 drivers
v0x5e02002cee50_0 .net *"_ivl_73", 0 0, L_0x5e0200323f20;  1 drivers
v0x5e02002cef30_0 .net *"_ivl_76", 0 0, L_0x5e0200324480;  1 drivers
v0x5e02002cf010_0 .net *"_ivl_77", 0 0, L_0x5e0200324050;  1 drivers
v0x5e02002cf300_0 .net *"_ivl_80", 0 0, L_0x5e02003245c0;  1 drivers
v0x5e02002cf3e0_0 .net *"_ivl_81", 0 0, L_0x5e02003242b0;  1 drivers
v0x5e02002cf4c0_0 .net *"_ivl_83", 0 0, L_0x5e02003243f0;  1 drivers
v0x5e02002cf5a0_0 .net *"_ivl_86", 0 0, L_0x5e02003248f0;  1 drivers
v0x5e02002cf680_0 .net *"_ivl_88", 0 0, L_0x5e0200324aa0;  1 drivers
v0x5e02002cf760_0 .net *"_ivl_90", 0 0, L_0x5e0200324660;  1 drivers
v0x5e02002cf840_0 .net *"_ivl_91", 0 0, L_0x5e0200324c00;  1 drivers
v0x5e02002cf920_0 .net "a", 3 0, L_0x5e0200324d10;  1 drivers
v0x5e02002cfa00_0 .net "b", 3 0, L_0x5e0200325000;  1 drivers
v0x5e02002cfae0_0 .net "c", 3 0, L_0x5e0200323580;  1 drivers
v0x5e02002cfbc0_0 .net "cin", 0 0, L_0x5e02003250a0;  1 drivers
v0x5e02002cfc80_0 .net "cout", 0 0, L_0x5e0200324760;  1 drivers
v0x5e02002cfd40_0 .net "g", 3 0, L_0x5e02003224a0;  1 drivers
v0x5e02002cfe20_0 .net "p", 3 0, L_0x5e0200322510;  1 drivers
v0x5e02002cff00_0 .net "sum", 3 0, L_0x5e0200324e60;  1 drivers
L_0x5e0200322690 .part L_0x5e02003224a0, 0, 1;
L_0x5e0200322780 .part L_0x5e0200322510, 0, 1;
L_0x5e0200322870 .part L_0x5e0200323580, 0, 1;
L_0x5e0200322b30 .part L_0x5e02003224a0, 1, 1;
L_0x5e0200322bd0 .part L_0x5e02003224a0, 0, 1;
L_0x5e0200322c70 .part L_0x5e0200322510, 1, 1;
L_0x5e0200322ee0 .part L_0x5e0200322510, 1, 1;
L_0x5e0200323010 .part L_0x5e0200322510, 0, 1;
L_0x5e0200323210 .part L_0x5e0200323580, 0, 1;
L_0x5e0200323580 .concat8 [ 1 1 1 1], L_0x5e0200322620, L_0x5e0200322a20, L_0x5e0200323410, L_0x5e02003243f0;
L_0x5e0200323720 .part L_0x5e02003224a0, 2, 1;
L_0x5e02003237c0 .part L_0x5e0200322510, 2, 1;
L_0x5e02003238d0 .part L_0x5e02003224a0, 1, 1;
L_0x5e0200323b60 .part L_0x5e0200322510, 2, 1;
L_0x5e0200323c80 .part L_0x5e0200322510, 1, 1;
L_0x5e0200323e80 .part L_0x5e02003224a0, 0, 1;
L_0x5e0200324170 .part L_0x5e0200322510, 2, 1;
L_0x5e0200324210 .part L_0x5e0200322510, 1, 1;
L_0x5e0200324480 .part L_0x5e0200322510, 0, 1;
L_0x5e02003245c0 .part L_0x5e0200323580, 0, 1;
L_0x5e02003248f0 .part L_0x5e02003224a0, 3, 1;
L_0x5e0200324aa0 .part L_0x5e0200322510, 3, 1;
L_0x5e0200324660 .part L_0x5e0200323580, 3, 1;
S_0x5e02002d0080 .scope generate, "cla_block[5]" "cla_block[5]" 6 8, 6 8 0, S_0x5e02002bfb00;
 .timescale 0 0;
P_0x5e02002d0230 .param/l "i" 1 6 8, +C4<0101>;
S_0x5e02002d0310 .scope generate, "genblk1" "genblk1" 6 9, 6 9 0, S_0x5e02002d0080;
 .timescale 0 0;
S_0x5e02002d04f0 .scope module, "cla_piece" "cla" 6 13, 6 110 0, S_0x5e02002d0310;
 .timescale 0 0;
    .port_info 0 /INPUT 4 "a";
    .port_info 1 /INPUT 4 "b";
    .port_info 2 /INPUT 1 "cin";
    .port_info 3 /OUTPUT 1 "cout";
    .port_info 4 /OUTPUT 4 "sum";
L_0x5e0200324f90 .functor AND 4, L_0x5e02003278f0, L_0x5e0200327b70, C4<1111>, C4<1111>;
L_0x5e02003251c0 .functor XOR 4, L_0x5e02003278f0, L_0x5e0200327b70, C4<0000>, C4<0000>;
L_0x5e0200325280 .functor BUFZ 1, L_0x5e0200327ca0, C4<0>, C4<0>, C4<0>;
L_0x5e0200325570 .functor AND 1, L_0x5e02003253e0, L_0x5e02003254d0, C4<1>, C4<1>;
L_0x5e0200325680 .functor OR 1, L_0x5e02003252f0, L_0x5e0200325570, C4<0>, C4<0>;
L_0x5e0200325a00 .functor AND 1, L_0x5e0200325830, L_0x5e0200325960, C4<1>, C4<1>;
L_0x5e0200325ac0 .functor OR 1, L_0x5e0200325790, L_0x5e0200325a00, C4<0>, C4<0>;
L_0x5e0200325df0 .functor AND 1, L_0x5e0200325bd0, L_0x5e0200325d00, C4<1>, C4<1>;
L_0x5e0200325ff0 .functor AND 1, L_0x5e0200325df0, L_0x5e0200325f00, C4<1>, C4<1>;
L_0x5e0200326100 .functor OR 1, L_0x5e0200325ac0, L_0x5e0200325ff0, C4<0>, C4<0>;
L_0x5e0200326660 .functor AND 1, L_0x5e02003264b0, L_0x5e02003265c0, C4<1>, C4<1>;
L_0x5e02003266d0 .functor OR 1, L_0x5e0200326410, L_0x5e0200326660, C4<0>, C4<0>;
L_0x5e0200326550 .functor AND 1, L_0x5e0200326850, L_0x5e0200326970, C4<1>, C4<1>;
L_0x5e02003268f0 .functor AND 1, L_0x5e0200326550, L_0x5e0200326a60, C4<1>, C4<1>;
L_0x5e02003267e0 .functor OR 1, L_0x5e02003266d0, L_0x5e02003268f0, C4<0>, C4<0>;
L_0x5e0200326b00 .functor AND 1, L_0x5e0200326d50, L_0x5e0200326df0, C4<1>, C4<1>;
L_0x5e0200326c30 .functor AND 1, L_0x5e0200326b00, L_0x5e0200327060, C4<1>, C4<1>;
L_0x5e0200326e90 .functor AND 1, L_0x5e0200326c30, L_0x5e02003271a0, C4<1>, C4<1>;
L_0x5e0200326fd0 .functor OR 1, L_0x5e02003267e0, L_0x5e0200326e90, C4<0>, C4<0>;
L_0x5e02003277e0 .functor AND 1, L_0x5e0200327680, L_0x5e0200327240, C4<1>, C4<1>;
L_0x5e0200327340 .functor OR 1, L_0x5e02003274d0, L_0x5e02003277e0, C4<0>, C4<0>;
L_0x5e0200327a40 .functor XOR 4, L_0x5e02003251c0, L_0x5e0200326270, C4<0000>, C4<0000>;
v0x5e02002d0770_0 .net *"_ivl_11", 0 0, L_0x5e02003252f0;  1 drivers
v0x5e02002d0870_0 .net *"_ivl_13", 0 0, L_0x5e02003253e0;  1 drivers
v0x5e02002d0950_0 .net *"_ivl_15", 0 0, L_0x5e02003254d0;  1 drivers
v0x5e02002d0a10_0 .net *"_ivl_16", 0 0, L_0x5e0200325570;  1 drivers
v0x5e02002d0af0_0 .net *"_ivl_18", 0 0, L_0x5e0200325680;  1 drivers
v0x5e02002d0c20_0 .net *"_ivl_23", 0 0, L_0x5e0200325790;  1 drivers
v0x5e02002d0d00_0 .net *"_ivl_25", 0 0, L_0x5e0200325830;  1 drivers
v0x5e02002d0de0_0 .net *"_ivl_27", 0 0, L_0x5e0200325960;  1 drivers
v0x5e02002d0ec0_0 .net *"_ivl_28", 0 0, L_0x5e0200325a00;  1 drivers
v0x5e02002d0fa0_0 .net *"_ivl_30", 0 0, L_0x5e0200325ac0;  1 drivers
v0x5e02002d1080_0 .net *"_ivl_33", 0 0, L_0x5e0200325bd0;  1 drivers
v0x5e02002d1160_0 .net *"_ivl_35", 0 0, L_0x5e0200325d00;  1 drivers
v0x5e02002d1240_0 .net *"_ivl_36", 0 0, L_0x5e0200325df0;  1 drivers
v0x5e02002d1320_0 .net *"_ivl_39", 0 0, L_0x5e0200325f00;  1 drivers
v0x5e02002d1400_0 .net *"_ivl_40", 0 0, L_0x5e0200325ff0;  1 drivers
v0x5e02002d14e0_0 .net *"_ivl_42", 0 0, L_0x5e0200326100;  1 drivers
v0x5e02002d15c0_0 .net *"_ivl_48", 0 0, L_0x5e0200326410;  1 drivers
v0x5e02002d16a0_0 .net *"_ivl_50", 0 0, L_0x5e02003264b0;  1 drivers
v0x5e02002d1780_0 .net *"_ivl_52", 0 0, L_0x5e02003265c0;  1 drivers
v0x5e02002d1860_0 .net *"_ivl_53", 0 0, L_0x5e0200326660;  1 drivers
v0x5e02002d1940_0 .net *"_ivl_55", 0 0, L_0x5e02003266d0;  1 drivers
v0x5e02002d1a20_0 .net *"_ivl_58", 0 0, L_0x5e0200326850;  1 drivers
v0x5e02002d1b00_0 .net *"_ivl_60", 0 0, L_0x5e0200326970;  1 drivers
v0x5e02002d1be0_0 .net *"_ivl_61", 0 0, L_0x5e0200326550;  1 drivers
v0x5e02002d1cc0_0 .net *"_ivl_64", 0 0, L_0x5e0200326a60;  1 drivers
v0x5e02002d1da0_0 .net *"_ivl_65", 0 0, L_0x5e02003268f0;  1 drivers
v0x5e02002d1e80_0 .net *"_ivl_67", 0 0, L_0x5e02003267e0;  1 drivers
v0x5e02002d1f60_0 .net *"_ivl_7", 0 0, L_0x5e0200325280;  1 drivers
v0x5e02002d2040_0 .net *"_ivl_70", 0 0, L_0x5e0200326d50;  1 drivers
v0x5e02002d2120_0 .net *"_ivl_72", 0 0, L_0x5e0200326df0;  1 drivers
v0x5e02002d2200_0 .net *"_ivl_73", 0 0, L_0x5e0200326b00;  1 drivers
v0x5e02002d22e0_0 .net *"_ivl_76", 0 0, L_0x5e0200327060;  1 drivers
v0x5e02002d23c0_0 .net *"_ivl_77", 0 0, L_0x5e0200326c30;  1 drivers
v0x5e02002d26b0_0 .net *"_ivl_80", 0 0, L_0x5e02003271a0;  1 drivers
v0x5e02002d2790_0 .net *"_ivl_81", 0 0, L_0x5e0200326e90;  1 drivers
v0x5e02002d2870_0 .net *"_ivl_83", 0 0, L_0x5e0200326fd0;  1 drivers
v0x5e02002d2950_0 .net *"_ivl_86", 0 0, L_0x5e02003274d0;  1 drivers
v0x5e02002d2a30_0 .net *"_ivl_88", 0 0, L_0x5e0200327680;  1 drivers
v0x5e02002d2b10_0 .net *"_ivl_90", 0 0, L_0x5e0200327240;  1 drivers
v0x5e02002d2bf0_0 .net *"_ivl_91", 0 0, L_0x5e02003277e0;  1 drivers
v0x5e02002d2cd0_0 .net "a", 3 0, L_0x5e02003278f0;  1 drivers
v0x5e02002d2db0_0 .net "b", 3 0, L_0x5e0200327b70;  1 drivers
v0x5e02002d2e90_0 .net "c", 3 0, L_0x5e0200326270;  1 drivers
v0x5e02002d2f70_0 .net "cin", 0 0, L_0x5e0200327ca0;  1 drivers
v0x5e02002d3030_0 .net "cout", 0 0, L_0x5e0200327340;  1 drivers
v0x5e02002d30f0_0 .net "g", 3 0, L_0x5e0200324f90;  1 drivers
v0x5e02002d31d0_0 .net "p", 3 0, L_0x5e02003251c0;  1 drivers
v0x5e02002d32b0_0 .net "sum", 3 0, L_0x5e0200327a40;  1 drivers
L_0x5e02003252f0 .part L_0x5e0200324f90, 0, 1;
L_0x5e02003253e0 .part L_0x5e02003251c0, 0, 1;
L_0x5e02003254d0 .part L_0x5e0200326270, 0, 1;
L_0x5e0200325790 .part L_0x5e0200324f90, 1, 1;
L_0x5e0200325830 .part L_0x5e0200324f90, 0, 1;
L_0x5e0200325960 .part L_0x5e02003251c0, 1, 1;
L_0x5e0200325bd0 .part L_0x5e02003251c0, 1, 1;
L_0x5e0200325d00 .part L_0x5e02003251c0, 0, 1;
L_0x5e0200325f00 .part L_0x5e0200326270, 0, 1;
L_0x5e0200326270 .concat8 [ 1 1 1 1], L_0x5e0200325280, L_0x5e0200325680, L_0x5e0200326100, L_0x5e0200326fd0;
L_0x5e0200326410 .part L_0x5e0200324f90, 2, 1;
L_0x5e02003264b0 .part L_0x5e02003251c0, 2, 1;
L_0x5e02003265c0 .part L_0x5e0200324f90, 1, 1;
L_0x5e0200326850 .part L_0x5e02003251c0, 2, 1;
L_0x5e0200326970 .part L_0x5e02003251c0, 1, 1;
L_0x5e0200326a60 .part L_0x5e0200324f90, 0, 1;
L_0x5e0200326d50 .part L_0x5e02003251c0, 2, 1;
L_0x5e0200326df0 .part L_0x5e02003251c0, 1, 1;
L_0x5e0200327060 .part L_0x5e02003251c0, 0, 1;
L_0x5e02003271a0 .part L_0x5e0200326270, 0, 1;
L_0x5e02003274d0 .part L_0x5e0200324f90, 3, 1;
L_0x5e0200327680 .part L_0x5e02003251c0, 3, 1;
L_0x5e0200327240 .part L_0x5e0200326270, 3, 1;
S_0x5e02002d3430 .scope generate, "cla_block[6]" "cla_block[6]" 6 8, 6 8 0, S_0x5e02002bfb00;
 .timescale 0 0;
P_0x5e02002d35e0 .param/l "i" 1 6 8, +C4<0110>;
S_0x5e02002d36c0 .scope generate, "genblk1" "genblk1" 6 9, 6 9 0, S_0x5e02002d3430;
 .timescale 0 0;
S_0x5e02002d38a0 .scope module, "cla_piece" "cla" 6 13, 6 110 0, S_0x5e02002d36c0;
 .timescale 0 0;
    .port_info 0 /INPUT 4 "a";
    .port_info 1 /INPUT 4 "b";
    .port_info 2 /INPUT 1 "cin";
    .port_info 3 /OUTPUT 1 "cout";
    .port_info 4 /OUTPUT 4 "sum";
L_0x5e0200327d40 .functor AND 4, L_0x5e020032a5b0, L_0x5e020032a8d0, C4<1111>, C4<1111>;
L_0x5e0200327db0 .functor XOR 4, L_0x5e020032a5b0, L_0x5e020032a8d0, C4<0000>, C4<0000>;
L_0x5e0200327ec0 .functor BUFZ 1, L_0x5e020032a970, C4<0>, C4<0>, C4<0>;
L_0x5e02003281b0 .functor AND 1, L_0x5e0200328020, L_0x5e0200328110, C4<1>, C4<1>;
L_0x5e02003282c0 .functor OR 1, L_0x5e0200327f30, L_0x5e02003281b0, C4<0>, C4<0>;
L_0x5e02003285b0 .functor AND 1, L_0x5e0200328470, L_0x5e0200328510, C4<1>, C4<1>;
L_0x5e0200328670 .functor OR 1, L_0x5e02003283d0, L_0x5e02003285b0, C4<0>, C4<0>;
L_0x5e02003289a0 .functor AND 1, L_0x5e0200328780, L_0x5e02003288b0, C4<1>, C4<1>;
L_0x5e0200328ba0 .functor AND 1, L_0x5e02003289a0, L_0x5e0200328ab0, C4<1>, C4<1>;
L_0x5e0200328cb0 .functor OR 1, L_0x5e0200328670, L_0x5e0200328ba0, C4<0>, C4<0>;
L_0x5e0200329210 .functor AND 1, L_0x5e0200329060, L_0x5e0200329170, C4<1>, C4<1>;
L_0x5e0200329280 .functor OR 1, L_0x5e0200328fc0, L_0x5e0200329210, C4<0>, C4<0>;
L_0x5e0200329100 .functor AND 1, L_0x5e0200329400, L_0x5e0200329520, C4<1>, C4<1>;
L_0x5e02003294a0 .functor AND 1, L_0x5e0200329100, L_0x5e0200329720, C4<1>, C4<1>;
L_0x5e0200329390 .functor OR 1, L_0x5e0200329280, L_0x5e02003294a0, C4<0>, C4<0>;
L_0x5e02003297c0 .functor AND 1, L_0x5e0200329a10, L_0x5e0200329ab0, C4<1>, C4<1>;
L_0x5e02003298f0 .functor AND 1, L_0x5e02003297c0, L_0x5e0200329d20, C4<1>, C4<1>;
L_0x5e0200329b50 .functor AND 1, L_0x5e02003298f0, L_0x5e0200329e60, C4<1>, C4<1>;
L_0x5e0200329c90 .functor OR 1, L_0x5e0200329390, L_0x5e0200329b50, C4<0>, C4<0>;
L_0x5e020032a4a0 .functor AND 1, L_0x5e020032a340, L_0x5e0200329f00, C4<1>, C4<1>;
L_0x5e020032a000 .functor OR 1, L_0x5e020032a190, L_0x5e020032a4a0, C4<0>, C4<0>;
L_0x5e020032a700 .functor XOR 4, L_0x5e0200327db0, L_0x5e0200328e20, C4<0000>, C4<0000>;
v0x5e02002d3b20_0 .net *"_ivl_11", 0 0, L_0x5e0200327f30;  1 drivers
v0x5e02002d3c20_0 .net *"_ivl_13", 0 0, L_0x5e0200328020;  1 drivers
v0x5e02002d3d00_0 .net *"_ivl_15", 0 0, L_0x5e0200328110;  1 drivers
v0x5e02002d3dc0_0 .net *"_ivl_16", 0 0, L_0x5e02003281b0;  1 drivers
v0x5e02002d3ea0_0 .net *"_ivl_18", 0 0, L_0x5e02003282c0;  1 drivers
v0x5e02002d3fd0_0 .net *"_ivl_23", 0 0, L_0x5e02003283d0;  1 drivers
v0x5e02002d40b0_0 .net *"_ivl_25", 0 0, L_0x5e0200328470;  1 drivers
v0x5e02002d4190_0 .net *"_ivl_27", 0 0, L_0x5e0200328510;  1 drivers
v0x5e02002d4270_0 .net *"_ivl_28", 0 0, L_0x5e02003285b0;  1 drivers
v0x5e02002d4350_0 .net *"_ivl_30", 0 0, L_0x5e0200328670;  1 drivers
v0x5e02002d4430_0 .net *"_ivl_33", 0 0, L_0x5e0200328780;  1 drivers
v0x5e02002d4510_0 .net *"_ivl_35", 0 0, L_0x5e02003288b0;  1 drivers
v0x5e02002d45f0_0 .net *"_ivl_36", 0 0, L_0x5e02003289a0;  1 drivers
v0x5e02002d46d0_0 .net *"_ivl_39", 0 0, L_0x5e0200328ab0;  1 drivers
v0x5e02002d47b0_0 .net *"_ivl_40", 0 0, L_0x5e0200328ba0;  1 drivers
v0x5e02002d4890_0 .net *"_ivl_42", 0 0, L_0x5e0200328cb0;  1 drivers
v0x5e02002d4970_0 .net *"_ivl_48", 0 0, L_0x5e0200328fc0;  1 drivers
v0x5e02002d4a50_0 .net *"_ivl_50", 0 0, L_0x5e0200329060;  1 drivers
v0x5e02002d4b30_0 .net *"_ivl_52", 0 0, L_0x5e0200329170;  1 drivers
v0x5e02002d4c10_0 .net *"_ivl_53", 0 0, L_0x5e0200329210;  1 drivers
v0x5e02002d4cf0_0 .net *"_ivl_55", 0 0, L_0x5e0200329280;  1 drivers
v0x5e02002d4dd0_0 .net *"_ivl_58", 0 0, L_0x5e0200329400;  1 drivers
v0x5e02002d4eb0_0 .net *"_ivl_60", 0 0, L_0x5e0200329520;  1 drivers
v0x5e02002d4f90_0 .net *"_ivl_61", 0 0, L_0x5e0200329100;  1 drivers
v0x5e02002d5070_0 .net *"_ivl_64", 0 0, L_0x5e0200329720;  1 drivers
v0x5e02002d5150_0 .net *"_ivl_65", 0 0, L_0x5e02003294a0;  1 drivers
v0x5e02002d5230_0 .net *"_ivl_67", 0 0, L_0x5e0200329390;  1 drivers
v0x5e02002d5310_0 .net *"_ivl_7", 0 0, L_0x5e0200327ec0;  1 drivers
v0x5e02002d53f0_0 .net *"_ivl_70", 0 0, L_0x5e0200329a10;  1 drivers
v0x5e02002d54d0_0 .net *"_ivl_72", 0 0, L_0x5e0200329ab0;  1 drivers
v0x5e02002d55b0_0 .net *"_ivl_73", 0 0, L_0x5e02003297c0;  1 drivers
v0x5e02002d5690_0 .net *"_ivl_76", 0 0, L_0x5e0200329d20;  1 drivers
v0x5e02002d5770_0 .net *"_ivl_77", 0 0, L_0x5e02003298f0;  1 drivers
v0x5e02002d5a60_0 .net *"_ivl_80", 0 0, L_0x5e0200329e60;  1 drivers
v0x5e02002d5b40_0 .net *"_ivl_81", 0 0, L_0x5e0200329b50;  1 drivers
v0x5e02002d5c20_0 .net *"_ivl_83", 0 0, L_0x5e0200329c90;  1 drivers
v0x5e02002d5d00_0 .net *"_ivl_86", 0 0, L_0x5e020032a190;  1 drivers
v0x5e02002d5de0_0 .net *"_ivl_88", 0 0, L_0x5e020032a340;  1 drivers
v0x5e02002d5ec0_0 .net *"_ivl_90", 0 0, L_0x5e0200329f00;  1 drivers
v0x5e02002d5fa0_0 .net *"_ivl_91", 0 0, L_0x5e020032a4a0;  1 drivers
v0x5e02002d6080_0 .net "a", 3 0, L_0x5e020032a5b0;  1 drivers
v0x5e02002d6160_0 .net "b", 3 0, L_0x5e020032a8d0;  1 drivers
v0x5e02002d6240_0 .net "c", 3 0, L_0x5e0200328e20;  1 drivers
v0x5e02002d6320_0 .net "cin", 0 0, L_0x5e020032a970;  1 drivers
v0x5e02002d63e0_0 .net "cout", 0 0, L_0x5e020032a000;  1 drivers
v0x5e02002d64a0_0 .net "g", 3 0, L_0x5e0200327d40;  1 drivers
v0x5e02002d6580_0 .net "p", 3 0, L_0x5e0200327db0;  1 drivers
v0x5e02002d6660_0 .net "sum", 3 0, L_0x5e020032a700;  1 drivers
L_0x5e0200327f30 .part L_0x5e0200327d40, 0, 1;
L_0x5e0200328020 .part L_0x5e0200327db0, 0, 1;
L_0x5e0200328110 .part L_0x5e0200328e20, 0, 1;
L_0x5e02003283d0 .part L_0x5e0200327d40, 1, 1;
L_0x5e0200328470 .part L_0x5e0200327d40, 0, 1;
L_0x5e0200328510 .part L_0x5e0200327db0, 1, 1;
L_0x5e0200328780 .part L_0x5e0200327db0, 1, 1;
L_0x5e02003288b0 .part L_0x5e0200327db0, 0, 1;
L_0x5e0200328ab0 .part L_0x5e0200328e20, 0, 1;
L_0x5e0200328e20 .concat8 [ 1 1 1 1], L_0x5e0200327ec0, L_0x5e02003282c0, L_0x5e0200328cb0, L_0x5e0200329c90;
L_0x5e0200328fc0 .part L_0x5e0200327d40, 2, 1;
L_0x5e0200329060 .part L_0x5e0200327db0, 2, 1;
L_0x5e0200329170 .part L_0x5e0200327d40, 1, 1;
L_0x5e0200329400 .part L_0x5e0200327db0, 2, 1;
L_0x5e0200329520 .part L_0x5e0200327db0, 1, 1;
L_0x5e0200329720 .part L_0x5e0200327d40, 0, 1;
L_0x5e0200329a10 .part L_0x5e0200327db0, 2, 1;
L_0x5e0200329ab0 .part L_0x5e0200327db0, 1, 1;
L_0x5e0200329d20 .part L_0x5e0200327db0, 0, 1;
L_0x5e0200329e60 .part L_0x5e0200328e20, 0, 1;
L_0x5e020032a190 .part L_0x5e0200327d40, 3, 1;
L_0x5e020032a340 .part L_0x5e0200327db0, 3, 1;
L_0x5e0200329f00 .part L_0x5e0200328e20, 3, 1;
S_0x5e02002d67e0 .scope generate, "cla_block[7]" "cla_block[7]" 6 8, 6 8 0, S_0x5e02002bfb00;
 .timescale 0 0;
P_0x5e02002d6990 .param/l "i" 1 6 8, +C4<0111>;
S_0x5e02002d6a70 .scope generate, "genblk1" "genblk1" 6 9, 6 9 0, S_0x5e02002d67e0;
 .timescale 0 0;
S_0x5e02002d6c50 .scope module, "cla_piece" "cla" 6 13, 6 110 0, S_0x5e02002d6a70;
 .timescale 0 0;
    .port_info 0 /INPUT 4 "a";
    .port_info 1 /INPUT 4 "b";
    .port_info 2 /INPUT 1 "cin";
    .port_info 3 /OUTPUT 1 "cout";
    .port_info 4 /OUTPUT 4 "sum";
L_0x5e020032a830 .functor AND 4, L_0x5e020032d2c0, L_0x5e020032d540, C4<1111>, C4<1111>;
L_0x5e020032aac0 .functor XOR 4, L_0x5e020032d2c0, L_0x5e020032d540, C4<0000>, C4<0000>;
L_0x5e020032abd0 .functor BUFZ 1, L_0x5e020032aa10, C4<0>, C4<0>, C4<0>;
L_0x5e020032aec0 .functor AND 1, L_0x5e020032ad30, L_0x5e020032ae20, C4<1>, C4<1>;
L_0x5e020032afd0 .functor OR 1, L_0x5e020032ac40, L_0x5e020032aec0, C4<0>, C4<0>;
L_0x5e020032b2c0 .functor AND 1, L_0x5e020032b180, L_0x5e020032b220, C4<1>, C4<1>;
L_0x5e020032b380 .functor OR 1, L_0x5e020032b0e0, L_0x5e020032b2c0, C4<0>, C4<0>;
L_0x5e020032b6b0 .functor AND 1, L_0x5e020032b490, L_0x5e020032b5c0, C4<1>, C4<1>;
L_0x5e020032b8b0 .functor AND 1, L_0x5e020032b6b0, L_0x5e020032b7c0, C4<1>, C4<1>;
L_0x5e020032b9c0 .functor OR 1, L_0x5e020032b380, L_0x5e020032b8b0, C4<0>, C4<0>;
L_0x5e020032bf20 .functor AND 1, L_0x5e020032bd70, L_0x5e020032be80, C4<1>, C4<1>;
L_0x5e020032bf90 .functor OR 1, L_0x5e020032bcd0, L_0x5e020032bf20, C4<0>, C4<0>;
L_0x5e020032be10 .functor AND 1, L_0x5e020032c110, L_0x5e020032c230, C4<1>, C4<1>;
L_0x5e020032c1b0 .functor AND 1, L_0x5e020032be10, L_0x5e020032c430, C4<1>, C4<1>;
L_0x5e020032c0a0 .functor OR 1, L_0x5e020032bf90, L_0x5e020032c1b0, C4<0>, C4<0>;
L_0x5e020032c4d0 .functor AND 1, L_0x5e020032c720, L_0x5e020032c7c0, C4<1>, C4<1>;
L_0x5e020032c600 .functor AND 1, L_0x5e020032c4d0, L_0x5e020032ca30, C4<1>, C4<1>;
L_0x5e020032c860 .functor AND 1, L_0x5e020032c600, L_0x5e020032cb70, C4<1>, C4<1>;
L_0x5e020032c9a0 .functor OR 1, L_0x5e020032c0a0, L_0x5e020032c860, C4<0>, C4<0>;
L_0x5e020032d1b0 .functor AND 1, L_0x5e020032d050, L_0x5e020032cc10, C4<1>, C4<1>;
L_0x5e020032cd10 .functor OR 1, L_0x5e020032cea0, L_0x5e020032d1b0, C4<0>, C4<0>;
L_0x5e020032d410 .functor XOR 4, L_0x5e020032aac0, L_0x5e020032bb30, C4<0000>, C4<0000>;
v0x5e02002d6ed0_0 .net *"_ivl_11", 0 0, L_0x5e020032ac40;  1 drivers
v0x5e02002d6fd0_0 .net *"_ivl_13", 0 0, L_0x5e020032ad30;  1 drivers
v0x5e02002d70b0_0 .net *"_ivl_15", 0 0, L_0x5e020032ae20;  1 drivers
v0x5e02002d7170_0 .net *"_ivl_16", 0 0, L_0x5e020032aec0;  1 drivers
v0x5e02002d7250_0 .net *"_ivl_18", 0 0, L_0x5e020032afd0;  1 drivers
v0x5e02002d7380_0 .net *"_ivl_23", 0 0, L_0x5e020032b0e0;  1 drivers
v0x5e02002d7460_0 .net *"_ivl_25", 0 0, L_0x5e020032b180;  1 drivers
v0x5e02002d7540_0 .net *"_ivl_27", 0 0, L_0x5e020032b220;  1 drivers
v0x5e02002d7620_0 .net *"_ivl_28", 0 0, L_0x5e020032b2c0;  1 drivers
v0x5e02002d7700_0 .net *"_ivl_30", 0 0, L_0x5e020032b380;  1 drivers
v0x5e02002d77e0_0 .net *"_ivl_33", 0 0, L_0x5e020032b490;  1 drivers
v0x5e02002d78c0_0 .net *"_ivl_35", 0 0, L_0x5e020032b5c0;  1 drivers
v0x5e02002d79a0_0 .net *"_ivl_36", 0 0, L_0x5e020032b6b0;  1 drivers
v0x5e02002d7a80_0 .net *"_ivl_39", 0 0, L_0x5e020032b7c0;  1 drivers
v0x5e02002d7b60_0 .net *"_ivl_40", 0 0, L_0x5e020032b8b0;  1 drivers
v0x5e02002d7c40_0 .net *"_ivl_42", 0 0, L_0x5e020032b9c0;  1 drivers
v0x5e02002d7d20_0 .net *"_ivl_48", 0 0, L_0x5e020032bcd0;  1 drivers
v0x5e02002d7e00_0 .net *"_ivl_50", 0 0, L_0x5e020032bd70;  1 drivers
v0x5e02002d7ee0_0 .net *"_ivl_52", 0 0, L_0x5e020032be80;  1 drivers
v0x5e02002d7fc0_0 .net *"_ivl_53", 0 0, L_0x5e020032bf20;  1 drivers
v0x5e02002d80a0_0 .net *"_ivl_55", 0 0, L_0x5e020032bf90;  1 drivers
v0x5e02002d8180_0 .net *"_ivl_58", 0 0, L_0x5e020032c110;  1 drivers
v0x5e02002d8260_0 .net *"_ivl_60", 0 0, L_0x5e020032c230;  1 drivers
v0x5e02002d8340_0 .net *"_ivl_61", 0 0, L_0x5e020032be10;  1 drivers
v0x5e02002d8420_0 .net *"_ivl_64", 0 0, L_0x5e020032c430;  1 drivers
v0x5e02002d8500_0 .net *"_ivl_65", 0 0, L_0x5e020032c1b0;  1 drivers
v0x5e02002d85e0_0 .net *"_ivl_67", 0 0, L_0x5e020032c0a0;  1 drivers
v0x5e02002d86c0_0 .net *"_ivl_7", 0 0, L_0x5e020032abd0;  1 drivers
v0x5e02002d87a0_0 .net *"_ivl_70", 0 0, L_0x5e020032c720;  1 drivers
v0x5e02002d8880_0 .net *"_ivl_72", 0 0, L_0x5e020032c7c0;  1 drivers
v0x5e02002d8960_0 .net *"_ivl_73", 0 0, L_0x5e020032c4d0;  1 drivers
v0x5e02002d8a40_0 .net *"_ivl_76", 0 0, L_0x5e020032ca30;  1 drivers
v0x5e02002d8b20_0 .net *"_ivl_77", 0 0, L_0x5e020032c600;  1 drivers
v0x5e02002d8e10_0 .net *"_ivl_80", 0 0, L_0x5e020032cb70;  1 drivers
v0x5e02002d8ef0_0 .net *"_ivl_81", 0 0, L_0x5e020032c860;  1 drivers
v0x5e02002d8fd0_0 .net *"_ivl_83", 0 0, L_0x5e020032c9a0;  1 drivers
v0x5e02002d90b0_0 .net *"_ivl_86", 0 0, L_0x5e020032cea0;  1 drivers
v0x5e02002d9190_0 .net *"_ivl_88", 0 0, L_0x5e020032d050;  1 drivers
v0x5e02002d9270_0 .net *"_ivl_90", 0 0, L_0x5e020032cc10;  1 drivers
v0x5e02002d9350_0 .net *"_ivl_91", 0 0, L_0x5e020032d1b0;  1 drivers
v0x5e02002d9430_0 .net "a", 3 0, L_0x5e020032d2c0;  1 drivers
v0x5e02002d9510_0 .net "b", 3 0, L_0x5e020032d540;  1 drivers
v0x5e02002d95f0_0 .net "c", 3 0, L_0x5e020032bb30;  1 drivers
v0x5e02002d96d0_0 .net "cin", 0 0, L_0x5e020032aa10;  1 drivers
v0x5e02002d9790_0 .net "cout", 0 0, L_0x5e020032cd10;  1 drivers
v0x5e02002d9850_0 .net "g", 3 0, L_0x5e020032a830;  1 drivers
v0x5e02002d9930_0 .net "p", 3 0, L_0x5e020032aac0;  1 drivers
v0x5e02002d9a10_0 .net "sum", 3 0, L_0x5e020032d410;  1 drivers
L_0x5e020032ac40 .part L_0x5e020032a830, 0, 1;
L_0x5e020032ad30 .part L_0x5e020032aac0, 0, 1;
L_0x5e020032ae20 .part L_0x5e020032bb30, 0, 1;
L_0x5e020032b0e0 .part L_0x5e020032a830, 1, 1;
L_0x5e020032b180 .part L_0x5e020032a830, 0, 1;
L_0x5e020032b220 .part L_0x5e020032aac0, 1, 1;
L_0x5e020032b490 .part L_0x5e020032aac0, 1, 1;
L_0x5e020032b5c0 .part L_0x5e020032aac0, 0, 1;
L_0x5e020032b7c0 .part L_0x5e020032bb30, 0, 1;
L_0x5e020032bb30 .concat8 [ 1 1 1 1], L_0x5e020032abd0, L_0x5e020032afd0, L_0x5e020032b9c0, L_0x5e020032c9a0;
L_0x5e020032bcd0 .part L_0x5e020032a830, 2, 1;
L_0x5e020032bd70 .part L_0x5e020032aac0, 2, 1;
L_0x5e020032be80 .part L_0x5e020032a830, 1, 1;
L_0x5e020032c110 .part L_0x5e020032aac0, 2, 1;
L_0x5e020032c230 .part L_0x5e020032aac0, 1, 1;
L_0x5e020032c430 .part L_0x5e020032a830, 0, 1;
L_0x5e020032c720 .part L_0x5e020032aac0, 2, 1;
L_0x5e020032c7c0 .part L_0x5e020032aac0, 1, 1;
L_0x5e020032ca30 .part L_0x5e020032aac0, 0, 1;
L_0x5e020032cb70 .part L_0x5e020032bb30, 0, 1;
L_0x5e020032cea0 .part L_0x5e020032a830, 3, 1;
L_0x5e020032d050 .part L_0x5e020032aac0, 3, 1;
L_0x5e020032cc10 .part L_0x5e020032bb30, 3, 1;
S_0x5e02002d9f90 .scope module, "ander" "and_gate" 5 13, 6 52 0, S_0x5e02002bf880;
 .timescale 0 0;
    .port_info 0 /INPUT 32 "a";
    .port_info 1 /INPUT 32 "b";
    .port_info 2 /OUTPUT 32 "result";
L_0x5e02003455d0 .functor AND 32, v0x5e0200303340_0, v0x5e02003034e0_0, C4<11111111111111111111111111111111>, C4<11111111111111111111111111111111>;
v0x5e02002da170_0 .net "a", 31 0, v0x5e0200303340_0;  alias, 1 drivers
v0x5e02002da250_0 .net "b", 31 0, v0x5e02003034e0_0;  alias, 1 drivers
v0x5e02002da2f0_0 .net "result", 31 0, L_0x5e02003455d0;  alias, 1 drivers
S_0x5e02002da440 .scope module, "orer" "or_gate" 5 12, 6 45 0, S_0x5e02002bf880;
 .timescale 0 0;
    .port_info 0 /INPUT 32 "a";
    .port_info 1 /INPUT 32 "b";
    .port_info 2 /OUTPUT 32 "result";
L_0x5e0200345510 .functor OR 32, v0x5e0200303340_0, v0x5e02003034e0_0, C4<00000000000000000000000000000000>, C4<00000000000000000000000000000000>;
v0x5e02002da6a0_0 .net "a", 31 0, v0x5e0200303340_0;  alias, 1 drivers
v0x5e02002da7b0_0 .net "b", 31 0, v0x5e02003034e0_0;  alias, 1 drivers
v0x5e02002da8c0_0 .net "result", 31 0, L_0x5e0200345510;  alias, 1 drivers
S_0x5e02002daa00 .scope module, "sller" "sll" 5 14, 6 59 0, S_0x5e02002bf880;
 .timescale 0 0;
    .port_info 0 /INPUT 32 "data";
    .port_info 1 /INPUT 5 "shamt";
    .port_info 2 /OUTPUT 32 "result";
v0x5e02002dac30_0 .net "data", 31 0, v0x5e0200303340_0;  alias, 1 drivers
v0x5e02002dad10_0 .net "result", 31 0, L_0x5e0200345690;  alias, 1 drivers
v0x5e02002dadf0_0 .net "shamt", 4 0, L_0x5e0200345780;  1 drivers
L_0x5e0200345690 .shift/l 32, v0x5e0200303340_0, L_0x5e0200345780;
S_0x5e02002daf30 .scope module, "slter" "slt" 5 17, 6 83 0, S_0x5e02002bf880;
 .timescale 0 0;
    .port_info 0 /INPUT 32 "a";
    .port_info 1 /INPUT 32 "b";
    .port_info 2 /OUTPUT 32 "result";
v0x5e02002db1b0_0 .net *"_ivl_0", 0 0, L_0x5e0200346040;  1 drivers
L_0x70d9121282a0 .functor BUFT 1, C4<00000000000000000000000000000001>, C4<0>, C4<0>, C4<0>;
v0x5e02002db290_0 .net/2u *"_ivl_2", 31 0, L_0x70d9121282a0;  1 drivers
L_0x70d9121282e8 .functor BUFT 1, C4<00000000000000000000000000000000>, C4<0>, C4<0>, C4<0>;
v0x5e02002db370_0 .net/2u *"_ivl_4", 31 0, L_0x70d9121282e8;  1 drivers
v0x5e02002db430_0 .net "a", 31 0, v0x5e0200303340_0;  alias, 1 drivers
v0x5e02002db4f0_0 .net "b", 31 0, v0x5e02003034e0_0;  alias, 1 drivers
v0x5e02002db5b0_0 .net "result", 31 0, L_0x5e02003460e0;  alias, 1 drivers
L_0x5e0200346040 .cmp/gt.s 32, v0x5e02003034e0_0, v0x5e0200303340_0;
L_0x5e02003460e0 .functor MUXZ 32, L_0x70d9121282e8, L_0x70d9121282a0, L_0x5e0200346040, C4<>;
S_0x5e02002db710 .scope module, "sltuer" "sltu" 5 18, 6 90 0, S_0x5e02002bf880;
 .timescale 0 0;
    .port_info 0 /INPUT 32 "a";
    .port_info 1 /INPUT 32 "b";
    .port_info 2 /OUTPUT 32 "result";
v0x5e02002db940_0 .net *"_ivl_0", 0 0, L_0x5e02003462c0;  1 drivers
L_0x70d912128330 .functor BUFT 1, C4<00000000000000000000000000000001>, C4<0>, C4<0>, C4<0>;
v0x5e02002dba20_0 .net/2u *"_ivl_2", 31 0, L_0x70d912128330;  1 drivers
L_0x70d912128378 .functor BUFT 1, C4<00000000000000000000000000000000>, C4<0>, C4<0>, C4<0>;
v0x5e02002dbb00_0 .net/2u *"_ivl_4", 31 0, L_0x70d912128378;  1 drivers
v0x5e02002dbbc0_0 .net "a", 31 0, v0x5e0200303340_0;  alias, 1 drivers
v0x5e02002dbc80_0 .net "b", 31 0, v0x5e02003034e0_0;  alias, 1 drivers
v0x5e02002dbe20_0 .net "result", 31 0, L_0x5e0200346770;  alias, 1 drivers
L_0x5e02003462c0 .cmp/gt 32, v0x5e02003034e0_0, v0x5e0200303340_0;
L_0x5e0200346770 .functor MUXZ 32, L_0x70d912128378, L_0x70d912128330, L_0x5e02003462c0, C4<>;
S_0x5e02002dbf80 .scope module, "sraer" "sra" 5 16, 6 75 0, S_0x5e02002bf880;
 .timescale 0 0;
    .port_info 0 /INPUT 32 "data";
    .port_info 1 /INPUT 5 "shamt";
    .port_info 2 /OUTPUT 32 "result";
v0x5e02002dc160_0 .net/s "data", 31 0, v0x5e0200303340_0;  alias, 1 drivers
v0x5e02002dc240_0 .net/s "result", 31 0, L_0x5e0200345e60;  alias, 1 drivers
v0x5e02002dc320_0 .net "shamt", 4 0, L_0x5e0200345f50;  1 drivers
L_0x5e0200345e60 .shift/rs 32, v0x5e0200303340_0, L_0x5e0200345f50;
S_0x5e02002dc460 .scope module, "srler" "srl" 5 15, 6 67 0, S_0x5e02002bf880;
 .timescale 0 0;
    .port_info 0 /INPUT 32 "data";
    .port_info 1 /INPUT 5 "shamt";
    .port_info 2 /OUTPUT 32 "result";
v0x5e02002dc690_0 .net "data", 31 0, v0x5e0200303340_0;  alias, 1 drivers
v0x5e02002dc770_0 .net "result", 31 0, L_0x5e0200345870;  alias, 1 drivers
v0x5e02002dc850_0 .net "shamt", 4 0, L_0x5e0200345d70;  1 drivers
L_0x5e0200345870 .shift/r 32, v0x5e0200303340_0, L_0x5e0200345d70;
S_0x5e02002dc9c0 .scope module, "subber" "sub" 5 10, 6 19 0, S_0x5e02002bf880;
 .timescale 0 0;
    .port_info 0 /INPUT 32 "a";
    .port_info 1 /INPUT 32 "b";
    .port_info 2 /OUTPUT 32 "difference";
v0x5e02002f7490_0 .net "a", 31 0, v0x5e0200303340_0;  alias, 1 drivers
v0x5e02002f7570_0 .net "b", 31 0, v0x5e02003034e0_0;  alias, 1 drivers
v0x5e02002f7630_0 .net "c_outs", 7 0, L_0x5e0200344be0;  1 drivers
v0x5e02002f76f0_0 .net "difference", 31 0, L_0x5e02003449e0;  alias, 1 drivers
L_0x5e0200330830 .part v0x5e0200303340_0, 0, 4;
L_0x5e0200330ab0 .part v0x5e02003034e0_0, 0, 4;
L_0x5e0200333550 .part v0x5e0200303340_0, 4, 4;
L_0x5e02003337d0 .part v0x5e02003034e0_0, 4, 4;
L_0x5e0200333930 .part L_0x5e0200344be0, 0, 1;
L_0x5e0200336290 .part v0x5e0200303340_0, 8, 4;
L_0x5e0200336510 .part v0x5e02003034e0_0, 8, 4;
L_0x5e0200336670 .part L_0x5e0200344be0, 1, 1;
L_0x5e02003390b0 .part v0x5e0200303340_0, 12, 4;
L_0x5e0200339330 .part v0x5e02003034e0_0, 12, 4;
L_0x5e02003394a0 .part L_0x5e0200344be0, 2, 1;
L_0x5e020033be00 .part v0x5e0200303340_0, 16, 4;
L_0x5e020033c0f0 .part v0x5e02003034e0_0, 16, 4;
L_0x5e020033c200 .part L_0x5e0200344be0, 3, 1;
L_0x5e020033ebb0 .part v0x5e0200303340_0, 20, 4;
L_0x5e020033ee30 .part v0x5e02003034e0_0, 20, 4;
L_0x5e020033efb0 .part L_0x5e0200344be0, 4, 1;
L_0x5e0200341910 .part v0x5e0200303340_0, 24, 4;
L_0x5e0200341c30 .part v0x5e02003034e0_0, 24, 4;
L_0x5e0200341d20 .part L_0x5e0200344be0, 5, 1;
L_0x5e02003446c0 .part v0x5e0200303340_0, 28, 4;
L_0x5e0200344940 .part v0x5e02003034e0_0, 28, 4;
L_0x5e0200344af0 .part L_0x5e0200344be0, 6, 1;
LS_0x5e0200344be0_0_0 .concat8 [ 1 1 1 1], L_0x5e0200330280, L_0x5e0200332fa0, L_0x5e0200335ce0, L_0x5e0200338b00;
LS_0x5e0200344be0_0_4 .concat8 [ 1 1 1 1], L_0x5e020033b850, L_0x5e020033e600, L_0x5e0200341360, L_0x5e0200344110;
L_0x5e0200344be0 .concat8 [ 4 4 0 0], LS_0x5e0200344be0_0_0, LS_0x5e0200344be0_0_4;
LS_0x5e02003449e0_0_0 .concat8 [ 4 4 4 4], L_0x5e0200330980, L_0x5e02003336a0, L_0x5e02003363e0, L_0x5e0200339200;
LS_0x5e02003449e0_0_4 .concat8 [ 4 4 4 4], L_0x5e020033bf50, L_0x5e020033ed00, L_0x5e0200341a60, L_0x5e0200344810;
L_0x5e02003449e0 .concat8 [ 16 16 0 0], LS_0x5e02003449e0_0_0, LS_0x5e02003449e0_0_4;
S_0x5e02002dcc30 .scope generate, "cla_block[0]" "cla_block[0]" 6 26, 6 26 0, S_0x5e02002dc9c0;
 .timescale 0 0;
P_0x5e02002dce50 .param/l "i" 1 6 26, +C4<00>;
S_0x5e02002dcf30 .scope generate, "genblk1" "genblk1" 6 27, 6 27 0, S_0x5e02002dcc30;
 .timescale 0 0;
L_0x5e0200330b50 .functor NOT 4, L_0x5e0200330ab0, C4<0000>, C4<0000>, C4<0000>;
v0x5e02002e0140_0 .net *"_ivl_1", 3 0, L_0x5e0200330ab0;  1 drivers
S_0x5e02002dd110 .scope module, "cla_piece" "cla" 6 28, 6 110 0, S_0x5e02002dcf30;
 .timescale 0 0;
    .port_info 0 /INPUT 4 "a";
    .port_info 1 /INPUT 4 "b";
    .port_info 2 /INPUT 1 "cin";
    .port_info 3 /OUTPUT 1 "cout";
    .port_info 4 /OUTPUT 4 "sum";
L_0x5e020032e010 .functor AND 4, L_0x5e0200330830, L_0x5e0200330b50, C4<1111>, C4<1111>;
L_0x5e020032e080 .functor XOR 4, L_0x5e0200330830, L_0x5e0200330b50, C4<0000>, C4<0000>;
L_0x70d912128258 .functor BUFT 1, C4<1>, C4<0>, C4<0>, C4<0>;
L_0x5e020032e190 .functor BUFZ 1, L_0x70d912128258, C4<0>, C4<0>, C4<0>;
L_0x5e020032e480 .functor AND 1, L_0x5e020032e2f0, L_0x5e020032e3e0, C4<1>, C4<1>;
L_0x5e020032e590 .functor OR 1, L_0x5e020032e200, L_0x5e020032e480, C4<0>, C4<0>;
L_0x5e020032e880 .functor AND 1, L_0x5e020032e740, L_0x5e020032e7e0, C4<1>, C4<1>;
L_0x5e020032e980 .functor OR 1, L_0x5e020032e6a0, L_0x5e020032e880, C4<0>, C4<0>;
L_0x5e020032ec20 .functor AND 1, L_0x5e020032ea90, L_0x5e020032eb30, C4<1>, C4<1>;
L_0x5e020032ee20 .functor AND 1, L_0x5e020032ec20, L_0x5e020032ed30, C4<1>, C4<1>;
L_0x5e020032ef30 .functor OR 1, L_0x5e020032e980, L_0x5e020032ee20, C4<0>, C4<0>;
L_0x5e020032f490 .functor AND 1, L_0x5e020032f2e0, L_0x5e020032f3f0, C4<1>, C4<1>;
L_0x5e020032f500 .functor OR 1, L_0x5e020032f240, L_0x5e020032f490, C4<0>, C4<0>;
L_0x5e020032f380 .functor AND 1, L_0x5e020032f680, L_0x5e020032f7a0, C4<1>, C4<1>;
L_0x5e020032f720 .functor AND 1, L_0x5e020032f380, L_0x5e020032f9a0, C4<1>, C4<1>;
L_0x5e020032f610 .functor OR 1, L_0x5e020032f500, L_0x5e020032f720, C4<0>, C4<0>;
L_0x5e020032fa40 .functor AND 1, L_0x5e020032fc90, L_0x5e020032fd30, C4<1>, C4<1>;
L_0x5e020032fb70 .functor AND 1, L_0x5e020032fa40, L_0x5e020032ffa0, C4<1>, C4<1>;
L_0x5e020032fdd0 .functor AND 1, L_0x5e020032fb70, L_0x5e02003300e0, C4<1>, C4<1>;
L_0x5e020032ff10 .functor OR 1, L_0x5e020032f610, L_0x5e020032fdd0, C4<0>, C4<0>;
L_0x5e0200330720 .functor AND 1, L_0x5e02003305c0, L_0x5e0200330180, C4<1>, C4<1>;
L_0x5e0200330280 .functor OR 1, L_0x5e0200330410, L_0x5e0200330720, C4<0>, C4<0>;
L_0x5e0200330980 .functor XOR 4, L_0x5e020032e080, L_0x5e020032f0a0, C4<0000>, C4<0000>;
v0x5e02002dd3c0_0 .net *"_ivl_11", 0 0, L_0x5e020032e200;  1 drivers
v0x5e02002dd4c0_0 .net *"_ivl_13", 0 0, L_0x5e020032e2f0;  1 drivers
v0x5e02002dd5a0_0 .net *"_ivl_15", 0 0, L_0x5e020032e3e0;  1 drivers
v0x5e02002dd690_0 .net *"_ivl_16", 0 0, L_0x5e020032e480;  1 drivers
v0x5e02002dd770_0 .net *"_ivl_18", 0 0, L_0x5e020032e590;  1 drivers
v0x5e02002dd8a0_0 .net *"_ivl_23", 0 0, L_0x5e020032e6a0;  1 drivers
v0x5e02002dd980_0 .net *"_ivl_25", 0 0, L_0x5e020032e740;  1 drivers
v0x5e02002dda60_0 .net *"_ivl_27", 0 0, L_0x5e020032e7e0;  1 drivers
v0x5e02002ddb40_0 .net *"_ivl_28", 0 0, L_0x5e020032e880;  1 drivers
v0x5e02002ddcb0_0 .net *"_ivl_30", 0 0, L_0x5e020032e980;  1 drivers
v0x5e02002ddd90_0 .net *"_ivl_33", 0 0, L_0x5e020032ea90;  1 drivers
v0x5e02002dde70_0 .net *"_ivl_35", 0 0, L_0x5e020032eb30;  1 drivers
v0x5e02002ddf50_0 .net *"_ivl_36", 0 0, L_0x5e020032ec20;  1 drivers
v0x5e02002de030_0 .net *"_ivl_39", 0 0, L_0x5e020032ed30;  1 drivers
v0x5e02002de110_0 .net *"_ivl_40", 0 0, L_0x5e020032ee20;  1 drivers
v0x5e02002de1f0_0 .net *"_ivl_42", 0 0, L_0x5e020032ef30;  1 drivers
v0x5e02002de2d0_0 .net *"_ivl_48", 0 0, L_0x5e020032f240;  1 drivers
v0x5e02002de3b0_0 .net *"_ivl_50", 0 0, L_0x5e020032f2e0;  1 drivers
v0x5e02002de490_0 .net *"_ivl_52", 0 0, L_0x5e020032f3f0;  1 drivers
v0x5e02002de570_0 .net *"_ivl_53", 0 0, L_0x5e020032f490;  1 drivers
v0x5e02002de650_0 .net *"_ivl_55", 0 0, L_0x5e020032f500;  1 drivers
v0x5e02002de730_0 .net *"_ivl_58", 0 0, L_0x5e020032f680;  1 drivers
v0x5e02002de810_0 .net *"_ivl_60", 0 0, L_0x5e020032f7a0;  1 drivers
v0x5e02002de8f0_0 .net *"_ivl_61", 0 0, L_0x5e020032f380;  1 drivers
v0x5e02002de9d0_0 .net *"_ivl_64", 0 0, L_0x5e020032f9a0;  1 drivers
v0x5e02002deab0_0 .net *"_ivl_65", 0 0, L_0x5e020032f720;  1 drivers
v0x5e02002deb90_0 .net *"_ivl_67", 0 0, L_0x5e020032f610;  1 drivers
v0x5e02002dec70_0 .net *"_ivl_7", 0 0, L_0x5e020032e190;  1 drivers
v0x5e02002ded50_0 .net *"_ivl_70", 0 0, L_0x5e020032fc90;  1 drivers
v0x5e02002dee30_0 .net *"_ivl_72", 0 0, L_0x5e020032fd30;  1 drivers
v0x5e02002def10_0 .net *"_ivl_73", 0 0, L_0x5e020032fa40;  1 drivers
v0x5e02002deff0_0 .net *"_ivl_76", 0 0, L_0x5e020032ffa0;  1 drivers
v0x5e02002df0d0_0 .net *"_ivl_77", 0 0, L_0x5e020032fb70;  1 drivers
v0x5e02002df3c0_0 .net *"_ivl_80", 0 0, L_0x5e02003300e0;  1 drivers
v0x5e02002df4a0_0 .net *"_ivl_81", 0 0, L_0x5e020032fdd0;  1 drivers
v0x5e02002df580_0 .net *"_ivl_83", 0 0, L_0x5e020032ff10;  1 drivers
v0x5e02002df660_0 .net *"_ivl_86", 0 0, L_0x5e0200330410;  1 drivers
v0x5e02002df740_0 .net *"_ivl_88", 0 0, L_0x5e02003305c0;  1 drivers
v0x5e02002df820_0 .net *"_ivl_90", 0 0, L_0x5e0200330180;  1 drivers
v0x5e02002df900_0 .net *"_ivl_91", 0 0, L_0x5e0200330720;  1 drivers
v0x5e02002df9e0_0 .net "a", 3 0, L_0x5e0200330830;  1 drivers
v0x5e02002dfac0_0 .net "b", 3 0, L_0x5e0200330b50;  1 drivers
v0x5e02002dfba0_0 .net "c", 3 0, L_0x5e020032f0a0;  1 drivers
v0x5e02002dfc80_0 .net "cin", 0 0, L_0x70d912128258;  1 drivers
v0x5e02002dfd40_0 .net "cout", 0 0, L_0x5e0200330280;  1 drivers
v0x5e02002dfe00_0 .net "g", 3 0, L_0x5e020032e010;  1 drivers
v0x5e02002dfee0_0 .net "p", 3 0, L_0x5e020032e080;  1 drivers
v0x5e02002dffc0_0 .net "sum", 3 0, L_0x5e0200330980;  1 drivers
L_0x5e020032e200 .part L_0x5e020032e010, 0, 1;
L_0x5e020032e2f0 .part L_0x5e020032e080, 0, 1;
L_0x5e020032e3e0 .part L_0x5e020032f0a0, 0, 1;
L_0x5e020032e6a0 .part L_0x5e020032e010, 1, 1;
L_0x5e020032e740 .part L_0x5e020032e010, 0, 1;
L_0x5e020032e7e0 .part L_0x5e020032e080, 1, 1;
L_0x5e020032ea90 .part L_0x5e020032e080, 1, 1;
L_0x5e020032eb30 .part L_0x5e020032e080, 0, 1;
L_0x5e020032ed30 .part L_0x5e020032f0a0, 0, 1;
L_0x5e020032f0a0 .concat8 [ 1 1 1 1], L_0x5e020032e190, L_0x5e020032e590, L_0x5e020032ef30, L_0x5e020032ff10;
L_0x5e020032f240 .part L_0x5e020032e010, 2, 1;
L_0x5e020032f2e0 .part L_0x5e020032e080, 2, 1;
L_0x5e020032f3f0 .part L_0x5e020032e010, 1, 1;
L_0x5e020032f680 .part L_0x5e020032e080, 2, 1;
L_0x5e020032f7a0 .part L_0x5e020032e080, 1, 1;
L_0x5e020032f9a0 .part L_0x5e020032e010, 0, 1;
L_0x5e020032fc90 .part L_0x5e020032e080, 2, 1;
L_0x5e020032fd30 .part L_0x5e020032e080, 1, 1;
L_0x5e020032ffa0 .part L_0x5e020032e080, 0, 1;
L_0x5e02003300e0 .part L_0x5e020032f0a0, 0, 1;
L_0x5e0200330410 .part L_0x5e020032e010, 3, 1;
L_0x5e02003305c0 .part L_0x5e020032e080, 3, 1;
L_0x5e0200330180 .part L_0x5e020032f0a0, 3, 1;
S_0x5e02002e0240 .scope generate, "cla_block[1]" "cla_block[1]" 6 26, 6 26 0, S_0x5e02002dc9c0;
 .timescale 0 0;
P_0x5e02002e0410 .param/l "i" 1 6 26, +C4<01>;
S_0x5e02002e04d0 .scope generate, "genblk1" "genblk1" 6 27, 6 27 0, S_0x5e02002e0240;
 .timescale 0 0;
L_0x5e0200333870 .functor NOT 4, L_0x5e02003337d0, C4<0000>, C4<0000>, C4<0000>;
v0x5e02002e3620_0 .net *"_ivl_1", 3 0, L_0x5e02003337d0;  1 drivers
S_0x5e02002e06b0 .scope module, "cla_piece" "cla" 6 31, 6 110 0, S_0x5e02002e04d0;
 .timescale 0 0;
    .port_info 0 /INPUT 4 "a";
    .port_info 1 /INPUT 4 "b";
    .port_info 2 /INPUT 1 "cin";
    .port_info 3 /OUTPUT 1 "cout";
    .port_info 4 /OUTPUT 4 "sum";
L_0x5e0200330c60 .functor AND 4, L_0x5e0200333550, L_0x5e0200333870, C4<1111>, C4<1111>;
L_0x5e0200330cd0 .functor XOR 4, L_0x5e0200333550, L_0x5e0200333870, C4<0000>, C4<0000>;
L_0x5e0200330d90 .functor BUFZ 1, L_0x5e0200333930, C4<0>, C4<0>, C4<0>;
L_0x5e0200331080 .functor AND 1, L_0x5e0200330ef0, L_0x5e0200330fe0, C4<1>, C4<1>;
L_0x5e0200331190 .functor OR 1, L_0x5e0200330e00, L_0x5e0200331080, C4<0>, C4<0>;
L_0x5e0200331510 .functor AND 1, L_0x5e0200331340, L_0x5e0200331470, C4<1>, C4<1>;
L_0x5e0200331610 .functor OR 1, L_0x5e02003312a0, L_0x5e0200331510, C4<0>, C4<0>;
L_0x5e0200331940 .functor AND 1, L_0x5e0200331720, L_0x5e0200331850, C4<1>, C4<1>;
L_0x5e0200331b40 .functor AND 1, L_0x5e0200331940, L_0x5e0200331a50, C4<1>, C4<1>;
L_0x5e0200331c50 .functor OR 1, L_0x5e0200331610, L_0x5e0200331b40, C4<0>, C4<0>;
L_0x5e02003321b0 .functor AND 1, L_0x5e0200332000, L_0x5e0200332110, C4<1>, C4<1>;
L_0x5e0200332220 .functor OR 1, L_0x5e0200331f60, L_0x5e02003321b0, C4<0>, C4<0>;
L_0x5e02003320a0 .functor AND 1, L_0x5e02003323a0, L_0x5e02003324c0, C4<1>, C4<1>;
L_0x5e0200332440 .functor AND 1, L_0x5e02003320a0, L_0x5e02003326c0, C4<1>, C4<1>;
L_0x5e0200332330 .functor OR 1, L_0x5e0200332220, L_0x5e0200332440, C4<0>, C4<0>;
L_0x5e0200332760 .functor AND 1, L_0x5e02003329b0, L_0x5e0200332a50, C4<1>, C4<1>;
L_0x5e0200332890 .functor AND 1, L_0x5e0200332760, L_0x5e0200332cc0, C4<1>, C4<1>;
L_0x5e0200332af0 .functor AND 1, L_0x5e0200332890, L_0x5e0200332e00, C4<1>, C4<1>;
L_0x5e0200332c30 .functor OR 1, L_0x5e0200332330, L_0x5e0200332af0, C4<0>, C4<0>;
L_0x5e0200333440 .functor AND 1, L_0x5e02003332e0, L_0x5e0200332ea0, C4<1>, C4<1>;
L_0x5e0200332fa0 .functor OR 1, L_0x5e0200333130, L_0x5e0200333440, C4<0>, C4<0>;
L_0x5e02003336a0 .functor XOR 4, L_0x5e0200330cd0, L_0x5e0200331dc0, C4<0000>, C4<0000>;
v0x5e02002e0930_0 .net *"_ivl_11", 0 0, L_0x5e0200330e00;  1 drivers
v0x5e02002e0a30_0 .net *"_ivl_13", 0 0, L_0x5e0200330ef0;  1 drivers
v0x5e02002e0b10_0 .net *"_ivl_15", 0 0, L_0x5e0200330fe0;  1 drivers
v0x5e02002e0c00_0 .net *"_ivl_16", 0 0, L_0x5e0200331080;  1 drivers
v0x5e02002e0ce0_0 .net *"_ivl_18", 0 0, L_0x5e0200331190;  1 drivers
v0x5e02002e0e10_0 .net *"_ivl_23", 0 0, L_0x5e02003312a0;  1 drivers
v0x5e02002e0ef0_0 .net *"_ivl_25", 0 0, L_0x5e0200331340;  1 drivers
v0x5e02002e0fd0_0 .net *"_ivl_27", 0 0, L_0x5e0200331470;  1 drivers
v0x5e02002e10b0_0 .net *"_ivl_28", 0 0, L_0x5e0200331510;  1 drivers
v0x5e02002e1190_0 .net *"_ivl_30", 0 0, L_0x5e0200331610;  1 drivers
v0x5e02002e1270_0 .net *"_ivl_33", 0 0, L_0x5e0200331720;  1 drivers
v0x5e02002e1350_0 .net *"_ivl_35", 0 0, L_0x5e0200331850;  1 drivers
v0x5e02002e1430_0 .net *"_ivl_36", 0 0, L_0x5e0200331940;  1 drivers
v0x5e02002e1510_0 .net *"_ivl_39", 0 0, L_0x5e0200331a50;  1 drivers
v0x5e02002e15f0_0 .net *"_ivl_40", 0 0, L_0x5e0200331b40;  1 drivers
v0x5e02002e16d0_0 .net *"_ivl_42", 0 0, L_0x5e0200331c50;  1 drivers
v0x5e02002e17b0_0 .net *"_ivl_48", 0 0, L_0x5e0200331f60;  1 drivers
v0x5e02002e1890_0 .net *"_ivl_50", 0 0, L_0x5e0200332000;  1 drivers
v0x5e02002e1970_0 .net *"_ivl_52", 0 0, L_0x5e0200332110;  1 drivers
v0x5e02002e1a50_0 .net *"_ivl_53", 0 0, L_0x5e02003321b0;  1 drivers
v0x5e02002e1b30_0 .net *"_ivl_55", 0 0, L_0x5e0200332220;  1 drivers
v0x5e02002e1c10_0 .net *"_ivl_58", 0 0, L_0x5e02003323a0;  1 drivers
v0x5e02002e1cf0_0 .net *"_ivl_60", 0 0, L_0x5e02003324c0;  1 drivers
v0x5e02002e1dd0_0 .net *"_ivl_61", 0 0, L_0x5e02003320a0;  1 drivers
v0x5e02002e1eb0_0 .net *"_ivl_64", 0 0, L_0x5e02003326c0;  1 drivers
v0x5e02002e1f90_0 .net *"_ivl_65", 0 0, L_0x5e0200332440;  1 drivers
v0x5e02002e2070_0 .net *"_ivl_67", 0 0, L_0x5e0200332330;  1 drivers
v0x5e02002e2150_0 .net *"_ivl_7", 0 0, L_0x5e0200330d90;  1 drivers
v0x5e02002e2230_0 .net *"_ivl_70", 0 0, L_0x5e02003329b0;  1 drivers
v0x5e02002e2310_0 .net *"_ivl_72", 0 0, L_0x5e0200332a50;  1 drivers
v0x5e02002e23f0_0 .net *"_ivl_73", 0 0, L_0x5e0200332760;  1 drivers
v0x5e02002e24d0_0 .net *"_ivl_76", 0 0, L_0x5e0200332cc0;  1 drivers
v0x5e02002e25b0_0 .net *"_ivl_77", 0 0, L_0x5e0200332890;  1 drivers
v0x5e02002e28a0_0 .net *"_ivl_80", 0 0, L_0x5e0200332e00;  1 drivers
v0x5e02002e2980_0 .net *"_ivl_81", 0 0, L_0x5e0200332af0;  1 drivers
v0x5e02002e2a60_0 .net *"_ivl_83", 0 0, L_0x5e0200332c30;  1 drivers
v0x5e02002e2b40_0 .net *"_ivl_86", 0 0, L_0x5e0200333130;  1 drivers
v0x5e02002e2c20_0 .net *"_ivl_88", 0 0, L_0x5e02003332e0;  1 drivers
v0x5e02002e2d00_0 .net *"_ivl_90", 0 0, L_0x5e0200332ea0;  1 drivers
v0x5e02002e2de0_0 .net *"_ivl_91", 0 0, L_0x5e0200333440;  1 drivers
v0x5e02002e2ec0_0 .net "a", 3 0, L_0x5e0200333550;  1 drivers
v0x5e02002e2fa0_0 .net "b", 3 0, L_0x5e0200333870;  1 drivers
v0x5e02002e3080_0 .net "c", 3 0, L_0x5e0200331dc0;  1 drivers
v0x5e02002e3160_0 .net "cin", 0 0, L_0x5e0200333930;  1 drivers
v0x5e02002e3220_0 .net "cout", 0 0, L_0x5e0200332fa0;  1 drivers
v0x5e02002e32e0_0 .net "g", 3 0, L_0x5e0200330c60;  1 drivers
v0x5e02002e33c0_0 .net "p", 3 0, L_0x5e0200330cd0;  1 drivers
v0x5e02002e34a0_0 .net "sum", 3 0, L_0x5e02003336a0;  1 drivers
L_0x5e0200330e00 .part L_0x5e0200330c60, 0, 1;
L_0x5e0200330ef0 .part L_0x5e0200330cd0, 0, 1;
L_0x5e0200330fe0 .part L_0x5e0200331dc0, 0, 1;
L_0x5e02003312a0 .part L_0x5e0200330c60, 1, 1;
L_0x5e0200331340 .part L_0x5e0200330c60, 0, 1;
L_0x5e0200331470 .part L_0x5e0200330cd0, 1, 1;
L_0x5e0200331720 .part L_0x5e0200330cd0, 1, 1;
L_0x5e0200331850 .part L_0x5e0200330cd0, 0, 1;
L_0x5e0200331a50 .part L_0x5e0200331dc0, 0, 1;
L_0x5e0200331dc0 .concat8 [ 1 1 1 1], L_0x5e0200330d90, L_0x5e0200331190, L_0x5e0200331c50, L_0x5e0200332c30;
L_0x5e0200331f60 .part L_0x5e0200330c60, 2, 1;
L_0x5e0200332000 .part L_0x5e0200330cd0, 2, 1;
L_0x5e0200332110 .part L_0x5e0200330c60, 1, 1;
L_0x5e02003323a0 .part L_0x5e0200330cd0, 2, 1;
L_0x5e02003324c0 .part L_0x5e0200330cd0, 1, 1;
L_0x5e02003326c0 .part L_0x5e0200330c60, 0, 1;
L_0x5e02003329b0 .part L_0x5e0200330cd0, 2, 1;
L_0x5e0200332a50 .part L_0x5e0200330cd0, 1, 1;
L_0x5e0200332cc0 .part L_0x5e0200330cd0, 0, 1;
L_0x5e0200332e00 .part L_0x5e0200331dc0, 0, 1;
L_0x5e0200333130 .part L_0x5e0200330c60, 3, 1;
L_0x5e02003332e0 .part L_0x5e0200330cd0, 3, 1;
L_0x5e0200332ea0 .part L_0x5e0200331dc0, 3, 1;
S_0x5e02002e3720 .scope generate, "cla_block[2]" "cla_block[2]" 6 26, 6 26 0, S_0x5e02002dc9c0;
 .timescale 0 0;
P_0x5e02002e38d0 .param/l "i" 1 6 26, +C4<010>;
S_0x5e02002e3990 .scope generate, "genblk1" "genblk1" 6 27, 6 27 0, S_0x5e02002e3720;
 .timescale 0 0;
L_0x5e02003365b0 .functor NOT 4, L_0x5e0200336510, C4<0000>, C4<0000>, C4<0000>;
v0x5e02002e6b10_0 .net *"_ivl_1", 3 0, L_0x5e0200336510;  1 drivers
S_0x5e02002e3b70 .scope module, "cla_piece" "cla" 6 31, 6 110 0, S_0x5e02002e3990;
 .timescale 0 0;
    .port_info 0 /INPUT 4 "a";
    .port_info 1 /INPUT 4 "b";
    .port_info 2 /INPUT 1 "cin";
    .port_info 3 /OUTPUT 1 "cout";
    .port_info 4 /OUTPUT 4 "sum";
L_0x5e0200333a20 .functor AND 4, L_0x5e0200336290, L_0x5e02003365b0, C4<1111>, C4<1111>;
L_0x5e0200333a90 .functor XOR 4, L_0x5e0200336290, L_0x5e02003365b0, C4<0000>, C4<0000>;
L_0x5e0200333ba0 .functor BUFZ 1, L_0x5e0200336670, C4<0>, C4<0>, C4<0>;
L_0x5e0200333e90 .functor AND 1, L_0x5e0200333d00, L_0x5e0200333df0, C4<1>, C4<1>;
L_0x5e0200333fa0 .functor OR 1, L_0x5e0200333c10, L_0x5e0200333e90, C4<0>, C4<0>;
L_0x5e0200334290 .functor AND 1, L_0x5e0200334150, L_0x5e02003341f0, C4<1>, C4<1>;
L_0x5e0200334350 .functor OR 1, L_0x5e02003340b0, L_0x5e0200334290, C4<0>, C4<0>;
L_0x5e0200334680 .functor AND 1, L_0x5e0200334460, L_0x5e0200334590, C4<1>, C4<1>;
L_0x5e0200334880 .functor AND 1, L_0x5e0200334680, L_0x5e0200334790, C4<1>, C4<1>;
L_0x5e0200334990 .functor OR 1, L_0x5e0200334350, L_0x5e0200334880, C4<0>, C4<0>;
L_0x5e0200334ef0 .functor AND 1, L_0x5e0200334d40, L_0x5e0200334e50, C4<1>, C4<1>;
L_0x5e0200334f60 .functor OR 1, L_0x5e0200334ca0, L_0x5e0200334ef0, C4<0>, C4<0>;
L_0x5e0200334de0 .functor AND 1, L_0x5e02003350e0, L_0x5e0200335200, C4<1>, C4<1>;
L_0x5e0200335180 .functor AND 1, L_0x5e0200334de0, L_0x5e0200335400, C4<1>, C4<1>;
L_0x5e0200335070 .functor OR 1, L_0x5e0200334f60, L_0x5e0200335180, C4<0>, C4<0>;
L_0x5e02003354a0 .functor AND 1, L_0x5e02003356f0, L_0x5e0200335790, C4<1>, C4<1>;
L_0x5e02003355d0 .functor AND 1, L_0x5e02003354a0, L_0x5e0200335a00, C4<1>, C4<1>;
L_0x5e0200335830 .functor AND 1, L_0x5e02003355d0, L_0x5e0200335b40, C4<1>, C4<1>;
L_0x5e0200335970 .functor OR 1, L_0x5e0200335070, L_0x5e0200335830, C4<0>, C4<0>;
L_0x5e0200336180 .functor AND 1, L_0x5e0200336020, L_0x5e0200335be0, C4<1>, C4<1>;
L_0x5e0200335ce0 .functor OR 1, L_0x5e0200335e70, L_0x5e0200336180, C4<0>, C4<0>;
L_0x5e02003363e0 .functor XOR 4, L_0x5e0200333a90, L_0x5e0200334b00, C4<0000>, C4<0000>;
v0x5e02002e3e20_0 .net *"_ivl_11", 0 0, L_0x5e0200333c10;  1 drivers
v0x5e02002e3f20_0 .net *"_ivl_13", 0 0, L_0x5e0200333d00;  1 drivers
v0x5e02002e4000_0 .net *"_ivl_15", 0 0, L_0x5e0200333df0;  1 drivers
v0x5e02002e40f0_0 .net *"_ivl_16", 0 0, L_0x5e0200333e90;  1 drivers
v0x5e02002e41d0_0 .net *"_ivl_18", 0 0, L_0x5e0200333fa0;  1 drivers
v0x5e02002e4300_0 .net *"_ivl_23", 0 0, L_0x5e02003340b0;  1 drivers
v0x5e02002e43e0_0 .net *"_ivl_25", 0 0, L_0x5e0200334150;  1 drivers
v0x5e02002e44c0_0 .net *"_ivl_27", 0 0, L_0x5e02003341f0;  1 drivers
v0x5e02002e45a0_0 .net *"_ivl_28", 0 0, L_0x5e0200334290;  1 drivers
v0x5e02002e4680_0 .net *"_ivl_30", 0 0, L_0x5e0200334350;  1 drivers
v0x5e02002e4760_0 .net *"_ivl_33", 0 0, L_0x5e0200334460;  1 drivers
v0x5e02002e4840_0 .net *"_ivl_35", 0 0, L_0x5e0200334590;  1 drivers
v0x5e02002e4920_0 .net *"_ivl_36", 0 0, L_0x5e0200334680;  1 drivers
v0x5e02002e4a00_0 .net *"_ivl_39", 0 0, L_0x5e0200334790;  1 drivers
v0x5e02002e4ae0_0 .net *"_ivl_40", 0 0, L_0x5e0200334880;  1 drivers
v0x5e02002e4bc0_0 .net *"_ivl_42", 0 0, L_0x5e0200334990;  1 drivers
v0x5e02002e4ca0_0 .net *"_ivl_48", 0 0, L_0x5e0200334ca0;  1 drivers
v0x5e02002e4d80_0 .net *"_ivl_50", 0 0, L_0x5e0200334d40;  1 drivers
v0x5e02002e4e60_0 .net *"_ivl_52", 0 0, L_0x5e0200334e50;  1 drivers
v0x5e02002e4f40_0 .net *"_ivl_53", 0 0, L_0x5e0200334ef0;  1 drivers
v0x5e02002e5020_0 .net *"_ivl_55", 0 0, L_0x5e0200334f60;  1 drivers
v0x5e02002e5100_0 .net *"_ivl_58", 0 0, L_0x5e02003350e0;  1 drivers
v0x5e02002e51e0_0 .net *"_ivl_60", 0 0, L_0x5e0200335200;  1 drivers
v0x5e02002e52c0_0 .net *"_ivl_61", 0 0, L_0x5e0200334de0;  1 drivers
v0x5e02002e53a0_0 .net *"_ivl_64", 0 0, L_0x5e0200335400;  1 drivers
v0x5e02002e5480_0 .net *"_ivl_65", 0 0, L_0x5e0200335180;  1 drivers
v0x5e02002e5560_0 .net *"_ivl_67", 0 0, L_0x5e0200335070;  1 drivers
v0x5e02002e5640_0 .net *"_ivl_7", 0 0, L_0x5e0200333ba0;  1 drivers
v0x5e02002e5720_0 .net *"_ivl_70", 0 0, L_0x5e02003356f0;  1 drivers
v0x5e02002e5800_0 .net *"_ivl_72", 0 0, L_0x5e0200335790;  1 drivers
v0x5e02002e58e0_0 .net *"_ivl_73", 0 0, L_0x5e02003354a0;  1 drivers
v0x5e02002e59c0_0 .net *"_ivl_76", 0 0, L_0x5e0200335a00;  1 drivers
v0x5e02002e5aa0_0 .net *"_ivl_77", 0 0, L_0x5e02003355d0;  1 drivers
v0x5e02002e5d90_0 .net *"_ivl_80", 0 0, L_0x5e0200335b40;  1 drivers
v0x5e02002e5e70_0 .net *"_ivl_81", 0 0, L_0x5e0200335830;  1 drivers
v0x5e02002e5f50_0 .net *"_ivl_83", 0 0, L_0x5e0200335970;  1 drivers
v0x5e02002e6030_0 .net *"_ivl_86", 0 0, L_0x5e0200335e70;  1 drivers
v0x5e02002e6110_0 .net *"_ivl_88", 0 0, L_0x5e0200336020;  1 drivers
v0x5e02002e61f0_0 .net *"_ivl_90", 0 0, L_0x5e0200335be0;  1 drivers
v0x5e02002e62d0_0 .net *"_ivl_91", 0 0, L_0x5e0200336180;  1 drivers
v0x5e02002e63b0_0 .net "a", 3 0, L_0x5e0200336290;  1 drivers
v0x5e02002e6490_0 .net "b", 3 0, L_0x5e02003365b0;  1 drivers
v0x5e02002e6570_0 .net "c", 3 0, L_0x5e0200334b00;  1 drivers
v0x5e02002e6650_0 .net "cin", 0 0, L_0x5e0200336670;  1 drivers
v0x5e02002e6710_0 .net "cout", 0 0, L_0x5e0200335ce0;  1 drivers
v0x5e02002e67d0_0 .net "g", 3 0, L_0x5e0200333a20;  1 drivers
v0x5e02002e68b0_0 .net "p", 3 0, L_0x5e0200333a90;  1 drivers
v0x5e02002e6990_0 .net "sum", 3 0, L_0x5e02003363e0;  1 drivers
L_0x5e0200333c10 .part L_0x5e0200333a20, 0, 1;
L_0x5e0200333d00 .part L_0x5e0200333a90, 0, 1;
L_0x5e0200333df0 .part L_0x5e0200334b00, 0, 1;
L_0x5e02003340b0 .part L_0x5e0200333a20, 1, 1;
L_0x5e0200334150 .part L_0x5e0200333a20, 0, 1;
L_0x5e02003341f0 .part L_0x5e0200333a90, 1, 1;
L_0x5e0200334460 .part L_0x5e0200333a90, 1, 1;
L_0x5e0200334590 .part L_0x5e0200333a90, 0, 1;
L_0x5e0200334790 .part L_0x5e0200334b00, 0, 1;
L_0x5e0200334b00 .concat8 [ 1 1 1 1], L_0x5e0200333ba0, L_0x5e0200333fa0, L_0x5e0200334990, L_0x5e0200335970;
L_0x5e0200334ca0 .part L_0x5e0200333a20, 2, 1;
L_0x5e0200334d40 .part L_0x5e0200333a90, 2, 1;
L_0x5e0200334e50 .part L_0x5e0200333a20, 1, 1;
L_0x5e02003350e0 .part L_0x5e0200333a90, 2, 1;
L_0x5e0200335200 .part L_0x5e0200333a90, 1, 1;
L_0x5e0200335400 .part L_0x5e0200333a20, 0, 1;
L_0x5e02003356f0 .part L_0x5e0200333a90, 2, 1;
L_0x5e0200335790 .part L_0x5e0200333a90, 1, 1;
L_0x5e0200335a00 .part L_0x5e0200333a90, 0, 1;
L_0x5e0200335b40 .part L_0x5e0200334b00, 0, 1;
L_0x5e0200335e70 .part L_0x5e0200333a20, 3, 1;
L_0x5e0200336020 .part L_0x5e0200333a90, 3, 1;
L_0x5e0200335be0 .part L_0x5e0200334b00, 3, 1;
S_0x5e02002e6c10 .scope generate, "cla_block[3]" "cla_block[3]" 6 26, 6 26 0, S_0x5e02002dc9c0;
 .timescale 0 0;
P_0x5e02002e6dc0 .param/l "i" 1 6 26, +C4<011>;
S_0x5e02002e6ea0 .scope generate, "genblk1" "genblk1" 6 27, 6 27 0, S_0x5e02002e6c10;
 .timescale 0 0;
L_0x5e0200339430 .functor NOT 4, L_0x5e0200339330, C4<0000>, C4<0000>, C4<0000>;
v0x5e02002e9ff0_0 .net *"_ivl_1", 3 0, L_0x5e0200339330;  1 drivers
S_0x5e02002e7080 .scope module, "cla_piece" "cla" 6 31, 6 110 0, S_0x5e02002e6ea0;
 .timescale 0 0;
    .port_info 0 /INPUT 4 "a";
    .port_info 1 /INPUT 4 "b";
    .port_info 2 /INPUT 1 "cin";
    .port_info 3 /OUTPUT 1 "cout";
    .port_info 4 /OUTPUT 4 "sum";
L_0x5e0200336800 .functor AND 4, L_0x5e02003390b0, L_0x5e0200339430, C4<1111>, C4<1111>;
L_0x5e0200336870 .functor XOR 4, L_0x5e02003390b0, L_0x5e0200339430, C4<0000>, C4<0000>;
L_0x5e0200336980 .functor BUFZ 1, L_0x5e02003394a0, C4<0>, C4<0>, C4<0>;
L_0x5e0200336c70 .functor AND 1, L_0x5e0200336ae0, L_0x5e0200336bd0, C4<1>, C4<1>;
L_0x5e0200336d80 .functor OR 1, L_0x5e02003369f0, L_0x5e0200336c70, C4<0>, C4<0>;
L_0x5e0200337070 .functor AND 1, L_0x5e0200336f30, L_0x5e0200336fd0, C4<1>, C4<1>;
L_0x5e0200337170 .functor OR 1, L_0x5e0200336e90, L_0x5e0200337070, C4<0>, C4<0>;
L_0x5e02003374a0 .functor AND 1, L_0x5e0200337280, L_0x5e02003373b0, C4<1>, C4<1>;
L_0x5e02003376a0 .functor AND 1, L_0x5e02003374a0, L_0x5e02003375b0, C4<1>, C4<1>;
L_0x5e02003377b0 .functor OR 1, L_0x5e0200337170, L_0x5e02003376a0, C4<0>, C4<0>;
L_0x5e0200337d10 .functor AND 1, L_0x5e0200337b60, L_0x5e0200337c70, C4<1>, C4<1>;
L_0x5e0200337d80 .functor OR 1, L_0x5e0200337ac0, L_0x5e0200337d10, C4<0>, C4<0>;
L_0x5e0200337c00 .functor AND 1, L_0x5e0200337f00, L_0x5e0200338020, C4<1>, C4<1>;
L_0x5e0200337fa0 .functor AND 1, L_0x5e0200337c00, L_0x5e0200338220, C4<1>, C4<1>;
L_0x5e0200337e90 .functor OR 1, L_0x5e0200337d80, L_0x5e0200337fa0, C4<0>, C4<0>;
L_0x5e02003382c0 .functor AND 1, L_0x5e0200338510, L_0x5e02003385b0, C4<1>, C4<1>;
L_0x5e02003383f0 .functor AND 1, L_0x5e02003382c0, L_0x5e0200338820, C4<1>, C4<1>;
L_0x5e0200338650 .functor AND 1, L_0x5e02003383f0, L_0x5e0200338960, C4<1>, C4<1>;
L_0x5e0200338790 .functor OR 1, L_0x5e0200337e90, L_0x5e0200338650, C4<0>, C4<0>;
L_0x5e0200338fa0 .functor AND 1, L_0x5e0200338e40, L_0x5e0200338a00, C4<1>, C4<1>;
L_0x5e0200338b00 .functor OR 1, L_0x5e0200338c90, L_0x5e0200338fa0, C4<0>, C4<0>;
L_0x5e0200339200 .functor XOR 4, L_0x5e0200336870, L_0x5e0200337920, C4<0000>, C4<0000>;
v0x5e02002e7300_0 .net *"_ivl_11", 0 0, L_0x5e02003369f0;  1 drivers
v0x5e02002e7400_0 .net *"_ivl_13", 0 0, L_0x5e0200336ae0;  1 drivers
v0x5e02002e74e0_0 .net *"_ivl_15", 0 0, L_0x5e0200336bd0;  1 drivers
v0x5e02002e75d0_0 .net *"_ivl_16", 0 0, L_0x5e0200336c70;  1 drivers
v0x5e02002e76b0_0 .net *"_ivl_18", 0 0, L_0x5e0200336d80;  1 drivers
v0x5e02002e77e0_0 .net *"_ivl_23", 0 0, L_0x5e0200336e90;  1 drivers
v0x5e02002e78c0_0 .net *"_ivl_25", 0 0, L_0x5e0200336f30;  1 drivers
v0x5e02002e79a0_0 .net *"_ivl_27", 0 0, L_0x5e0200336fd0;  1 drivers
v0x5e02002e7a80_0 .net *"_ivl_28", 0 0, L_0x5e0200337070;  1 drivers
v0x5e02002e7b60_0 .net *"_ivl_30", 0 0, L_0x5e0200337170;  1 drivers
v0x5e02002e7c40_0 .net *"_ivl_33", 0 0, L_0x5e0200337280;  1 drivers
v0x5e02002e7d20_0 .net *"_ivl_35", 0 0, L_0x5e02003373b0;  1 drivers
v0x5e02002e7e00_0 .net *"_ivl_36", 0 0, L_0x5e02003374a0;  1 drivers
v0x5e02002e7ee0_0 .net *"_ivl_39", 0 0, L_0x5e02003375b0;  1 drivers
v0x5e02002e7fc0_0 .net *"_ivl_40", 0 0, L_0x5e02003376a0;  1 drivers
v0x5e02002e80a0_0 .net *"_ivl_42", 0 0, L_0x5e02003377b0;  1 drivers
v0x5e02002e8180_0 .net *"_ivl_48", 0 0, L_0x5e0200337ac0;  1 drivers
v0x5e02002e8260_0 .net *"_ivl_50", 0 0, L_0x5e0200337b60;  1 drivers
v0x5e02002e8340_0 .net *"_ivl_52", 0 0, L_0x5e0200337c70;  1 drivers
v0x5e02002e8420_0 .net *"_ivl_53", 0 0, L_0x5e0200337d10;  1 drivers
v0x5e02002e8500_0 .net *"_ivl_55", 0 0, L_0x5e0200337d80;  1 drivers
v0x5e02002e85e0_0 .net *"_ivl_58", 0 0, L_0x5e0200337f00;  1 drivers
v0x5e02002e86c0_0 .net *"_ivl_60", 0 0, L_0x5e0200338020;  1 drivers
v0x5e02002e87a0_0 .net *"_ivl_61", 0 0, L_0x5e0200337c00;  1 drivers
v0x5e02002e8880_0 .net *"_ivl_64", 0 0, L_0x5e0200338220;  1 drivers
v0x5e02002e8960_0 .net *"_ivl_65", 0 0, L_0x5e0200337fa0;  1 drivers
v0x5e02002e8a40_0 .net *"_ivl_67", 0 0, L_0x5e0200337e90;  1 drivers
v0x5e02002e8b20_0 .net *"_ivl_7", 0 0, L_0x5e0200336980;  1 drivers
v0x5e02002e8c00_0 .net *"_ivl_70", 0 0, L_0x5e0200338510;  1 drivers
v0x5e02002e8ce0_0 .net *"_ivl_72", 0 0, L_0x5e02003385b0;  1 drivers
v0x5e02002e8dc0_0 .net *"_ivl_73", 0 0, L_0x5e02003382c0;  1 drivers
v0x5e02002e8ea0_0 .net *"_ivl_76", 0 0, L_0x5e0200338820;  1 drivers
v0x5e02002e8f80_0 .net *"_ivl_77", 0 0, L_0x5e02003383f0;  1 drivers
v0x5e02002e9270_0 .net *"_ivl_80", 0 0, L_0x5e0200338960;  1 drivers
v0x5e02002e9350_0 .net *"_ivl_81", 0 0, L_0x5e0200338650;  1 drivers
v0x5e02002e9430_0 .net *"_ivl_83", 0 0, L_0x5e0200338790;  1 drivers
v0x5e02002e9510_0 .net *"_ivl_86", 0 0, L_0x5e0200338c90;  1 drivers
v0x5e02002e95f0_0 .net *"_ivl_88", 0 0, L_0x5e0200338e40;  1 drivers
v0x5e02002e96d0_0 .net *"_ivl_90", 0 0, L_0x5e0200338a00;  1 drivers
v0x5e02002e97b0_0 .net *"_ivl_91", 0 0, L_0x5e0200338fa0;  1 drivers
v0x5e02002e9890_0 .net "a", 3 0, L_0x5e02003390b0;  1 drivers
v0x5e02002e9970_0 .net "b", 3 0, L_0x5e0200339430;  1 drivers
v0x5e02002e9a50_0 .net "c", 3 0, L_0x5e0200337920;  1 drivers
v0x5e02002e9b30_0 .net "cin", 0 0, L_0x5e02003394a0;  1 drivers
v0x5e02002e9bf0_0 .net "cout", 0 0, L_0x5e0200338b00;  1 drivers
v0x5e02002e9cb0_0 .net "g", 3 0, L_0x5e0200336800;  1 drivers
v0x5e02002e9d90_0 .net "p", 3 0, L_0x5e0200336870;  1 drivers
v0x5e02002e9e70_0 .net "sum", 3 0, L_0x5e0200339200;  1 drivers
L_0x5e02003369f0 .part L_0x5e0200336800, 0, 1;
L_0x5e0200336ae0 .part L_0x5e0200336870, 0, 1;
L_0x5e0200336bd0 .part L_0x5e0200337920, 0, 1;
L_0x5e0200336e90 .part L_0x5e0200336800, 1, 1;
L_0x5e0200336f30 .part L_0x5e0200336800, 0, 1;
L_0x5e0200336fd0 .part L_0x5e0200336870, 1, 1;
L_0x5e0200337280 .part L_0x5e0200336870, 1, 1;
L_0x5e02003373b0 .part L_0x5e0200336870, 0, 1;
L_0x5e02003375b0 .part L_0x5e0200337920, 0, 1;
L_0x5e0200337920 .concat8 [ 1 1 1 1], L_0x5e0200336980, L_0x5e0200336d80, L_0x5e02003377b0, L_0x5e0200338790;
L_0x5e0200337ac0 .part L_0x5e0200336800, 2, 1;
L_0x5e0200337b60 .part L_0x5e0200336870, 2, 1;
L_0x5e0200337c70 .part L_0x5e0200336800, 1, 1;
L_0x5e0200337f00 .part L_0x5e0200336870, 2, 1;
L_0x5e0200338020 .part L_0x5e0200336870, 1, 1;
L_0x5e0200338220 .part L_0x5e0200336800, 0, 1;
L_0x5e0200338510 .part L_0x5e0200336870, 2, 1;
L_0x5e02003385b0 .part L_0x5e0200336870, 1, 1;
L_0x5e0200338820 .part L_0x5e0200336870, 0, 1;
L_0x5e0200338960 .part L_0x5e0200337920, 0, 1;
L_0x5e0200338c90 .part L_0x5e0200336800, 3, 1;
L_0x5e0200338e40 .part L_0x5e0200336870, 3, 1;
L_0x5e0200338a00 .part L_0x5e0200337920, 3, 1;
S_0x5e02002ea0f0 .scope generate, "cla_block[4]" "cla_block[4]" 6 26, 6 26 0, S_0x5e02002dc9c0;
 .timescale 0 0;
P_0x5e02002ea2f0 .param/l "i" 1 6 26, +C4<0100>;
S_0x5e02002ea3d0 .scope generate, "genblk1" "genblk1" 6 27, 6 27 0, S_0x5e02002ea0f0;
 .timescale 0 0;
L_0x5e020033c190 .functor NOT 4, L_0x5e020033c0f0, C4<0000>, C4<0000>, C4<0000>;
v0x5e02002ed4f0_0 .net *"_ivl_1", 3 0, L_0x5e020033c0f0;  1 drivers
S_0x5e02002ea5b0 .scope module, "cla_piece" "cla" 6 31, 6 110 0, S_0x5e02002ea3d0;
 .timescale 0 0;
    .port_info 0 /INPUT 4 "a";
    .port_info 1 /INPUT 4 "b";
    .port_info 2 /INPUT 1 "cin";
    .port_info 3 /OUTPUT 1 "cout";
    .port_info 4 /OUTPUT 4 "sum";
L_0x5e0200339590 .functor AND 4, L_0x5e020033be00, L_0x5e020033c190, C4<1111>, C4<1111>;
L_0x5e0200339600 .functor XOR 4, L_0x5e020033be00, L_0x5e020033c190, C4<0000>, C4<0000>;
L_0x5e0200339710 .functor BUFZ 1, L_0x5e020033c200, C4<0>, C4<0>, C4<0>;
L_0x5e0200339a00 .functor AND 1, L_0x5e0200339870, L_0x5e0200339960, C4<1>, C4<1>;
L_0x5e0200339b10 .functor OR 1, L_0x5e0200339780, L_0x5e0200339a00, C4<0>, C4<0>;
L_0x5e0200339e00 .functor AND 1, L_0x5e0200339cc0, L_0x5e0200339d60, C4<1>, C4<1>;
L_0x5e0200339ec0 .functor OR 1, L_0x5e0200339c20, L_0x5e0200339e00, C4<0>, C4<0>;
L_0x5e020033a1f0 .functor AND 1, L_0x5e0200339fd0, L_0x5e020033a100, C4<1>, C4<1>;
L_0x5e020033a3f0 .functor AND 1, L_0x5e020033a1f0, L_0x5e020033a300, C4<1>, C4<1>;
L_0x5e020033a500 .functor OR 1, L_0x5e0200339ec0, L_0x5e020033a3f0, C4<0>, C4<0>;
L_0x5e020033aa60 .functor AND 1, L_0x5e020033a8b0, L_0x5e020033a9c0, C4<1>, C4<1>;
L_0x5e020033aad0 .functor OR 1, L_0x5e020033a810, L_0x5e020033aa60, C4<0>, C4<0>;
L_0x5e020033a950 .functor AND 1, L_0x5e020033ac50, L_0x5e020033ad70, C4<1>, C4<1>;
L_0x5e020033acf0 .functor AND 1, L_0x5e020033a950, L_0x5e020033af70, C4<1>, C4<1>;
L_0x5e020033abe0 .functor OR 1, L_0x5e020033aad0, L_0x5e020033acf0, C4<0>, C4<0>;
L_0x5e020033b010 .functor AND 1, L_0x5e020033b260, L_0x5e020033b300, C4<1>, C4<1>;
L_0x5e020033b140 .functor AND 1, L_0x5e020033b010, L_0x5e020033b570, C4<1>, C4<1>;
L_0x5e020033b3a0 .functor AND 1, L_0x5e020033b140, L_0x5e020033b6b0, C4<1>, C4<1>;
L_0x5e020033b4e0 .functor OR 1, L_0x5e020033abe0, L_0x5e020033b3a0, C4<0>, C4<0>;
L_0x5e020033bcf0 .functor AND 1, L_0x5e020033bb90, L_0x5e020033b750, C4<1>, C4<1>;
L_0x5e020033b850 .functor OR 1, L_0x5e020033b9e0, L_0x5e020033bcf0, C4<0>, C4<0>;
L_0x5e020033bf50 .functor XOR 4, L_0x5e0200339600, L_0x5e020033a670, C4<0000>, C4<0000>;
v0x5e02002ea830_0 .net *"_ivl_11", 0 0, L_0x5e0200339780;  1 drivers
v0x5e02002ea930_0 .net *"_ivl_13", 0 0, L_0x5e0200339870;  1 drivers
v0x5e02002eaa10_0 .net *"_ivl_15", 0 0, L_0x5e0200339960;  1 drivers
v0x5e02002eaad0_0 .net *"_ivl_16", 0 0, L_0x5e0200339a00;  1 drivers
v0x5e02002eabb0_0 .net *"_ivl_18", 0 0, L_0x5e0200339b10;  1 drivers
v0x5e02002eace0_0 .net *"_ivl_23", 0 0, L_0x5e0200339c20;  1 drivers
v0x5e02002eadc0_0 .net *"_ivl_25", 0 0, L_0x5e0200339cc0;  1 drivers
v0x5e02002eaea0_0 .net *"_ivl_27", 0 0, L_0x5e0200339d60;  1 drivers
v0x5e02002eaf80_0 .net *"_ivl_28", 0 0, L_0x5e0200339e00;  1 drivers
v0x5e02002eb060_0 .net *"_ivl_30", 0 0, L_0x5e0200339ec0;  1 drivers
v0x5e02002eb140_0 .net *"_ivl_33", 0 0, L_0x5e0200339fd0;  1 drivers
v0x5e02002eb220_0 .net *"_ivl_35", 0 0, L_0x5e020033a100;  1 drivers
v0x5e02002eb300_0 .net *"_ivl_36", 0 0, L_0x5e020033a1f0;  1 drivers
v0x5e02002eb3e0_0 .net *"_ivl_39", 0 0, L_0x5e020033a300;  1 drivers
v0x5e02002eb4c0_0 .net *"_ivl_40", 0 0, L_0x5e020033a3f0;  1 drivers
v0x5e02002eb5a0_0 .net *"_ivl_42", 0 0, L_0x5e020033a500;  1 drivers
v0x5e02002eb680_0 .net *"_ivl_48", 0 0, L_0x5e020033a810;  1 drivers
v0x5e02002eb760_0 .net *"_ivl_50", 0 0, L_0x5e020033a8b0;  1 drivers
v0x5e02002eb840_0 .net *"_ivl_52", 0 0, L_0x5e020033a9c0;  1 drivers
v0x5e02002eb920_0 .net *"_ivl_53", 0 0, L_0x5e020033aa60;  1 drivers
v0x5e02002eba00_0 .net *"_ivl_55", 0 0, L_0x5e020033aad0;  1 drivers
v0x5e02002ebae0_0 .net *"_ivl_58", 0 0, L_0x5e020033ac50;  1 drivers
v0x5e02002ebbc0_0 .net *"_ivl_60", 0 0, L_0x5e020033ad70;  1 drivers
v0x5e02002ebca0_0 .net *"_ivl_61", 0 0, L_0x5e020033a950;  1 drivers
v0x5e02002ebd80_0 .net *"_ivl_64", 0 0, L_0x5e020033af70;  1 drivers
v0x5e02002ebe60_0 .net *"_ivl_65", 0 0, L_0x5e020033acf0;  1 drivers
v0x5e02002ebf40_0 .net *"_ivl_67", 0 0, L_0x5e020033abe0;  1 drivers
v0x5e02002ec020_0 .net *"_ivl_7", 0 0, L_0x5e0200339710;  1 drivers
v0x5e02002ec100_0 .net *"_ivl_70", 0 0, L_0x5e020033b260;  1 drivers
v0x5e02002ec1e0_0 .net *"_ivl_72", 0 0, L_0x5e020033b300;  1 drivers
v0x5e02002ec2c0_0 .net *"_ivl_73", 0 0, L_0x5e020033b010;  1 drivers
v0x5e02002ec3a0_0 .net *"_ivl_76", 0 0, L_0x5e020033b570;  1 drivers
v0x5e02002ec480_0 .net *"_ivl_77", 0 0, L_0x5e020033b140;  1 drivers
v0x5e02002ec770_0 .net *"_ivl_80", 0 0, L_0x5e020033b6b0;  1 drivers
v0x5e02002ec850_0 .net *"_ivl_81", 0 0, L_0x5e020033b3a0;  1 drivers
v0x5e02002ec930_0 .net *"_ivl_83", 0 0, L_0x5e020033b4e0;  1 drivers
v0x5e02002eca10_0 .net *"_ivl_86", 0 0, L_0x5e020033b9e0;  1 drivers
v0x5e02002ecaf0_0 .net *"_ivl_88", 0 0, L_0x5e020033bb90;  1 drivers
v0x5e02002ecbd0_0 .net *"_ivl_90", 0 0, L_0x5e020033b750;  1 drivers
v0x5e02002eccb0_0 .net *"_ivl_91", 0 0, L_0x5e020033bcf0;  1 drivers
v0x5e02002ecd90_0 .net "a", 3 0, L_0x5e020033be00;  1 drivers
v0x5e02002ece70_0 .net "b", 3 0, L_0x5e020033c190;  1 drivers
v0x5e02002ecf50_0 .net "c", 3 0, L_0x5e020033a670;  1 drivers
v0x5e02002ed030_0 .net "cin", 0 0, L_0x5e020033c200;  1 drivers
v0x5e02002ed0f0_0 .net "cout", 0 0, L_0x5e020033b850;  1 drivers
v0x5e02002ed1b0_0 .net "g", 3 0, L_0x5e0200339590;  1 drivers
v0x5e02002ed290_0 .net "p", 3 0, L_0x5e0200339600;  1 drivers
v0x5e02002ed370_0 .net "sum", 3 0, L_0x5e020033bf50;  1 drivers
L_0x5e0200339780 .part L_0x5e0200339590, 0, 1;
L_0x5e0200339870 .part L_0x5e0200339600, 0, 1;
L_0x5e0200339960 .part L_0x5e020033a670, 0, 1;
L_0x5e0200339c20 .part L_0x5e0200339590, 1, 1;
L_0x5e0200339cc0 .part L_0x5e0200339590, 0, 1;
L_0x5e0200339d60 .part L_0x5e0200339600, 1, 1;
L_0x5e0200339fd0 .part L_0x5e0200339600, 1, 1;
L_0x5e020033a100 .part L_0x5e0200339600, 0, 1;
L_0x5e020033a300 .part L_0x5e020033a670, 0, 1;
L_0x5e020033a670 .concat8 [ 1 1 1 1], L_0x5e0200339710, L_0x5e0200339b10, L_0x5e020033a500, L_0x5e020033b4e0;
L_0x5e020033a810 .part L_0x5e0200339590, 2, 1;
L_0x5e020033a8b0 .part L_0x5e0200339600, 2, 1;
L_0x5e020033a9c0 .part L_0x5e0200339590, 1, 1;
L_0x5e020033ac50 .part L_0x5e0200339600, 2, 1;
L_0x5e020033ad70 .part L_0x5e0200339600, 1, 1;
L_0x5e020033af70 .part L_0x5e0200339590, 0, 1;
L_0x5e020033b260 .part L_0x5e0200339600, 2, 1;
L_0x5e020033b300 .part L_0x5e0200339600, 1, 1;
L_0x5e020033b570 .part L_0x5e0200339600, 0, 1;
L_0x5e020033b6b0 .part L_0x5e020033a670, 0, 1;
L_0x5e020033b9e0 .part L_0x5e0200339590, 3, 1;
L_0x5e020033bb90 .part L_0x5e0200339600, 3, 1;
L_0x5e020033b750 .part L_0x5e020033a670, 3, 1;
S_0x5e02002ed5f0 .scope generate, "cla_block[5]" "cla_block[5]" 6 26, 6 26 0, S_0x5e02002dc9c0;
 .timescale 0 0;
P_0x5e02002ed7a0 .param/l "i" 1 6 26, +C4<0101>;
S_0x5e02002ed880 .scope generate, "genblk1" "genblk1" 6 27, 6 27 0, S_0x5e02002ed5f0;
 .timescale 0 0;
L_0x5e020033c2f0 .functor NOT 4, L_0x5e020033ee30, C4<0000>, C4<0000>, C4<0000>;
v0x5e02002f09d0_0 .net *"_ivl_1", 3 0, L_0x5e020033ee30;  1 drivers
S_0x5e02002eda60 .scope module, "cla_piece" "cla" 6 31, 6 110 0, S_0x5e02002ed880;
 .timescale 0 0;
    .port_info 0 /INPUT 4 "a";
    .port_info 1 /INPUT 4 "b";
    .port_info 2 /INPUT 1 "cin";
    .port_info 3 /OUTPUT 1 "cout";
    .port_info 4 /OUTPUT 4 "sum";
L_0x5e020033c080 .functor AND 4, L_0x5e020033ebb0, L_0x5e020033c2f0, C4<1111>, C4<1111>;
L_0x5e020033c370 .functor XOR 4, L_0x5e020033ebb0, L_0x5e020033c2f0, C4<0000>, C4<0000>;
L_0x5e020033c430 .functor BUFZ 1, L_0x5e020033efb0, C4<0>, C4<0>, C4<0>;
L_0x5e020033c720 .functor AND 1, L_0x5e020033c590, L_0x5e020033c680, C4<1>, C4<1>;
L_0x5e020033c830 .functor OR 1, L_0x5e020033c4a0, L_0x5e020033c720, C4<0>, C4<0>;
L_0x5e020033cbb0 .functor AND 1, L_0x5e020033c9e0, L_0x5e020033cb10, C4<1>, C4<1>;
L_0x5e020033cc70 .functor OR 1, L_0x5e020033c940, L_0x5e020033cbb0, C4<0>, C4<0>;
L_0x5e020033cfa0 .functor AND 1, L_0x5e020033cd80, L_0x5e020033ceb0, C4<1>, C4<1>;
L_0x5e020033d1a0 .functor AND 1, L_0x5e020033cfa0, L_0x5e020033d0b0, C4<1>, C4<1>;
L_0x5e020033d2b0 .functor OR 1, L_0x5e020033cc70, L_0x5e020033d1a0, C4<0>, C4<0>;
L_0x5e020033d810 .functor AND 1, L_0x5e020033d660, L_0x5e020033d770, C4<1>, C4<1>;
L_0x5e020033d880 .functor OR 1, L_0x5e020033d5c0, L_0x5e020033d810, C4<0>, C4<0>;
L_0x5e020033d700 .functor AND 1, L_0x5e020033da00, L_0x5e020033db20, C4<1>, C4<1>;
L_0x5e020033daa0 .functor AND 1, L_0x5e020033d700, L_0x5e020033dd20, C4<1>, C4<1>;
L_0x5e020033d990 .functor OR 1, L_0x5e020033d880, L_0x5e020033daa0, C4<0>, C4<0>;
L_0x5e020033ddc0 .functor AND 1, L_0x5e020033e010, L_0x5e020033e0b0, C4<1>, C4<1>;
L_0x5e020033def0 .functor AND 1, L_0x5e020033ddc0, L_0x5e020033e320, C4<1>, C4<1>;
L_0x5e020033e150 .functor AND 1, L_0x5e020033def0, L_0x5e020033e460, C4<1>, C4<1>;
L_0x5e020033e290 .functor OR 1, L_0x5e020033d990, L_0x5e020033e150, C4<0>, C4<0>;
L_0x5e020033eaa0 .functor AND 1, L_0x5e020033e940, L_0x5e020033e500, C4<1>, C4<1>;
L_0x5e020033e600 .functor OR 1, L_0x5e020033e790, L_0x5e020033eaa0, C4<0>, C4<0>;
L_0x5e020033ed00 .functor XOR 4, L_0x5e020033c370, L_0x5e020033d420, C4<0000>, C4<0000>;
v0x5e02002edce0_0 .net *"_ivl_11", 0 0, L_0x5e020033c4a0;  1 drivers
v0x5e02002edde0_0 .net *"_ivl_13", 0 0, L_0x5e020033c590;  1 drivers
v0x5e02002edec0_0 .net *"_ivl_15", 0 0, L_0x5e020033c680;  1 drivers
v0x5e02002edfb0_0 .net *"_ivl_16", 0 0, L_0x5e020033c720;  1 drivers
v0x5e02002ee090_0 .net *"_ivl_18", 0 0, L_0x5e020033c830;  1 drivers
v0x5e02002ee1c0_0 .net *"_ivl_23", 0 0, L_0x5e020033c940;  1 drivers
v0x5e02002ee2a0_0 .net *"_ivl_25", 0 0, L_0x5e020033c9e0;  1 drivers
v0x5e02002ee380_0 .net *"_ivl_27", 0 0, L_0x5e020033cb10;  1 drivers
v0x5e02002ee460_0 .net *"_ivl_28", 0 0, L_0x5e020033cbb0;  1 drivers
v0x5e02002ee540_0 .net *"_ivl_30", 0 0, L_0x5e020033cc70;  1 drivers
v0x5e02002ee620_0 .net *"_ivl_33", 0 0, L_0x5e020033cd80;  1 drivers
v0x5e02002ee700_0 .net *"_ivl_35", 0 0, L_0x5e020033ceb0;  1 drivers
v0x5e02002ee7e0_0 .net *"_ivl_36", 0 0, L_0x5e020033cfa0;  1 drivers
v0x5e02002ee8c0_0 .net *"_ivl_39", 0 0, L_0x5e020033d0b0;  1 drivers
v0x5e02002ee9a0_0 .net *"_ivl_40", 0 0, L_0x5e020033d1a0;  1 drivers
v0x5e02002eea80_0 .net *"_ivl_42", 0 0, L_0x5e020033d2b0;  1 drivers
v0x5e02002eeb60_0 .net *"_ivl_48", 0 0, L_0x5e020033d5c0;  1 drivers
v0x5e02002eec40_0 .net *"_ivl_50", 0 0, L_0x5e020033d660;  1 drivers
v0x5e02002eed20_0 .net *"_ivl_52", 0 0, L_0x5e020033d770;  1 drivers
v0x5e02002eee00_0 .net *"_ivl_53", 0 0, L_0x5e020033d810;  1 drivers
v0x5e02002eeee0_0 .net *"_ivl_55", 0 0, L_0x5e020033d880;  1 drivers
v0x5e02002eefc0_0 .net *"_ivl_58", 0 0, L_0x5e020033da00;  1 drivers
v0x5e02002ef0a0_0 .net *"_ivl_60", 0 0, L_0x5e020033db20;  1 drivers
v0x5e02002ef180_0 .net *"_ivl_61", 0 0, L_0x5e020033d700;  1 drivers
v0x5e02002ef260_0 .net *"_ivl_64", 0 0, L_0x5e020033dd20;  1 drivers
v0x5e02002ef340_0 .net *"_ivl_65", 0 0, L_0x5e020033daa0;  1 drivers
v0x5e02002ef420_0 .net *"_ivl_67", 0 0, L_0x5e020033d990;  1 drivers
v0x5e02002ef500_0 .net *"_ivl_7", 0 0, L_0x5e020033c430;  1 drivers
v0x5e02002ef5e0_0 .net *"_ivl_70", 0 0, L_0x5e020033e010;  1 drivers
v0x5e02002ef6c0_0 .net *"_ivl_72", 0 0, L_0x5e020033e0b0;  1 drivers
v0x5e02002ef7a0_0 .net *"_ivl_73", 0 0, L_0x5e020033ddc0;  1 drivers
v0x5e02002ef880_0 .net *"_ivl_76", 0 0, L_0x5e020033e320;  1 drivers
v0x5e02002ef960_0 .net *"_ivl_77", 0 0, L_0x5e020033def0;  1 drivers
v0x5e02002efc50_0 .net *"_ivl_80", 0 0, L_0x5e020033e460;  1 drivers
v0x5e02002efd30_0 .net *"_ivl_81", 0 0, L_0x5e020033e150;  1 drivers
v0x5e02002efe10_0 .net *"_ivl_83", 0 0, L_0x5e020033e290;  1 drivers
v0x5e02002efef0_0 .net *"_ivl_86", 0 0, L_0x5e020033e790;  1 drivers
v0x5e02002effd0_0 .net *"_ivl_88", 0 0, L_0x5e020033e940;  1 drivers
v0x5e02002f00b0_0 .net *"_ivl_90", 0 0, L_0x5e020033e500;  1 drivers
v0x5e02002f0190_0 .net *"_ivl_91", 0 0, L_0x5e020033eaa0;  1 drivers
v0x5e02002f0270_0 .net "a", 3 0, L_0x5e020033ebb0;  1 drivers
v0x5e02002f0350_0 .net "b", 3 0, L_0x5e020033c2f0;  1 drivers
v0x5e02002f0430_0 .net "c", 3 0, L_0x5e020033d420;  1 drivers
v0x5e02002f0510_0 .net "cin", 0 0, L_0x5e020033efb0;  1 drivers
v0x5e02002f05d0_0 .net "cout", 0 0, L_0x5e020033e600;  1 drivers
v0x5e02002f0690_0 .net "g", 3 0, L_0x5e020033c080;  1 drivers
v0x5e02002f0770_0 .net "p", 3 0, L_0x5e020033c370;  1 drivers
v0x5e02002f0850_0 .net "sum", 3 0, L_0x5e020033ed00;  1 drivers
L_0x5e020033c4a0 .part L_0x5e020033c080, 0, 1;
L_0x5e020033c590 .part L_0x5e020033c370, 0, 1;
L_0x5e020033c680 .part L_0x5e020033d420, 0, 1;
L_0x5e020033c940 .part L_0x5e020033c080, 1, 1;
L_0x5e020033c9e0 .part L_0x5e020033c080, 0, 1;
L_0x5e020033cb10 .part L_0x5e020033c370, 1, 1;
L_0x5e020033cd80 .part L_0x5e020033c370, 1, 1;
L_0x5e020033ceb0 .part L_0x5e020033c370, 0, 1;
L_0x5e020033d0b0 .part L_0x5e020033d420, 0, 1;
L_0x5e020033d420 .concat8 [ 1 1 1 1], L_0x5e020033c430, L_0x5e020033c830, L_0x5e020033d2b0, L_0x5e020033e290;
L_0x5e020033d5c0 .part L_0x5e020033c080, 2, 1;
L_0x5e020033d660 .part L_0x5e020033c370, 2, 1;
L_0x5e020033d770 .part L_0x5e020033c080, 1, 1;
L_0x5e020033da00 .part L_0x5e020033c370, 2, 1;
L_0x5e020033db20 .part L_0x5e020033c370, 1, 1;
L_0x5e020033dd20 .part L_0x5e020033c080, 0, 1;
L_0x5e020033e010 .part L_0x5e020033c370, 2, 1;
L_0x5e020033e0b0 .part L_0x5e020033c370, 1, 1;
L_0x5e020033e320 .part L_0x5e020033c370, 0, 1;
L_0x5e020033e460 .part L_0x5e020033d420, 0, 1;
L_0x5e020033e790 .part L_0x5e020033c080, 3, 1;
L_0x5e020033e940 .part L_0x5e020033c370, 3, 1;
L_0x5e020033e500 .part L_0x5e020033d420, 3, 1;
S_0x5e02002f0ad0 .scope generate, "cla_block[6]" "cla_block[6]" 6 26, 6 26 0, S_0x5e02002dc9c0;
 .timescale 0 0;
P_0x5e02002f0c80 .param/l "i" 1 6 26, +C4<0110>;
S_0x5e02002f0d60 .scope generate, "genblk1" "genblk1" 6 27, 6 27 0, S_0x5e02002f0ad0;
 .timescale 0 0;
L_0x5e020033eed0 .functor NOT 4, L_0x5e0200341c30, C4<0000>, C4<0000>, C4<0000>;
v0x5e02002f3eb0_0 .net *"_ivl_1", 3 0, L_0x5e0200341c30;  1 drivers
S_0x5e02002f0f40 .scope module, "cla_piece" "cla" 6 31, 6 110 0, S_0x5e02002f0d60;
 .timescale 0 0;
    .port_info 0 /INPUT 4 "a";
    .port_info 1 /INPUT 4 "b";
    .port_info 2 /INPUT 1 "cin";
    .port_info 3 /OUTPUT 1 "cout";
    .port_info 4 /OUTPUT 4 "sum";
L_0x5e020033f0a0 .functor AND 4, L_0x5e0200341910, L_0x5e020033eed0, C4<1111>, C4<1111>;
L_0x5e020033f110 .functor XOR 4, L_0x5e0200341910, L_0x5e020033eed0, C4<0000>, C4<0000>;
L_0x5e020033f220 .functor BUFZ 1, L_0x5e0200341d20, C4<0>, C4<0>, C4<0>;
L_0x5e020033f510 .functor AND 1, L_0x5e020033f380, L_0x5e020033f470, C4<1>, C4<1>;
L_0x5e020033f620 .functor OR 1, L_0x5e020033f290, L_0x5e020033f510, C4<0>, C4<0>;
L_0x5e020033f910 .functor AND 1, L_0x5e020033f7d0, L_0x5e020033f870, C4<1>, C4<1>;
L_0x5e020033f9d0 .functor OR 1, L_0x5e020033f730, L_0x5e020033f910, C4<0>, C4<0>;
L_0x5e020033fd00 .functor AND 1, L_0x5e020033fae0, L_0x5e020033fc10, C4<1>, C4<1>;
L_0x5e020033ff00 .functor AND 1, L_0x5e020033fd00, L_0x5e020033fe10, C4<1>, C4<1>;
L_0x5e0200340010 .functor OR 1, L_0x5e020033f9d0, L_0x5e020033ff00, C4<0>, C4<0>;
L_0x5e0200340570 .functor AND 1, L_0x5e02003403c0, L_0x5e02003404d0, C4<1>, C4<1>;
L_0x5e02003405e0 .functor OR 1, L_0x5e0200340320, L_0x5e0200340570, C4<0>, C4<0>;
L_0x5e0200340460 .functor AND 1, L_0x5e0200340760, L_0x5e0200340880, C4<1>, C4<1>;
L_0x5e0200340800 .functor AND 1, L_0x5e0200340460, L_0x5e0200340a80, C4<1>, C4<1>;
L_0x5e02003406f0 .functor OR 1, L_0x5e02003405e0, L_0x5e0200340800, C4<0>, C4<0>;
L_0x5e0200340b20 .functor AND 1, L_0x5e0200340d70, L_0x5e0200340e10, C4<1>, C4<1>;
L_0x5e0200340c50 .functor AND 1, L_0x5e0200340b20, L_0x5e0200341080, C4<1>, C4<1>;
L_0x5e0200340eb0 .functor AND 1, L_0x5e0200340c50, L_0x5e02003411c0, C4<1>, C4<1>;
L_0x5e0200340ff0 .functor OR 1, L_0x5e02003406f0, L_0x5e0200340eb0, C4<0>, C4<0>;
L_0x5e0200341800 .functor AND 1, L_0x5e02003416a0, L_0x5e0200341260, C4<1>, C4<1>;
L_0x5e0200341360 .functor OR 1, L_0x5e02003414f0, L_0x5e0200341800, C4<0>, C4<0>;
L_0x5e0200341a60 .functor XOR 4, L_0x5e020033f110, L_0x5e0200340180, C4<0000>, C4<0000>;
v0x5e02002f11c0_0 .net *"_ivl_11", 0 0, L_0x5e020033f290;  1 drivers
v0x5e02002f12c0_0 .net *"_ivl_13", 0 0, L_0x5e020033f380;  1 drivers
v0x5e02002f13a0_0 .net *"_ivl_15", 0 0, L_0x5e020033f470;  1 drivers
v0x5e02002f1490_0 .net *"_ivl_16", 0 0, L_0x5e020033f510;  1 drivers
v0x5e02002f1570_0 .net *"_ivl_18", 0 0, L_0x5e020033f620;  1 drivers
v0x5e02002f16a0_0 .net *"_ivl_23", 0 0, L_0x5e020033f730;  1 drivers
v0x5e02002f1780_0 .net *"_ivl_25", 0 0, L_0x5e020033f7d0;  1 drivers
v0x5e02002f1860_0 .net *"_ivl_27", 0 0, L_0x5e020033f870;  1 drivers
v0x5e02002f1940_0 .net *"_ivl_28", 0 0, L_0x5e020033f910;  1 drivers
v0x5e02002f1a20_0 .net *"_ivl_30", 0 0, L_0x5e020033f9d0;  1 drivers
v0x5e02002f1b00_0 .net *"_ivl_33", 0 0, L_0x5e020033fae0;  1 drivers
v0x5e02002f1be0_0 .net *"_ivl_35", 0 0, L_0x5e020033fc10;  1 drivers
v0x5e02002f1cc0_0 .net *"_ivl_36", 0 0, L_0x5e020033fd00;  1 drivers
v0x5e02002f1da0_0 .net *"_ivl_39", 0 0, L_0x5e020033fe10;  1 drivers
v0x5e02002f1e80_0 .net *"_ivl_40", 0 0, L_0x5e020033ff00;  1 drivers
v0x5e02002f1f60_0 .net *"_ivl_42", 0 0, L_0x5e0200340010;  1 drivers
v0x5e02002f2040_0 .net *"_ivl_48", 0 0, L_0x5e0200340320;  1 drivers
v0x5e02002f2120_0 .net *"_ivl_50", 0 0, L_0x5e02003403c0;  1 drivers
v0x5e02002f2200_0 .net *"_ivl_52", 0 0, L_0x5e02003404d0;  1 drivers
v0x5e02002f22e0_0 .net *"_ivl_53", 0 0, L_0x5e0200340570;  1 drivers
v0x5e02002f23c0_0 .net *"_ivl_55", 0 0, L_0x5e02003405e0;  1 drivers
v0x5e02002f24a0_0 .net *"_ivl_58", 0 0, L_0x5e0200340760;  1 drivers
v0x5e02002f2580_0 .net *"_ivl_60", 0 0, L_0x5e0200340880;  1 drivers
v0x5e02002f2660_0 .net *"_ivl_61", 0 0, L_0x5e0200340460;  1 drivers
v0x5e02002f2740_0 .net *"_ivl_64", 0 0, L_0x5e0200340a80;  1 drivers
v0x5e02002f2820_0 .net *"_ivl_65", 0 0, L_0x5e0200340800;  1 drivers
v0x5e02002f2900_0 .net *"_ivl_67", 0 0, L_0x5e02003406f0;  1 drivers
v0x5e02002f29e0_0 .net *"_ivl_7", 0 0, L_0x5e020033f220;  1 drivers
v0x5e02002f2ac0_0 .net *"_ivl_70", 0 0, L_0x5e0200340d70;  1 drivers
v0x5e02002f2ba0_0 .net *"_ivl_72", 0 0, L_0x5e0200340e10;  1 drivers
v0x5e02002f2c80_0 .net *"_ivl_73", 0 0, L_0x5e0200340b20;  1 drivers
v0x5e02002f2d60_0 .net *"_ivl_76", 0 0, L_0x5e0200341080;  1 drivers
v0x5e02002f2e40_0 .net *"_ivl_77", 0 0, L_0x5e0200340c50;  1 drivers
v0x5e02002f3130_0 .net *"_ivl_80", 0 0, L_0x5e02003411c0;  1 drivers
v0x5e02002f3210_0 .net *"_ivl_81", 0 0, L_0x5e0200340eb0;  1 drivers
v0x5e02002f32f0_0 .net *"_ivl_83", 0 0, L_0x5e0200340ff0;  1 drivers
v0x5e02002f33d0_0 .net *"_ivl_86", 0 0, L_0x5e02003414f0;  1 drivers
v0x5e02002f34b0_0 .net *"_ivl_88", 0 0, L_0x5e02003416a0;  1 drivers
v0x5e02002f3590_0 .net *"_ivl_90", 0 0, L_0x5e0200341260;  1 drivers
v0x5e02002f3670_0 .net *"_ivl_91", 0 0, L_0x5e0200341800;  1 drivers
v0x5e02002f3750_0 .net "a", 3 0, L_0x5e0200341910;  1 drivers
v0x5e02002f3830_0 .net "b", 3 0, L_0x5e020033eed0;  1 drivers
v0x5e02002f3910_0 .net "c", 3 0, L_0x5e0200340180;  1 drivers
v0x5e02002f39f0_0 .net "cin", 0 0, L_0x5e0200341d20;  1 drivers
v0x5e02002f3ab0_0 .net "cout", 0 0, L_0x5e0200341360;  1 drivers
v0x5e02002f3b70_0 .net "g", 3 0, L_0x5e020033f0a0;  1 drivers
v0x5e02002f3c50_0 .net "p", 3 0, L_0x5e020033f110;  1 drivers
v0x5e02002f3d30_0 .net "sum", 3 0, L_0x5e0200341a60;  1 drivers
L_0x5e020033f290 .part L_0x5e020033f0a0, 0, 1;
L_0x5e020033f380 .part L_0x5e020033f110, 0, 1;
L_0x5e020033f470 .part L_0x5e0200340180, 0, 1;
L_0x5e020033f730 .part L_0x5e020033f0a0, 1, 1;
L_0x5e020033f7d0 .part L_0x5e020033f0a0, 0, 1;
L_0x5e020033f870 .part L_0x5e020033f110, 1, 1;
L_0x5e020033fae0 .part L_0x5e020033f110, 1, 1;
L_0x5e020033fc10 .part L_0x5e020033f110, 0, 1;
L_0x5e020033fe10 .part L_0x5e0200340180, 0, 1;
L_0x5e0200340180 .concat8 [ 1 1 1 1], L_0x5e020033f220, L_0x5e020033f620, L_0x5e0200340010, L_0x5e0200340ff0;
L_0x5e0200340320 .part L_0x5e020033f0a0, 2, 1;
L_0x5e02003403c0 .part L_0x5e020033f110, 2, 1;
L_0x5e02003404d0 .part L_0x5e020033f0a0, 1, 1;
L_0x5e0200340760 .part L_0x5e020033f110, 2, 1;
L_0x5e0200340880 .part L_0x5e020033f110, 1, 1;
L_0x5e0200340a80 .part L_0x5e020033f0a0, 0, 1;
L_0x5e0200340d70 .part L_0x5e020033f110, 2, 1;
L_0x5e0200340e10 .part L_0x5e020033f110, 1, 1;
L_0x5e0200341080 .part L_0x5e020033f110, 0, 1;
L_0x5e02003411c0 .part L_0x5e0200340180, 0, 1;
L_0x5e02003414f0 .part L_0x5e020033f0a0, 3, 1;
L_0x5e02003416a0 .part L_0x5e020033f110, 3, 1;
L_0x5e0200341260 .part L_0x5e0200340180, 3, 1;
S_0x5e02002f3fb0 .scope generate, "cla_block[7]" "cla_block[7]" 6 26, 6 26 0, S_0x5e02002dc9c0;
 .timescale 0 0;
P_0x5e02002f4160 .param/l "i" 1 6 26, +C4<0111>;
S_0x5e02002f4240 .scope generate, "genblk1" "genblk1" 6 27, 6 27 0, S_0x5e02002f3fb0;
 .timescale 0 0;
L_0x5e0200341e10 .functor NOT 4, L_0x5e0200344940, C4<0000>, C4<0000>, C4<0000>;
v0x5e02002f7390_0 .net *"_ivl_1", 3 0, L_0x5e0200344940;  1 drivers
S_0x5e02002f4420 .scope module, "cla_piece" "cla" 6 31, 6 110 0, S_0x5e02002f4240;
 .timescale 0 0;
    .port_info 0 /INPUT 4 "a";
    .port_info 1 /INPUT 4 "b";
    .port_info 2 /INPUT 1 "cin";
    .port_info 3 /OUTPUT 1 "cout";
    .port_info 4 /OUTPUT 4 "sum";
L_0x5e0200341b90 .functor AND 4, L_0x5e02003446c0, L_0x5e0200341e10, C4<1111>, C4<1111>;
L_0x5e0200341ec0 .functor XOR 4, L_0x5e02003446c0, L_0x5e0200341e10, C4<0000>, C4<0000>;
L_0x5e0200341fd0 .functor BUFZ 1, L_0x5e0200344af0, C4<0>, C4<0>, C4<0>;
L_0x5e02003422c0 .functor AND 1, L_0x5e0200342130, L_0x5e0200342220, C4<1>, C4<1>;
L_0x5e02003423d0 .functor OR 1, L_0x5e0200342040, L_0x5e02003422c0, C4<0>, C4<0>;
L_0x5e02003426c0 .functor AND 1, L_0x5e0200342580, L_0x5e0200342620, C4<1>, C4<1>;
L_0x5e0200342780 .functor OR 1, L_0x5e02003424e0, L_0x5e02003426c0, C4<0>, C4<0>;
L_0x5e0200342ab0 .functor AND 1, L_0x5e0200342890, L_0x5e02003429c0, C4<1>, C4<1>;
L_0x5e0200342cb0 .functor AND 1, L_0x5e0200342ab0, L_0x5e0200342bc0, C4<1>, C4<1>;
L_0x5e0200342dc0 .functor OR 1, L_0x5e0200342780, L_0x5e0200342cb0, C4<0>, C4<0>;
L_0x5e0200343320 .functor AND 1, L_0x5e0200343170, L_0x5e0200343280, C4<1>, C4<1>;
L_0x5e0200343390 .functor OR 1, L_0x5e02003430d0, L_0x5e0200343320, C4<0>, C4<0>;
L_0x5e0200343210 .functor AND 1, L_0x5e0200343510, L_0x5e0200343630, C4<1>, C4<1>;
L_0x5e02003435b0 .functor AND 1, L_0x5e0200343210, L_0x5e0200343830, C4<1>, C4<1>;
L_0x5e02003434a0 .functor OR 1, L_0x5e0200343390, L_0x5e02003435b0, C4<0>, C4<0>;
L_0x5e02003438d0 .functor AND 1, L_0x5e0200343b20, L_0x5e0200343bc0, C4<1>, C4<1>;
L_0x5e0200343a00 .functor AND 1, L_0x5e02003438d0, L_0x5e0200343e30, C4<1>, C4<1>;
L_0x5e0200343c60 .functor AND 1, L_0x5e0200343a00, L_0x5e0200343f70, C4<1>, C4<1>;
L_0x5e0200343da0 .functor OR 1, L_0x5e02003434a0, L_0x5e0200343c60, C4<0>, C4<0>;
L_0x5e02003445b0 .functor AND 1, L_0x5e0200344450, L_0x5e0200344010, C4<1>, C4<1>;
L_0x5e0200344110 .functor OR 1, L_0x5e02003442a0, L_0x5e02003445b0, C4<0>, C4<0>;
L_0x5e0200344810 .functor XOR 4, L_0x5e0200341ec0, L_0x5e0200342f30, C4<0000>, C4<0000>;
v0x5e02002f46a0_0 .net *"_ivl_11", 0 0, L_0x5e0200342040;  1 drivers
v0x5e02002f47a0_0 .net *"_ivl_13", 0 0, L_0x5e0200342130;  1 drivers
v0x5e02002f4880_0 .net *"_ivl_15", 0 0, L_0x5e0200342220;  1 drivers
v0x5e02002f4970_0 .net *"_ivl_16", 0 0, L_0x5e02003422c0;  1 drivers
v0x5e02002f4a50_0 .net *"_ivl_18", 0 0, L_0x5e02003423d0;  1 drivers
v0x5e02002f4b80_0 .net *"_ivl_23", 0 0, L_0x5e02003424e0;  1 drivers
v0x5e02002f4c60_0 .net *"_ivl_25", 0 0, L_0x5e0200342580;  1 drivers
v0x5e02002f4d40_0 .net *"_ivl_27", 0 0, L_0x5e0200342620;  1 drivers
v0x5e02002f4e20_0 .net *"_ivl_28", 0 0, L_0x5e02003426c0;  1 drivers
v0x5e02002f4f00_0 .net *"_ivl_30", 0 0, L_0x5e0200342780;  1 drivers
v0x5e02002f4fe0_0 .net *"_ivl_33", 0 0, L_0x5e0200342890;  1 drivers
v0x5e02002f50c0_0 .net *"_ivl_35", 0 0, L_0x5e02003429c0;  1 drivers
v0x5e02002f51a0_0 .net *"_ivl_36", 0 0, L_0x5e0200342ab0;  1 drivers
v0x5e02002f5280_0 .net *"_ivl_39", 0 0, L_0x5e0200342bc0;  1 drivers
v0x5e02002f5360_0 .net *"_ivl_40", 0 0, L_0x5e0200342cb0;  1 drivers
v0x5e02002f5440_0 .net *"_ivl_42", 0 0, L_0x5e0200342dc0;  1 drivers
v0x5e02002f5520_0 .net *"_ivl_48", 0 0, L_0x5e02003430d0;  1 drivers
v0x5e02002f5600_0 .net *"_ivl_50", 0 0, L_0x5e0200343170;  1 drivers
v0x5e02002f56e0_0 .net *"_ivl_52", 0 0, L_0x5e0200343280;  1 drivers
v0x5e02002f57c0_0 .net *"_ivl_53", 0 0, L_0x5e0200343320;  1 drivers
v0x5e02002f58a0_0 .net *"_ivl_55", 0 0, L_0x5e0200343390;  1 drivers
v0x5e02002f5980_0 .net *"_ivl_58", 0 0, L_0x5e0200343510;  1 drivers
v0x5e02002f5a60_0 .net *"_ivl_60", 0 0, L_0x5e0200343630;  1 drivers
v0x5e02002f5b40_0 .net *"_ivl_61", 0 0, L_0x5e0200343210;  1 drivers
v0x5e02002f5c20_0 .net *"_ivl_64", 0 0, L_0x5e0200343830;  1 drivers
v0x5e02002f5d00_0 .net *"_ivl_65", 0 0, L_0x5e02003435b0;  1 drivers
v0x5e02002f5de0_0 .net *"_ivl_67", 0 0, L_0x5e02003434a0;  1 drivers
v0x5e02002f5ec0_0 .net *"_ivl_7", 0 0, L_0x5e0200341fd0;  1 drivers
v0x5e02002f5fa0_0 .net *"_ivl_70", 0 0, L_0x5e0200343b20;  1 drivers
v0x5e02002f6080_0 .net *"_ivl_72", 0 0, L_0x5e0200343bc0;  1 drivers
v0x5e02002f6160_0 .net *"_ivl_73", 0 0, L_0x5e02003438d0;  1 drivers
v0x5e02002f6240_0 .net *"_ivl_76", 0 0, L_0x5e0200343e30;  1 drivers
v0x5e02002f6320_0 .net *"_ivl_77", 0 0, L_0x5e0200343a00;  1 drivers
v0x5e02002f6610_0 .net *"_ivl_80", 0 0, L_0x5e0200343f70;  1 drivers
v0x5e02002f66f0_0 .net *"_ivl_81", 0 0, L_0x5e0200343c60;  1 drivers
v0x5e02002f67d0_0 .net *"_ivl_83", 0 0, L_0x5e0200343da0;  1 drivers
v0x5e02002f68b0_0 .net *"_ivl_86", 0 0, L_0x5e02003442a0;  1 drivers
v0x5e02002f6990_0 .net *"_ivl_88", 0 0, L_0x5e0200344450;  1 drivers
v0x5e02002f6a70_0 .net *"_ivl_90", 0 0, L_0x5e0200344010;  1 drivers
v0x5e02002f6b50_0 .net *"_ivl_91", 0 0, L_0x5e02003445b0;  1 drivers
v0x5e02002f6c30_0 .net "a", 3 0, L_0x5e02003446c0;  1 drivers
v0x5e02002f6d10_0 .net "b", 3 0, L_0x5e0200341e10;  1 drivers
v0x5e02002f6df0_0 .net "c", 3 0, L_0x5e0200342f30;  1 drivers
v0x5e02002f6ed0_0 .net "cin", 0 0, L_0x5e0200344af0;  1 drivers
v0x5e02002f6f90_0 .net "cout", 0 0, L_0x5e0200344110;  1 drivers
v0x5e02002f7050_0 .net "g", 3 0, L_0x5e0200341b90;  1 drivers
v0x5e02002f7130_0 .net "p", 3 0, L_0x5e0200341ec0;  1 drivers
v0x5e02002f7210_0 .net "sum", 3 0, L_0x5e0200344810;  1 drivers
L_0x5e0200342040 .part L_0x5e0200341b90, 0, 1;
L_0x5e0200342130 .part L_0x5e0200341ec0, 0, 1;
L_0x5e0200342220 .part L_0x5e0200342f30, 0, 1;
L_0x5e02003424e0 .part L_0x5e0200341b90, 1, 1;
L_0x5e0200342580 .part L_0x5e0200341b90, 0, 1;
L_0x5e0200342620 .part L_0x5e0200341ec0, 1, 1;
L_0x5e0200342890 .part L_0x5e0200341ec0, 1, 1;
L_0x5e02003429c0 .part L_0x5e0200341ec0, 0, 1;
L_0x5e0200342bc0 .part L_0x5e0200342f30, 0, 1;
L_0x5e0200342f30 .concat8 [ 1 1 1 1], L_0x5e0200341fd0, L_0x5e02003423d0, L_0x5e0200342dc0, L_0x5e0200343da0;
L_0x5e02003430d0 .part L_0x5e0200341b90, 2, 1;
L_0x5e0200343170 .part L_0x5e0200341ec0, 2, 1;
L_0x5e0200343280 .part L_0x5e0200341b90, 1, 1;
L_0x5e0200343510 .part L_0x5e0200341ec0, 2, 1;
L_0x5e0200343630 .part L_0x5e0200341ec0, 1, 1;
L_0x5e0200343830 .part L_0x5e0200341b90, 0, 1;
L_0x5e0200343b20 .part L_0x5e0200341ec0, 2, 1;
L_0x5e0200343bc0 .part L_0x5e0200341ec0, 1, 1;
L_0x5e0200343e30 .part L_0x5e0200341ec0, 0, 1;
L_0x5e0200343f70 .part L_0x5e0200342f30, 0, 1;
L_0x5e02003442a0 .part L_0x5e0200341b90, 3, 1;
L_0x5e0200344450 .part L_0x5e0200341ec0, 3, 1;
L_0x5e0200344010 .part L_0x5e0200342f30, 3, 1;
S_0x5e02002f7850 .scope module, "xorer" "xor_gate" 5 11, 6 38 0, S_0x5e02002bf880;
 .timescale 0 0;
    .port_info 0 /INPUT 32 "a";
    .port_info 1 /INPUT 32 "b";
    .port_info 2 /OUTPUT 32 "result";
L_0x5e0200345450 .functor XOR 32, v0x5e0200303340_0, v0x5e02003034e0_0, C4<00000000000000000000000000000000>, C4<00000000000000000000000000000000>;
v0x5e02002f7a30_0 .net "a", 31 0, v0x5e0200303340_0;  alias, 1 drivers
v0x5e02002f7b10_0 .net "b", 31 0, v0x5e02003034e0_0;  alias, 1 drivers
v0x5e02002f7bd0_0 .net "result", 31 0, L_0x5e0200345450;  alias, 1 drivers
S_0x5e02002f8bf0 .scope module, "my_alu_control" "alu_control" 4 163, 7 1 0, S_0x5e02002bf1d0;
 .timescale 0 0;
    .port_info 0 /INPUT 7 "opcode";
    .port_info 1 /INPUT 3 "funct3";
    .port_info 2 /INPUT 7 "funct7";
    .port_info 3 /INPUT 32 "imm";
    .port_info 4 /OUTPUT 5 "sel";
P_0x5e02002f8da0 .param/l "ALU_add" 1 7 9, C4<00000>;
P_0x5e02002f8de0 .param/l "ALU_and" 1 7 9, C4<00100>;
P_0x5e02002f8e20 .param/l "ALU_or" 1 7 9, C4<00011>;
P_0x5e02002f8e60 .param/l "ALU_sll" 1 7 9, C4<00101>;
P_0x5e02002f8ea0 .param/l "ALU_slt" 1 7 9, C4<01000>;
P_0x5e02002f8ee0 .param/l "ALU_sltu" 1 7 9, C4<01001>;
P_0x5e02002f8f20 .param/l "ALU_sra" 1 7 9, C4<00111>;
P_0x5e02002f8f60 .param/l "ALU_srl" 1 7 9, C4<00110>;
P_0x5e02002f8fa0 .param/l "ALU_sub" 1 7 9, C4<00001>;
P_0x5e02002f8fe0 .param/l "ALU_xor" 1 7 9, C4<00010>;
v0x5e02002f9570_0 .net "funct3", 2 0, v0x5e0200301ce0_0;  1 drivers
v0x5e02002f9670_0 .net "funct7", 6 0, v0x5e0200301dd0_0;  1 drivers
v0x5e02002f9750_0 .net "imm", 31 0, v0x5e0200301ea0_0;  1 drivers
v0x5e02002f9840_0 .net "opcode", 6 0, v0x5e0200302190_0;  1 drivers
v0x5e02002f9920_0 .var "sel", 4 0;
E_0x5e02000fd750 .event anyedge, v0x5e02002f9840_0, v0x5e02002f9570_0, v0x5e02002f9670_0, v0x5e02002f9750_0;
S_0x5e02002f9ae0 .scope module, "my_control" "control" 4 151, 8 1 0, S_0x5e02002bf1d0;
 .timescale 0 0;
    .port_info 0 /INPUT 7 "opcode";
    .port_info 1 /OUTPUT 1 "reg_write";
    .port_info 2 /OUTPUT 1 "data_write";
    .port_info 3 /OUTPUT 1 "data_read";
    .port_info 4 /OUTPUT 1 "mem_to_reg";
    .port_info 5 /OUTPUT 1 "ALU_src";
    .port_info 6 /OUTPUT 1 "branch";
    .port_info 7 /OUTPUT 1 "jump";
    .port_info 8 /OUTPUT 1 "jalr";
v0x5e02002f9e10_0 .var "ALU_src", 0 0;
v0x5e02002f9ef0_0 .var "branch", 0 0;
v0x5e02002f9fb0_0 .var "data_read", 0 0;
v0x5e02002fa080_0 .var "data_write", 0 0;
v0x5e02002fa140_0 .var "jalr", 0 0;
v0x5e02002fa250_0 .var "jump", 0 0;
v0x5e02002fa310_0 .var "mem_to_reg", 0 0;
v0x5e02002fa3d0_0 .net "opcode", 6 0, v0x5e02002fd490_0;  alias, 1 drivers
v0x5e02002fa4b0_0 .var "reg_write", 0 0;
E_0x5e02000fdaf0 .event anyedge, v0x5e02002fa3d0_0;
S_0x5e02002fa690 .scope module, "my_dmem" "data_mem" 4 181, 9 1 0, S_0x5e02002bf1d0;
 .timescale 0 0;
    .port_info 0 /INPUT 1 "clk";
    .port_info 1 /INPUT 1 "mem_write";
    .port_info 2 /INPUT 1 "mem_read";
    .port_info 3 /INPUT 3 "funct3";
    .port_info 4 /INPUT 32 "addr";
    .port_info 5 /INPUT 32 "write_data";
    .port_info 6 /OUTPUT 32 "read_data";
L_0x5e0200346c70 .functor BUFZ 32, L_0x5e0200346950, C4<00000000000000000000000000000000>, C4<00000000000000000000000000000000>, C4<00000000000000000000000000000000>;
v0x5e02002fa8f0_0 .net *"_ivl_0", 31 0, L_0x5e0200346950;  1 drivers
v0x5e02002fa9f0_0 .net *"_ivl_3", 7 0, L_0x5e02003469f0;  1 drivers
v0x5e02002faad0_0 .net *"_ivl_4", 9 0, L_0x5e0200346ae0;  1 drivers
L_0x70d9121283c0 .functor BUFT 1, C4<00>, C4<0>, C4<0>, C4<0>;
v0x5e02002fabc0_0 .net *"_ivl_7", 1 0, L_0x70d9121283c0;  1 drivers
v0x5e02002faca0_0 .net "addr", 31 0, v0x5e0200300b20_0;  1 drivers
v0x5e02002fadd0_0 .net "clk", 0 0, v0x5e0200305520_0;  alias, 1 drivers
v0x5e02002fae90 .array "data", 255 0, 31 0;
v0x5e02002faf50_0 .net "funct3", 2 0, v0x5e0200300fe0_0;  1 drivers
v0x5e02002fb030_0 .net "mem_read", 0 0, v0x5e0200300e40_0;  1 drivers
v0x5e02002fb0f0_0 .net "mem_write", 0 0, v0x5e0200300f10_0;  1 drivers
v0x5e02002fb1b0_0 .var "read_data", 31 0;
v0x5e02002fb290_0 .net "word", 31 0, L_0x5e0200346c70;  1 drivers
v0x5e02002fb370_0 .net "write_data", 31 0, v0x5e02003014f0_0;  1 drivers
E_0x5e02000fdc10 .event anyedge, v0x5e02002fb030_0, v0x5e02002faf50_0, v0x5e02002faca0_0, v0x5e02002fb290_0;
L_0x5e0200346950 .array/port v0x5e02002fae90, L_0x5e0200346ae0;
L_0x5e02003469f0 .part v0x5e0200300b20_0, 2, 8;
L_0x5e0200346ae0 .concat [ 8 2 0 0], L_0x5e02003469f0, L_0x70d9121283c0;
S_0x5e02002fb530 .scope module, "my_fwd" "forwarding_unit" 4 192, 10 1 0, S_0x5e02002bf1d0;
 .timescale 0 0;
    .port_info 0 /INPUT 5 "ID_EX_rs1";
    .port_info 1 /INPUT 5 "ID_EX_rs2";
    .port_info 2 /INPUT 5 "EX_MEM_rd";
    .port_info 3 /INPUT 5 "MEM_WB_rd";
    .port_info 4 /INPUT 1 "EX_MEM_reg_write";
    .port_info 5 /INPUT 1 "MEM_WB_reg_write";
    .port_info 6 /OUTPUT 2 "fwd_a";
    .port_info 7 /OUTPUT 2 "fwd_b";
v0x5e02002fb850_0 .net "EX_MEM_rd", 4 0, v0x5e02003015e0_0;  1 drivers
v0x5e02002fb950_0 .net "EX_MEM_reg_write", 0 0, v0x5e02003017c0_0;  1 drivers
v0x5e02002fba10_0 .net "ID_EX_rs1", 4 0, v0x5e02003028a0_0;  1 drivers
v0x5e02002fbad0_0 .net "ID_EX_rs2", 4 0, v0x5e0200302990_0;  1 drivers
v0x5e02002fbbb0_0 .net "MEM_WB_rd", 4 0, v0x5e0200302f30_0;  1 drivers
v0x5e02002fbce0_0 .net "MEM_WB_reg_write", 0 0, v0x5e02003030d0_0;  1 drivers
v0x5e02002fbda0_0 .var "fwd_a", 1 0;
v0x5e02002fbe80_0 .var "fwd_b", 1 0;
E_0x5e02000fd790/0 .event anyedge, v0x5e02002fb950_0, v0x5e02002fb850_0, v0x5e02002fba10_0, v0x5e02002fbce0_0;
E_0x5e02000fd790/1 .event anyedge, v0x5e02002fbbb0_0, v0x5e02002fbad0_0;
E_0x5e02000fd790 .event/or E_0x5e02000fd790/0, E_0x5e02000fd790/1;
S_0x5e02002fc0b0 .scope module, "my_hazard" "hazard_unit" 4 203, 11 1 0, S_0x5e02002bf1d0;
 .timescale 0 0;
    .port_info 0 /INPUT 1 "ID_EX_data_read";
    .port_info 1 /INPUT 5 "ID_EX_rd";
    .port_info 2 /INPUT 5 "IF_ID_rs1";
    .port_info 3 /INPUT 5 "IF_ID_rs2";
    .port_info 4 /OUTPUT 1 "stall";
v0x5e02002fc2e0_0 .net "ID_EX_data_read", 0 0, v0x5e0200301b70_0;  1 drivers
v0x5e02002fc3c0_0 .net "ID_EX_rd", 4 0, v0x5e0200302710_0;  1 drivers
v0x5e02002fc4a0_0 .net "IF_ID_rs1", 4 0, L_0x5e0200346d30;  1 drivers
v0x5e02002fc590_0 .net "IF_ID_rs2", 4 0, L_0x5e0200346e20;  1 drivers
v0x5e02002fc670_0 .var "stall", 0 0;
E_0x5e02002bd3f0 .event anyedge, v0x5e02002fc2e0_0, v0x5e02002fc3c0_0, v0x5e02002fc4a0_0, v0x5e02002fc590_0;
S_0x5e02002fc820 .scope module, "my_idec" "instdecoder" 4 128, 12 1 0, S_0x5e02002bf1d0;
 .timescale 0 0;
    .port_info 0 /INPUT 32 "instr";
    .port_info 1 /OUTPUT 7 "funct7";
    .port_info 2 /OUTPUT 5 "rs1";
    .port_info 3 /OUTPUT 5 "rs2";
    .port_info 4 /OUTPUT 5 "rd";
    .port_info 5 /OUTPUT 3 "funct3";
    .port_info 6 /OUTPUT 7 "opcode";
    .port_info 7 /OUTPUT 32 "imm";
    .port_info 8 /OUTPUT 3 "inst_type";
P_0x5e02002fca00 .param/l "B_type" 1 12 12, C4<011>;
P_0x5e02002fca40 .param/l "I_type" 1 12 12, C4<001>;
P_0x5e02002fca80 .param/l "J_type" 1 12 12, C4<101>;
P_0x5e02002fcac0 .param/l "R_type" 1 12 12, C4<000>;
P_0x5e02002fcb00 .param/l "S_type" 1 12 12, C4<010>;
P_0x5e02002fcb40 .param/l "U_type" 1 12 12, C4<100>;
v0x5e02002fcfe0_0 .var "funct3", 2 0;
v0x5e02002fd0e0_0 .var "funct7", 6 0;
v0x5e02002fd1c0_0 .var "imm", 31 0;
v0x5e02002fd280_0 .var "inst_type", 2 0;
v0x5e02002fd360_0 .net "instr", 31 0, v0x5e0200302a60_0;  1 drivers
v0x5e02002fd490_0 .var "opcode", 6 0;
v0x5e02002fd550_0 .var "rd", 4 0;
v0x5e02002fd610_0 .var "rs1", 4 0;
v0x5e02002fd6f0_0 .var "rs2", 4 0;
E_0x5e02002fcf80 .event anyedge, v0x5e02002fd360_0;
S_0x5e02002fd980 .scope module, "my_imem" "instmem" 4 123, 13 1 0, S_0x5e02002bf1d0;
 .timescale 0 0;
    .port_info 0 /INPUT 32 "addr";
    .port_info 1 /OUTPUT 32 "instr";
L_0x5e02002aa070 .functor BUFZ 32, L_0x5e0200305a80, C4<00000000000000000000000000000000>, C4<00000000000000000000000000000000>, C4<00000000000000000000000000000000>;
v0x5e02002fdb70_0 .net *"_ivl_0", 31 0, L_0x5e0200305a80;  1 drivers
v0x5e02002fdc70_0 .net *"_ivl_3", 7 0, L_0x5e0200305b20;  1 drivers
v0x5e02002fdd50_0 .net *"_ivl_4", 9 0, L_0x5e0200305bc0;  1 drivers
L_0x70d912128018 .functor BUFT 1, C4<00>, C4<0>, C4<0>, C4<0>;
v0x5e02002fde40_0 .net *"_ivl_7", 1 0, L_0x70d912128018;  1 drivers
v0x5e02002fdf20_0 .net "addr", 31 0, v0x5e02002fe5a0_0;  alias, 1 drivers
v0x5e02002fe050_0 .net "instr", 31 0, L_0x5e02002aa070;  alias, 1 drivers
v0x5e02002fe130 .array "rom", 255 0, 31 0;
L_0x5e0200305a80 .array/port v0x5e02002fe130, L_0x5e0200305bc0;
L_0x5e0200305b20 .part v0x5e02002fe5a0_0, 2, 8;
L_0x5e0200305bc0 .concat [ 8 2 0 0], L_0x5e0200305b20, L_0x70d912128018;
S_0x5e02002fe250 .scope module, "my_pc" "prog_counter" 4 114, 14 1 0, S_0x5e02002bf1d0;
 .timescale 0 0;
    .port_info 0 /INPUT 1 "clk";
    .port_info 1 /INPUT 1 "rst";
    .port_info 2 /INPUT 1 "b_ena";
    .port_info 3 /INPUT 1 "stall";
    .port_info 4 /INPUT 32 "target";
    .port_info 5 /OUTPUT 32 "addr";
v0x5e02002fe5a0_0 .var "addr", 31 0;
v0x5e02002fe660_0 .net "b_ena", 0 0, L_0x5e02001ad280;  1 drivers
v0x5e02002fe700_0 .net "clk", 0 0, v0x5e0200305520_0;  alias, 1 drivers
v0x5e02002fe800_0 .net "rst", 0 0, v0x5e0200305740_0;  alias, 1 drivers
v0x5e02002fe8a0_0 .net "stall", 0 0, v0x5e02002fc670_0;  alias, 1 drivers
v0x5e02002fe940_0 .net "target", 31 0, v0x5e0200300d80_0;  1 drivers
S_0x5e02002feae0 .scope module, "my_regs" "reg_file" 4 140, 15 1 0, S_0x5e02002bf1d0;
 .timescale 0 0;
    .port_info 0 /INPUT 32 "data";
    .port_info 1 /INPUT 1 "reg_write";
    .port_info 2 /INPUT 1 "clk";
    .port_info 3 /INPUT 5 "rs1";
    .port_info 4 /INPUT 5 "rs2";
    .port_info 5 /INPUT 5 "rd";
    .port_info 6 /OUTPUT 32 "r1";
    .port_info 7 /OUTPUT 32 "r2";
L_0x5e02001ab010 .functor AND 1, v0x5e02003030d0_0, L_0x5e0200305df0, C4<1>, C4<1>;
L_0x5e0200316130 .functor AND 1, L_0x5e02001ab010, L_0x5e0200315fc0, C4<1>, C4<1>;
L_0x5e0200316750 .functor AND 1, v0x5e02003030d0_0, L_0x5e02003166b0, C4<1>, C4<1>;
L_0x5e0200316b20 .functor AND 1, L_0x5e0200316750, L_0x5e02003169e0, C4<1>, C4<1>;
v0x5e02002fede0_0 .net *"_ivl_0", 0 0, L_0x5e0200305df0;  1 drivers
v0x5e02002feec0_0 .net *"_ivl_10", 0 0, L_0x5e0200315fc0;  1 drivers
v0x5e02002fef80_0 .net *"_ivl_13", 0 0, L_0x5e0200316130;  1 drivers
v0x5e02002ff050_0 .net *"_ivl_14", 31 0, L_0x5e0200316240;  1 drivers
v0x5e02002ff130_0 .net *"_ivl_16", 6 0, L_0x5e0200316310;  1 drivers
L_0x70d9121280f0 .functor BUFT 1, C4<00>, C4<0>, C4<0>, C4<0>;
v0x5e02002ff260_0 .net *"_ivl_19", 1 0, L_0x70d9121280f0;  1 drivers
v0x5e02002ff340_0 .net *"_ivl_22", 0 0, L_0x5e02003166b0;  1 drivers
v0x5e02002ff400_0 .net *"_ivl_25", 0 0, L_0x5e0200316750;  1 drivers
v0x5e02002ff4c0_0 .net *"_ivl_26", 31 0, L_0x5e0200316850;  1 drivers
L_0x70d912128138 .functor BUFT 1, C4<000000000000000000000000000>, C4<0>, C4<0>, C4<0>;
v0x5e02002ff630_0 .net *"_ivl_29", 26 0, L_0x70d912128138;  1 drivers
v0x5e02002ff710_0 .net *"_ivl_3", 0 0, L_0x5e02001ab010;  1 drivers
L_0x70d912128180 .functor BUFT 1, C4<00000000000000000000000000000000>, C4<0>, C4<0>, C4<0>;
v0x5e02002ff7d0_0 .net/2u *"_ivl_30", 31 0, L_0x70d912128180;  1 drivers
v0x5e02002ff8b0_0 .net *"_ivl_32", 0 0, L_0x5e02003169e0;  1 drivers
v0x5e02002ff970_0 .net *"_ivl_35", 0 0, L_0x5e0200316b20;  1 drivers
v0x5e02002ffa30_0 .net *"_ivl_36", 31 0, L_0x5e0200316c30;  1 drivers
v0x5e02002ffb10_0 .net *"_ivl_38", 6 0, L_0x5e0200316d30;  1 drivers
v0x5e02002ffbf0_0 .net *"_ivl_4", 31 0, L_0x5e0200305ee0;  1 drivers
L_0x70d9121281c8 .functor BUFT 1, C4<00>, C4<0>, C4<0>, C4<0>;
v0x5e02002ffde0_0 .net *"_ivl_41", 1 0, L_0x70d9121281c8;  1 drivers
L_0x70d912128060 .functor BUFT 1, C4<000000000000000000000000000>, C4<0>, C4<0>, C4<0>;
v0x5e02002ffec0_0 .net *"_ivl_7", 26 0, L_0x70d912128060;  1 drivers
L_0x70d9121280a8 .functor BUFT 1, C4<00000000000000000000000000000000>, C4<0>, C4<0>, C4<0>;
v0x5e02002fffa0_0 .net/2u *"_ivl_8", 31 0, L_0x70d9121280a8;  1 drivers
v0x5e0200300080_0 .net "clk", 0 0, v0x5e0200305520_0;  alias, 1 drivers
v0x5e0200300120_0 .net "data", 31 0, v0x5e02003053e0_0;  1 drivers
v0x5e0200300200_0 .var/i "i", 31 0;
v0x5e02003002e0_0 .net "r1", 31 0, L_0x5e0200316490;  alias, 1 drivers
v0x5e02003003c0_0 .net "r2", 31 0, L_0x5e0200316e60;  alias, 1 drivers
v0x5e02003004a0_0 .net "rd", 4 0, v0x5e0200302f30_0;  alias, 1 drivers
v0x5e0200300560_0 .net "reg_write", 0 0, v0x5e02003030d0_0;  alias, 1 drivers
v0x5e0200300600 .array "registers", 31 0, 31 0;
v0x5e02003006a0_0 .net "rs1", 4 0, v0x5e02002fd610_0;  alias, 1 drivers
v0x5e0200300770_0 .net "rs2", 4 0, v0x5e02002fd6f0_0;  alias, 1 drivers
L_0x5e0200305df0 .cmp/eq 5, v0x5e0200302f30_0, v0x5e02002fd610_0;
L_0x5e0200305ee0 .concat [ 5 27 0 0], v0x5e0200302f30_0, L_0x70d912128060;
L_0x5e0200315fc0 .cmp/ne 32, L_0x5e0200305ee0, L_0x70d9121280a8;
L_0x5e0200316240 .array/port v0x5e0200300600, L_0x5e0200316310;
L_0x5e0200316310 .concat [ 5 2 0 0], v0x5e02002fd610_0, L_0x70d9121280f0;
L_0x5e0200316490 .functor MUXZ 32, L_0x5e0200316240, v0x5e02003053e0_0, L_0x5e0200316130, C4<>;
L_0x5e02003166b0 .cmp/eq 5, v0x5e0200302f30_0, v0x5e02002fd6f0_0;
L_0x5e0200316850 .concat [ 5 27 0 0], v0x5e0200302f30_0, L_0x70d912128138;
L_0x5e02003169e0 .cmp/ne 32, L_0x5e0200316850, L_0x70d912128180;
L_0x5e0200316c30 .array/port v0x5e0200300600, L_0x5e0200316d30;
L_0x5e0200316d30 .concat [ 5 2 0 0], v0x5e02002fd6f0_0, L_0x70d9121281c8;
L_0x5e0200316e60 .functor MUXZ 32, L_0x5e0200316c30, v0x5e02003053e0_0, L_0x5e0200316b20, C4<>;
    .scope S_0x5e02002fe250;
T_2 ;
    %wait E_0x5e020011a620;
    %load/vec4 v0x5e02002fe8a0_0;
    %flag_set/vec4 8;
    %jmp/0xz  T_2.0, 8;
    %load/vec4 v0x5e02002fe5a0_0;
    %assign/vec4 v0x5e02002fe5a0_0, 0;
    %jmp T_2.1;
T_2.0 ;
    %load/vec4 v0x5e02002fe800_0;
    %flag_set/vec4 8;
    %jmp/0xz  T_2.2, 8;
    %pushi/vec4 0, 0, 32;
    %assign/vec4 v0x5e02002fe5a0_0, 0;
    %jmp T_2.3;
T_2.2 ;
    %load/vec4 v0x5e02002fe660_0;
    %flag_set/vec4 8;
    %jmp/0xz  T_2.4, 8;
    %load/vec4 v0x5e02002fe940_0;
    %assign/vec4 v0x5e02002fe5a0_0, 0;
    %jmp T_2.5;
T_2.4 ;
    %load/vec4 v0x5e02002fe5a0_0;
    %addi 4, 0, 32;
    %assign/vec4 v0x5e02002fe5a0_0, 0;
T_2.5 ;
T_2.3 ;
T_2.1 ;
    %jmp T_2;
    .thread T_2;
    .scope S_0x5e02002fd980;
T_3 ;
    %vpi_call/w 13 8 "$readmemh", "instmemp.hex", v0x5e02002fe130 {0 0 0};
    %end;
    .thread T_3;
    .scope S_0x5e02002fc820;
T_4 ;
    %wait E_0x5e02002fcf80;
    %pushi/vec4 0, 0, 7;
    %store/vec4 v0x5e02002fd0e0_0, 0, 7;
    %pushi/vec4 0, 0, 5;
    %store/vec4 v0x5e02002fd610_0, 0, 5;
    %pushi/vec4 0, 0, 5;
    %store/vec4 v0x5e02002fd6f0_0, 0, 5;
    %pushi/vec4 0, 0, 5;
    %store/vec4 v0x5e02002fd550_0, 0, 5;
    %pushi/vec4 0, 0, 3;
    %store/vec4 v0x5e02002fcfe0_0, 0, 3;
    %pushi/vec4 0, 0, 7;
    %store/vec4 v0x5e02002fd490_0, 0, 7;
    %pushi/vec4 0, 0, 32;
    %store/vec4 v0x5e02002fd1c0_0, 0, 32;
    %pushi/vec4 0, 0, 3;
    %store/vec4 v0x5e02002fd280_0, 0, 3;
    %load/vec4 v0x5e02002fd360_0;
    %parti/s 7, 0, 2;
    %dup/vec4;
    %pushi/vec4 51, 0, 7;
    %cmp/u;
    %jmp/1 T_4.0, 6;
    %dup/vec4;
    %pushi/vec4 19, 0, 7;
    %cmp/u;
    %jmp/1 T_4.1, 6;
    %dup/vec4;
    %pushi/vec4 3, 0, 7;
    %cmp/u;
    %jmp/1 T_4.2, 6;
    %dup/vec4;
    %pushi/vec4 103, 0, 7;
    %cmp/u;
    %jmp/1 T_4.3, 6;
    %dup/vec4;
    %pushi/vec4 35, 0, 7;
    %cmp/u;
    %jmp/1 T_4.4, 6;
    %dup/vec4;
    %pushi/vec4 99, 0, 7;
    %cmp/u;
    %jmp/1 T_4.5, 6;
    %dup/vec4;
    %pushi/vec4 55, 0, 7;
    %cmp/u;
    %jmp/1 T_4.6, 6;
    %dup/vec4;
    %pushi/vec4 23, 0, 7;
    %cmp/u;
    %jmp/1 T_4.7, 6;
    %dup/vec4;
    %pushi/vec4 111, 0, 7;
    %cmp/u;
    %jmp/1 T_4.8, 6;
    %jmp T_4.9;
T_4.0 ;
    %load/vec4 v0x5e02002fd360_0;
    %parti/s 7, 25, 6;
    %store/vec4 v0x5e02002fd0e0_0, 0, 7;
    %load/vec4 v0x5e02002fd360_0;
    %parti/s 5, 20, 6;
    %store/vec4 v0x5e02002fd6f0_0, 0, 5;
    %load/vec4 v0x5e02002fd360_0;
    %parti/s 5, 15, 5;
    %store/vec4 v0x5e02002fd610_0, 0, 5;
    %load/vec4 v0x5e02002fd360_0;
    %parti/s 3, 12, 5;
    %store/vec4 v0x5e02002fcfe0_0, 0, 3;
    %load/vec4 v0x5e02002fd360_0;
    %parti/s 5, 7, 4;
    %store/vec4 v0x5e02002fd550_0, 0, 5;
    %load/vec4 v0x5e02002fd360_0;
    %parti/s 7, 0, 2;
    %store/vec4 v0x5e02002fd490_0, 0, 7;
    %pushi/vec4 0, 0, 3;
    %store/vec4 v0x5e02002fd280_0, 0, 3;
    %jmp T_4.9;
T_4.1 ;
    %load/vec4 v0x5e02002fd360_0;
    %parti/s 1, 31, 6;
    %replicate 20;
    %load/vec4 v0x5e02002fd360_0;
    %parti/s 12, 20, 6;
    %concat/vec4; draw_concat_vec4
    %store/vec4 v0x5e02002fd1c0_0, 0, 32;
    %load/vec4 v0x5e02002fd360_0;
    %parti/s 5, 15, 5;
    %store/vec4 v0x5e02002fd610_0, 0, 5;
    %load/vec4 v0x5e02002fd360_0;
    %parti/s 3, 12, 5;
    %store/vec4 v0x5e02002fcfe0_0, 0, 3;
    %load/vec4 v0x5e02002fd360_0;
    %parti/s 5, 7, 4;
    %store/vec4 v0x5e02002fd550_0, 0, 5;
    %load/vec4 v0x5e02002fd360_0;
    %parti/s 7, 0, 2;
    %store/vec4 v0x5e02002fd490_0, 0, 7;
    %pushi/vec4 1, 0, 3;
    %store/vec4 v0x5e02002fd280_0, 0, 3;
    %jmp T_4.9;
T_4.2 ;
    %load/vec4 v0x5e02002fd360_0;
    %parti/s 1, 31, 6;
    %replicate 20;
    %load/vec4 v0x5e02002fd360_0;
    %parti/s 12, 20, 6;
    %concat/vec4; draw_concat_vec4
    %store/vec4 v0x5e02002fd1c0_0, 0, 32;
    %load/vec4 v0x5e02002fd360_0;
    %parti/s 5, 15, 5;
    %store/vec4 v0x5e02002fd610_0, 0, 5;
    %load/vec4 v0x5e02002fd360_0;
    %parti/s 3, 12, 5;
    %store/vec4 v0x5e02002fcfe0_0, 0, 3;
    %load/vec4 v0x5e02002fd360_0;
    %parti/s 5, 7, 4;
    %store/vec4 v0x5e02002fd550_0, 0, 5;
    %load/vec4 v0x5e02002fd360_0;
    %parti/s 7, 0, 2;
    %store/vec4 v0x5e02002fd490_0, 0, 7;
    %pushi/vec4 1, 0, 3;
    %store/vec4 v0x5e02002fd280_0, 0, 3;
    %jmp T_4.9;
T_4.3 ;
    %load/vec4 v0x5e02002fd360_0;
    %parti/s 1, 31, 6;
    %replicate 20;
    %load/vec4 v0x5e02002fd360_0;
    %parti/s 12, 20, 6;
    %concat/vec4; draw_concat_vec4
    %store/vec4 v0x5e02002fd1c0_0, 0, 32;
    %load/vec4 v0x5e02002fd360_0;
    %parti/s 5, 15, 5;
    %store/vec4 v0x5e02002fd610_0, 0, 5;
    %load/vec4 v0x5e02002fd360_0;
    %parti/s 3, 12, 5;
    %store/vec4 v0x5e02002fcfe0_0, 0, 3;
    %load/vec4 v0x5e02002fd360_0;
    %parti/s 5, 7, 4;
    %store/vec4 v0x5e02002fd550_0, 0, 5;
    %load/vec4 v0x5e02002fd360_0;
    %parti/s 7, 0, 2;
    %store/vec4 v0x5e02002fd490_0, 0, 7;
    %pushi/vec4 1, 0, 3;
    %store/vec4 v0x5e02002fd280_0, 0, 3;
    %jmp T_4.9;
T_4.4 ;
    %load/vec4 v0x5e02002fd360_0;
    %parti/s 7, 25, 6;
    %ix/load 4, 5, 0;
    %flag_set/imm 4, 0;
    %store/vec4 v0x5e02002fd1c0_0, 4, 7;
    %load/vec4 v0x5e02002fd360_0;
    %parti/s 5, 20, 6;
    %store/vec4 v0x5e02002fd6f0_0, 0, 5;
    %load/vec4 v0x5e02002fd360_0;
    %parti/s 5, 15, 5;
    %store/vec4 v0x5e02002fd610_0, 0, 5;
    %load/vec4 v0x5e02002fd360_0;
    %parti/s 3, 12, 5;
    %store/vec4 v0x5e02002fcfe0_0, 0, 3;
    %load/vec4 v0x5e02002fd360_0;
    %parti/s 5, 7, 4;
    %ix/load 4, 0, 0;
    %flag_set/imm 4, 0;
    %store/vec4 v0x5e02002fd1c0_0, 4, 5;
    %load/vec4 v0x5e02002fd360_0;
    %parti/s 7, 0, 2;
    %store/vec4 v0x5e02002fd490_0, 0, 7;
    %pushi/vec4 2, 0, 3;
    %store/vec4 v0x5e02002fd280_0, 0, 3;
    %load/vec4 v0x5e02002fd360_0;
    %parti/s 1, 31, 6;
    %replicate 20;
    %ix/load 4, 12, 0;
    %flag_set/imm 4, 0;
    %store/vec4 v0x5e02002fd1c0_0, 4, 20;
    %jmp T_4.9;
T_4.5 ;
    %load/vec4 v0x5e02002fd360_0;
    %parti/s 1, 31, 6;
    %ix/load 4, 12, 0;
    %flag_set/imm 4, 0;
    %store/vec4 v0x5e02002fd1c0_0, 4, 1;
    %load/vec4 v0x5e02002fd360_0;
    %parti/s 6, 25, 6;
    %ix/load 4, 5, 0;
    %flag_set/imm 4, 0;
    %store/vec4 v0x5e02002fd1c0_0, 4, 6;
    %load/vec4 v0x5e02002fd360_0;
    %parti/s 5, 20, 6;
    %store/vec4 v0x5e02002fd6f0_0, 0, 5;
    %load/vec4 v0x5e02002fd360_0;
    %parti/s 5, 15, 5;
    %store/vec4 v0x5e02002fd610_0, 0, 5;
    %load/vec4 v0x5e02002fd360_0;
    %parti/s 3, 12, 5;
    %store/vec4 v0x5e02002fcfe0_0, 0, 3;
    %load/vec4 v0x5e02002fd360_0;
    %parti/s 4, 8, 5;
    %ix/load 4, 1, 0;
    %flag_set/imm 4, 0;
    %store/vec4 v0x5e02002fd1c0_0, 4, 4;
    %load/vec4 v0x5e02002fd360_0;
    %parti/s 1, 7, 4;
    %ix/load 4, 11, 0;
    %flag_set/imm 4, 0;
    %store/vec4 v0x5e02002fd1c0_0, 4, 1;
    %load/vec4 v0x5e02002fd360_0;
    %parti/s 7, 0, 2;
    %store/vec4 v0x5e02002fd490_0, 0, 7;
    %pushi/vec4 3, 0, 3;
    %store/vec4 v0x5e02002fd280_0, 0, 3;
    %load/vec4 v0x5e02002fd360_0;
    %parti/s 1, 31, 6;
    %replicate 20;
    %ix/load 4, 12, 0;
    %flag_set/imm 4, 0;
    %store/vec4 v0x5e02002fd1c0_0, 4, 20;
    %jmp T_4.9;
T_4.6 ;
    %load/vec4 v0x5e02002fd360_0;
    %parti/s 20, 12, 5;
    %ix/load 4, 12, 0;
    %flag_set/imm 4, 0;
    %store/vec4 v0x5e02002fd1c0_0, 4, 20;
    %load/vec4 v0x5e02002fd360_0;
    %parti/s 5, 7, 4;
    %store/vec4 v0x5e02002fd550_0, 0, 5;
    %load/vec4 v0x5e02002fd360_0;
    %parti/s 7, 0, 2;
    %store/vec4 v0x5e02002fd490_0, 0, 7;
    %pushi/vec4 4, 0, 3;
    %store/vec4 v0x5e02002fd280_0, 0, 3;
    %jmp T_4.9;
T_4.7 ;
    %load/vec4 v0x5e02002fd360_0;
    %parti/s 20, 12, 5;
    %ix/load 4, 12, 0;
    %flag_set/imm 4, 0;
    %store/vec4 v0x5e02002fd1c0_0, 4, 20;
    %load/vec4 v0x5e02002fd360_0;
    %parti/s 5, 7, 4;
    %store/vec4 v0x5e02002fd550_0, 0, 5;
    %load/vec4 v0x5e02002fd360_0;
    %parti/s 7, 0, 2;
    %store/vec4 v0x5e02002fd490_0, 0, 7;
    %pushi/vec4 4, 0, 3;
    %store/vec4 v0x5e02002fd280_0, 0, 3;
    %jmp T_4.9;
T_4.8 ;
    %load/vec4 v0x5e02002fd360_0;
    %parti/s 1, 31, 6;
    %ix/load 4, 20, 0;
    %flag_set/imm 4, 0;
    %store/vec4 v0x5e02002fd1c0_0, 4, 1;
    %load/vec4 v0x5e02002fd360_0;
    %parti/s 10, 21, 6;
    %ix/load 4, 1, 0;
    %flag_set/imm 4, 0;
    %store/vec4 v0x5e02002fd1c0_0, 4, 10;
    %load/vec4 v0x5e02002fd360_0;
    %parti/s 1, 20, 6;
    %ix/load 4, 11, 0;
    %flag_set/imm 4, 0;
    %store/vec4 v0x5e02002fd1c0_0, 4, 1;
    %load/vec4 v0x5e02002fd360_0;
    %parti/s 8, 12, 5;
    %ix/load 4, 12, 0;
    %flag_set/imm 4, 0;
    %store/vec4 v0x5e02002fd1c0_0, 4, 8;
    %load/vec4 v0x5e02002fd360_0;
    %parti/s 5, 7, 4;
    %store/vec4 v0x5e02002fd550_0, 0, 5;
    %load/vec4 v0x5e02002fd360_0;
    %parti/s 7, 0, 2;
    %store/vec4 v0x5e02002fd490_0, 0, 7;
    %pushi/vec4 5, 0, 3;
    %store/vec4 v0x5e02002fd280_0, 0, 3;
    %load/vec4 v0x5e02002fd360_0;
    %parti/s 1, 31, 6;
    %replicate 11;
    %ix/load 4, 21, 0;
    %flag_set/imm 4, 0;
    %store/vec4 v0x5e02002fd1c0_0, 4, 11;
    %jmp T_4.9;
T_4.9 ;
    %pop/vec4 1;
    %jmp T_4;
    .thread T_4, $push;
    .scope S_0x5e02002feae0;
T_5 ;
    %wait E_0x5e020011a620;
    %load/vec4 v0x5e0200300560_0;
    %flag_set/vec4 9;
    %flag_get/vec4 9;
    %jmp/0 T_5.2, 9;
    %load/vec4 v0x5e02003004a0_0;
    %pad/u 32;
    %pushi/vec4 0, 0, 32;
    %cmp/ne;
    %flag_get/vec4 4;
    %and;
T_5.2;
    %flag_set/vec4 8;
    %jmp/0xz  T_5.0, 8;
    %load/vec4 v0x5e0200300120_0;
    %load/vec4 v0x5e02003004a0_0;
    %pad/u 7;
    %ix/vec4 3;
    %ix/load 4, 0, 0; Constant delay
    %assign/vec4/a/d v0x5e0200300600, 0, 4;
T_5.0 ;
    %jmp T_5;
    .thread T_5;
    .scope S_0x5e02002feae0;
T_6 ;
    %pushi/vec4 0, 0, 32;
    %store/vec4 v0x5e0200300200_0, 0, 32;
T_6.0 ;
    %load/vec4 v0x5e0200300200_0;
    %cmpi/s 32, 0, 32;
    %jmp/0xz T_6.1, 5;
    %pushi/vec4 0, 0, 32;
    %ix/getv/s 4, v0x5e0200300200_0;
    %store/vec4a v0x5e0200300600, 4, 0;
    %load/vec4 v0x5e0200300200_0;
    %addi 1, 0, 32;
    %store/vec4 v0x5e0200300200_0, 0, 32;
    %jmp T_6.0;
T_6.1 ;
    %end;
    .thread T_6;
    .scope S_0x5e02002f9ae0;
T_7 ;
    %wait E_0x5e02000fdaf0;
    %pushi/vec4 0, 0, 1;
    %store/vec4 v0x5e02002fa4b0_0, 0, 1;
    %pushi/vec4 0, 0, 1;
    %store/vec4 v0x5e02002fa080_0, 0, 1;
    %pushi/vec4 0, 0, 1;
    %store/vec4 v0x5e02002f9fb0_0, 0, 1;
    %pushi/vec4 0, 0, 1;
    %store/vec4 v0x5e02002fa310_0, 0, 1;
    %pushi/vec4 0, 0, 1;
    %store/vec4 v0x5e02002f9e10_0, 0, 1;
    %pushi/vec4 0, 0, 1;
    %store/vec4 v0x5e02002f9ef0_0, 0, 1;
    %pushi/vec4 0, 0, 1;
    %store/vec4 v0x5e02002fa250_0, 0, 1;
    %pushi/vec4 0, 0, 1;
    %store/vec4 v0x5e02002fa140_0, 0, 1;
    %load/vec4 v0x5e02002fa3d0_0;
    %dup/vec4;
    %pushi/vec4 51, 0, 7;
    %cmp/u;
    %jmp/1 T_7.0, 6;
    %dup/vec4;
    %pushi/vec4 19, 0, 7;
    %cmp/u;
    %jmp/1 T_7.1, 6;
    %dup/vec4;
    %pushi/vec4 3, 0, 7;
    %cmp/u;
    %jmp/1 T_7.2, 6;
    %dup/vec4;
    %pushi/vec4 35, 0, 7;
    %cmp/u;
    %jmp/1 T_7.3, 6;
    %dup/vec4;
    %pushi/vec4 99, 0, 7;
    %cmp/u;
    %jmp/1 T_7.4, 6;
    %dup/vec4;
    %pushi/vec4 111, 0, 7;
    %cmp/u;
    %jmp/1 T_7.5, 6;
    %dup/vec4;
    %pushi/vec4 103, 0, 7;
    %cmp/u;
    %jmp/1 T_7.6, 6;
    %dup/vec4;
    %pushi/vec4 55, 0, 7;
    %cmp/u;
    %jmp/1 T_7.7, 6;
    %dup/vec4;
    %pushi/vec4 23, 0, 7;
    %cmp/u;
    %jmp/1 T_7.8, 6;
    %jmp T_7.9;
T_7.0 ;
    %pushi/vec4 1, 0, 1;
    %store/vec4 v0x5e02002fa4b0_0, 0, 1;
    %jmp T_7.9;
T_7.1 ;
    %pushi/vec4 1, 0, 1;
    %store/vec4 v0x5e02002fa4b0_0, 0, 1;
    %pushi/vec4 1, 0, 1;
    %store/vec4 v0x5e02002f9e10_0, 0, 1;
    %jmp T_7.9;
T_7.2 ;
    %pushi/vec4 1, 0, 1;
    %store/vec4 v0x5e02002fa4b0_0, 0, 1;
    %pushi/vec4 1, 0, 1;
    %store/vec4 v0x5e02002f9fb0_0, 0, 1;
    %pushi/vec4 1, 0, 1;
    %store/vec4 v0x5e02002fa310_0, 0, 1;
    %pushi/vec4 1, 0, 1;
    %store/vec4 v0x5e02002f9e10_0, 0, 1;
    %jmp T_7.9;
T_7.3 ;
    %pushi/vec4 1, 0, 1;
    %store/vec4 v0x5e02002fa080_0, 0, 1;
    %pushi/vec4 1, 0, 1;
    %store/vec4 v0x5e02002f9e10_0, 0, 1;
    %jmp T_7.9;
T_7.4 ;
    %pushi/vec4 1, 0, 1;
    %store/vec4 v0x5e02002f9ef0_0, 0, 1;
    %jmp T_7.9;
T_7.5 ;
    %pushi/vec4 1, 0, 1;
    %store/vec4 v0x5e02002fa4b0_0, 0, 1;
    %pushi/vec4 1, 0, 1;
    %store/vec4 v0x5e02002fa250_0, 0, 1;
    %jmp T_7.9;
T_7.6 ;
    %pushi/vec4 1, 0, 1;
    %store/vec4 v0x5e02002fa4b0_0, 0, 1;
    %pushi/vec4 1, 0, 1;
    %store/vec4 v0x5e02002fa250_0, 0, 1;
    %pushi/vec4 1, 0, 1;
    %store/vec4 v0x5e02002fa140_0, 0, 1;
    %pushi/vec4 1, 0, 1;
    %store/vec4 v0x5e02002f9e10_0, 0, 1;
    %jmp T_7.9;
T_7.7 ;
    %pushi/vec4 1, 0, 1;
    %store/vec4 v0x5e02002fa4b0_0, 0, 1;
    %pushi/vec4 1, 0, 1;
    %store/vec4 v0x5e02002f9e10_0, 0, 1;
    %jmp T_7.9;
T_7.8 ;
    %pushi/vec4 1, 0, 1;
    %store/vec4 v0x5e02002fa4b0_0, 0, 1;
    %pushi/vec4 1, 0, 1;
    %store/vec4 v0x5e02002f9e10_0, 0, 1;
    %jmp T_7.9;
T_7.9 ;
    %pop/vec4 1;
    %jmp T_7;
    .thread T_7, $push;
    .scope S_0x5e02002f8bf0;
T_8 ;
    %wait E_0x5e02000fd750;
    %load/vec4 v0x5e02002f9840_0;
    %dup/vec4;
    %pushi/vec4 51, 0, 7;
    %cmp/u;
    %jmp/1 T_8.0, 6;
    %dup/vec4;
    %pushi/vec4 19, 0, 7;
    %cmp/u;
    %jmp/1 T_8.1, 6;
    %dup/vec4;
    %pushi/vec4 3, 0, 7;
    %cmp/u;
    %jmp/1 T_8.2, 6;
    %dup/vec4;
    %pushi/vec4 35, 0, 7;
    %cmp/u;
    %jmp/1 T_8.3, 6;
    %dup/vec4;
    %pushi/vec4 99, 0, 7;
    %cmp/u;
    %jmp/1 T_8.4, 6;
    %dup/vec4;
    %pushi/vec4 111, 0, 7;
    %cmp/u;
    %jmp/1 T_8.5, 6;
    %dup/vec4;
    %pushi/vec4 103, 0, 7;
    %cmp/u;
    %jmp/1 T_8.6, 6;
    %dup/vec4;
    %pushi/vec4 55, 0, 7;
    %cmp/u;
    %jmp/1 T_8.7, 6;
    %dup/vec4;
    %pushi/vec4 23, 0, 7;
    %cmp/u;
    %jmp/1 T_8.8, 6;
    %pushi/vec4 0, 0, 5;
    %store/vec4 v0x5e02002f9920_0, 0, 5;
    %jmp T_8.10;
T_8.0 ;
    %load/vec4 v0x5e02002f9570_0;
    %dup/vec4;
    %pushi/vec4 0, 0, 3;
    %cmp/u;
    %jmp/1 T_8.11, 6;
    %dup/vec4;
    %pushi/vec4 4, 0, 3;
    %cmp/u;
    %jmp/1 T_8.12, 6;
    %dup/vec4;
    %pushi/vec4 6, 0, 3;
    %cmp/u;
    %jmp/1 T_8.13, 6;
    %dup/vec4;
    %pushi/vec4 7, 0, 3;
    %cmp/u;
    %jmp/1 T_8.14, 6;
    %dup/vec4;
    %pushi/vec4 1, 0, 3;
    %cmp/u;
    %jmp/1 T_8.15, 6;
    %dup/vec4;
    %pushi/vec4 5, 0, 3;
    %cmp/u;
    %jmp/1 T_8.16, 6;
    %dup/vec4;
    %pushi/vec4 2, 0, 3;
    %cmp/u;
    %jmp/1 T_8.17, 6;
    %dup/vec4;
    %pushi/vec4 3, 0, 3;
    %cmp/u;
    %jmp/1 T_8.18, 6;
    %pushi/vec4 0, 0, 5;
    %store/vec4 v0x5e02002f9920_0, 0, 5;
    %jmp T_8.20;
T_8.11 ;
    %load/vec4 v0x5e02002f9670_0;
    %cmpi/e 0, 0, 7;
    %flag_mov 8, 4;
    %jmp/0 T_8.21, 8;
    %pushi/vec4 0, 0, 5;
    %jmp/1 T_8.22, 8;
T_8.21 ; End of true expr.
    %pushi/vec4 1, 0, 5;
    %jmp/0 T_8.22, 8;
 ; End of false expr.
    %blend;
T_8.22;
    %store/vec4 v0x5e02002f9920_0, 0, 5;
    %jmp T_8.20;
T_8.12 ;
    %pushi/vec4 2, 0, 5;
    %store/vec4 v0x5e02002f9920_0, 0, 5;
    %jmp T_8.20;
T_8.13 ;
    %pushi/vec4 3, 0, 5;
    %store/vec4 v0x5e02002f9920_0, 0, 5;
    %jmp T_8.20;
T_8.14 ;
    %pushi/vec4 4, 0, 5;
    %store/vec4 v0x5e02002f9920_0, 0, 5;
    %jmp T_8.20;
T_8.15 ;
    %pushi/vec4 5, 0, 5;
    %store/vec4 v0x5e02002f9920_0, 0, 5;
    %jmp T_8.20;
T_8.16 ;
    %load/vec4 v0x5e02002f9670_0;
    %cmpi/e 0, 0, 7;
    %flag_mov 8, 4;
    %jmp/0 T_8.23, 8;
    %pushi/vec4 6, 0, 5;
    %jmp/1 T_8.24, 8;
T_8.23 ; End of true expr.
    %pushi/vec4 7, 0, 5;
    %jmp/0 T_8.24, 8;
 ; End of false expr.
    %blend;
T_8.24;
    %store/vec4 v0x5e02002f9920_0, 0, 5;
    %jmp T_8.20;
T_8.17 ;
    %pushi/vec4 8, 0, 5;
    %store/vec4 v0x5e02002f9920_0, 0, 5;
    %jmp T_8.20;
T_8.18 ;
    %pushi/vec4 9, 0, 5;
    %store/vec4 v0x5e02002f9920_0, 0, 5;
    %jmp T_8.20;
T_8.20 ;
    %pop/vec4 1;
    %jmp T_8.10;
T_8.1 ;
    %load/vec4 v0x5e02002f9570_0;
    %dup/vec4;
    %pushi/vec4 0, 0, 3;
    %cmp/u;
    %jmp/1 T_8.25, 6;
    %dup/vec4;
    %pushi/vec4 4, 0, 3;
    %cmp/u;
    %jmp/1 T_8.26, 6;
    %dup/vec4;
    %pushi/vec4 6, 0, 3;
    %cmp/u;
    %jmp/1 T_8.27, 6;
    %dup/vec4;
    %pushi/vec4 7, 0, 3;
    %cmp/u;
    %jmp/1 T_8.28, 6;
    %dup/vec4;
    %pushi/vec4 1, 0, 3;
    %cmp/u;
    %jmp/1 T_8.29, 6;
    %dup/vec4;
    %pushi/vec4 5, 0, 3;
    %cmp/u;
    %jmp/1 T_8.30, 6;
    %dup/vec4;
    %pushi/vec4 2, 0, 3;
    %cmp/u;
    %jmp/1 T_8.31, 6;
    %dup/vec4;
    %pushi/vec4 3, 0, 3;
    %cmp/u;
    %jmp/1 T_8.32, 6;
    %pushi/vec4 0, 0, 5;
    %store/vec4 v0x5e02002f9920_0, 0, 5;
    %jmp T_8.34;
T_8.25 ;
    %pushi/vec4 0, 0, 5;
    %store/vec4 v0x5e02002f9920_0, 0, 5;
    %jmp T_8.34;
T_8.26 ;
    %pushi/vec4 2, 0, 5;
    %store/vec4 v0x5e02002f9920_0, 0, 5;
    %jmp T_8.34;
T_8.27 ;
    %pushi/vec4 3, 0, 5;
    %store/vec4 v0x5e02002f9920_0, 0, 5;
    %jmp T_8.34;
T_8.28 ;
    %pushi/vec4 4, 0, 5;
    %store/vec4 v0x5e02002f9920_0, 0, 5;
    %jmp T_8.34;
T_8.29 ;
    %pushi/vec4 5, 0, 5;
    %store/vec4 v0x5e02002f9920_0, 0, 5;
    %jmp T_8.34;
T_8.30 ;
    %load/vec4 v0x5e02002f9750_0;
    %parti/s 7, 5, 4;
    %cmpi/e 0, 0, 7;
    %flag_mov 8, 4;
    %jmp/0 T_8.35, 8;
    %pushi/vec4 6, 0, 5;
    %jmp/1 T_8.36, 8;
T_8.35 ; End of true expr.
    %pushi/vec4 7, 0, 5;
    %jmp/0 T_8.36, 8;
 ; End of false expr.
    %blend;
T_8.36;
    %store/vec4 v0x5e02002f9920_0, 0, 5;
    %jmp T_8.34;
T_8.31 ;
    %pushi/vec4 8, 0, 5;
    %store/vec4 v0x5e02002f9920_0, 0, 5;
    %jmp T_8.34;
T_8.32 ;
    %pushi/vec4 9, 0, 5;
    %store/vec4 v0x5e02002f9920_0, 0, 5;
    %jmp T_8.34;
T_8.34 ;
    %pop/vec4 1;
    %jmp T_8.10;
T_8.2 ;
    %pushi/vec4 0, 0, 5;
    %store/vec4 v0x5e02002f9920_0, 0, 5;
    %jmp T_8.10;
T_8.3 ;
    %pushi/vec4 0, 0, 5;
    %store/vec4 v0x5e02002f9920_0, 0, 5;
    %jmp T_8.10;
T_8.4 ;
    %pushi/vec4 1, 0, 5;
    %store/vec4 v0x5e02002f9920_0, 0, 5;
    %jmp T_8.10;
T_8.5 ;
    %pushi/vec4 0, 0, 5;
    %store/vec4 v0x5e02002f9920_0, 0, 5;
    %jmp T_8.10;
T_8.6 ;
    %pushi/vec4 0, 0, 5;
    %store/vec4 v0x5e02002f9920_0, 0, 5;
    %jmp T_8.10;
T_8.7 ;
    %pushi/vec4 0, 0, 5;
    %store/vec4 v0x5e02002f9920_0, 0, 5;
    %jmp T_8.10;
T_8.8 ;
    %pushi/vec4 0, 0, 5;
    %store/vec4 v0x5e02002f9920_0, 0, 5;
    %jmp T_8.10;
T_8.10 ;
    %pop/vec4 1;
    %jmp T_8;
    .thread T_8, $push;
    .scope S_0x5e02002bf880;
T_9 ;
    %wait E_0x5e02000fd030;
    %load/vec4 v0x5e02002f83f0_0;
    %dup/vec4;
    %pushi/vec4 0, 0, 5;
    %cmp/u;
    %jmp/1 T_9.0, 6;
    %dup/vec4;
    %pushi/vec4 1, 0, 5;
    %cmp/u;
    %jmp/1 T_9.1, 6;
    %dup/vec4;
    %pushi/vec4 2, 0, 5;
    %cmp/u;
    %jmp/1 T_9.2, 6;
    %dup/vec4;
    %pushi/vec4 3, 0, 5;
    %cmp/u;
    %jmp/1 T_9.3, 6;
    %dup/vec4;
    %pushi/vec4 4, 0, 5;
    %cmp/u;
    %jmp/1 T_9.4, 6;
    %dup/vec4;
    %pushi/vec4 5, 0, 5;
    %cmp/u;
    %jmp/1 T_9.5, 6;
    %dup/vec4;
    %pushi/vec4 6, 0, 5;
    %cmp/u;
    %jmp/1 T_9.6, 6;
    %dup/vec4;
    %pushi/vec4 7, 0, 5;
    %cmp/u;
    %jmp/1 T_9.7, 6;
    %dup/vec4;
    %pushi/vec4 8, 0, 5;
    %cmp/u;
    %jmp/1 T_9.8, 6;
    %dup/vec4;
    %pushi/vec4 9, 0, 5;
    %cmp/u;
    %jmp/1 T_9.9, 6;
    %load/vec4 v0x5e02002f7d40_0;
    %store/vec4 v0x5e02002f8310_0, 0, 32;
    %jmp T_9.11;
T_9.0 ;
    %load/vec4 v0x5e02002f7d40_0;
    %store/vec4 v0x5e02002f8310_0, 0, 32;
    %jmp T_9.11;
T_9.1 ;
    %load/vec4 v0x5e02002f88d0_0;
    %store/vec4 v0x5e02002f8310_0, 0, 32;
    %jmp T_9.11;
T_9.2 ;
    %load/vec4 v0x5e02002f89a0_0;
    %store/vec4 v0x5e02002f8310_0, 0, 32;
    %jmp T_9.11;
T_9.3 ;
    %load/vec4 v0x5e02002f7fd0_0;
    %store/vec4 v0x5e02002f8310_0, 0, 32;
    %jmp T_9.11;
T_9.4 ;
    %load/vec4 v0x5e02002f7e30_0;
    %store/vec4 v0x5e02002f8310_0, 0, 32;
    %jmp T_9.11;
T_9.5 ;
    %load/vec4 v0x5e02002f84d0_0;
    %store/vec4 v0x5e02002f8310_0, 0, 32;
    %jmp T_9.11;
T_9.6 ;
    %load/vec4 v0x5e02002f8800_0;
    %store/vec4 v0x5e02002f8310_0, 0, 32;
    %jmp T_9.11;
T_9.7 ;
    %load/vec4 v0x5e02002f8730_0;
    %store/vec4 v0x5e02002f8310_0, 0, 32;
    %jmp T_9.11;
T_9.8 ;
    %load/vec4 v0x5e02002f8590_0;
    %store/vec4 v0x5e02002f8310_0, 0, 32;
    %jmp T_9.11;
T_9.9 ;
    %load/vec4 v0x5e02002f8660_0;
    %store/vec4 v0x5e02002f8310_0, 0, 32;
    %jmp T_9.11;
T_9.11 ;
    %pop/vec4 1;
    %load/vec4 v0x5e02002f83f0_0;
    %dup/vec4;
    %pushi/vec4 0, 0, 5;
    %cmp/u;
    %jmp/1 T_9.12, 6;
    %dup/vec4;
    %pushi/vec4 1, 0, 5;
    %cmp/u;
    %jmp/1 T_9.13, 6;
    %pushi/vec4 0, 0, 1;
    %store/vec4 v0x5e02002f80a0_0, 0, 1;
    %jmp T_9.15;
T_9.12 ;
    %load/vec4 v0x5e02002f8190_0;
    %parti/s 1, 31, 6;
    %load/vec4 v0x5e02002f8250_0;
    %parti/s 1, 31, 6;
    %cmp/e;
    %flag_get/vec4 4;
    %jmp/0 T_9.18, 4;
    %load/vec4 v0x5e02002f8190_0;
    %parti/s 1, 31, 6;
    %load/vec4 v0x5e02002f8310_0;
    %parti/s 1, 31, 6;
    %cmp/ne;
    %flag_get/vec4 4;
    %and;
T_9.18;
    %flag_set/vec4 8;
    %jmp/0 T_9.16, 8;
    %pushi/vec4 1, 0, 1;
    %jmp/1 T_9.17, 8;
T_9.16 ; End of true expr.
    %pushi/vec4 0, 0, 1;
    %jmp/0 T_9.17, 8;
 ; End of false expr.
    %blend;
T_9.17;
    %store/vec4 v0x5e02002f80a0_0, 0, 1;
    %jmp T_9.15;
T_9.13 ;
    %load/vec4 v0x5e02002f8190_0;
    %parti/s 1, 31, 6;
    %load/vec4 v0x5e02002f8250_0;
    %parti/s 1, 31, 6;
    %cmp/ne;
    %flag_get/vec4 4;
    %jmp/0 T_9.21, 4;
    %load/vec4 v0x5e02002f8190_0;
    %parti/s 1, 31, 6;
    %load/vec4 v0x5e02002f8310_0;
    %parti/s 1, 31, 6;
    %cmp/ne;
    %flag_get/vec4 4;
    %and;
T_9.21;
    %flag_set/vec4 8;
    %jmp/0 T_9.19, 8;
    %pushi/vec4 1, 0, 1;
    %jmp/1 T_9.20, 8;
T_9.19 ; End of true expr.
    %pushi/vec4 0, 0, 1;
    %jmp/0 T_9.20, 8;
 ; End of false expr.
    %blend;
T_9.20;
    %store/vec4 v0x5e02002f80a0_0, 0, 1;
    %jmp T_9.15;
T_9.15 ;
    %pop/vec4 1;
    %load/vec4 v0x5e02002f8310_0;
    %parti/s 1, 31, 6;
    %cmpi/e 1, 0, 1;
    %flag_mov 8, 4;
    %jmp/0 T_9.22, 8;
    %pushi/vec4 1, 0, 1;
    %jmp/1 T_9.23, 8;
T_9.22 ; End of true expr.
    %pushi/vec4 0, 0, 1;
    %jmp/0 T_9.23, 8;
 ; End of false expr.
    %blend;
T_9.23;
    %store/vec4 v0x5e02002f7f00_0, 0, 1;
    %load/vec4 v0x5e02002f8310_0;
    %pushi/vec4 0, 0, 32;
    %cmp/e;
    %flag_get/vec4 4;
    %store/vec4 v0x5e02002f8a70_0, 0, 1;
    %jmp T_9;
    .thread T_9, $push;
    .scope S_0x5e02002fa690;
T_10 ;
    %wait E_0x5e02000fdc10;
    %pushi/vec4 0, 0, 32;
    %store/vec4 v0x5e02002fb1b0_0, 0, 32;
    %load/vec4 v0x5e02002fb030_0;
    %flag_set/vec4 8;
    %jmp/0xz  T_10.0, 8;
    %load/vec4 v0x5e02002faf50_0;
    %dup/vec4;
    %pushi/vec4 0, 0, 3;
    %cmp/u;
    %jmp/1 T_10.2, 6;
    %dup/vec4;
    %pushi/vec4 1, 0, 3;
    %cmp/u;
    %jmp/1 T_10.3, 6;
    %dup/vec4;
    %pushi/vec4 2, 0, 3;
    %cmp/u;
    %jmp/1 T_10.4, 6;
    %dup/vec4;
    %pushi/vec4 4, 0, 3;
    %cmp/u;
    %jmp/1 T_10.5, 6;
    %dup/vec4;
    %pushi/vec4 5, 0, 3;
    %cmp/u;
    %jmp/1 T_10.6, 6;
    %pushi/vec4 0, 0, 32;
    %store/vec4 v0x5e02002fb1b0_0, 0, 32;
    %jmp T_10.8;
T_10.2 ;
    %load/vec4 v0x5e02002faca0_0;
    %parti/s 2, 0, 2;
    %dup/vec4;
    %pushi/vec4 0, 0, 2;
    %cmp/u;
    %jmp/1 T_10.9, 6;
    %dup/vec4;
    %pushi/vec4 1, 0, 2;
    %cmp/u;
    %jmp/1 T_10.10, 6;
    %dup/vec4;
    %pushi/vec4 2, 0, 2;
    %cmp/u;
    %jmp/1 T_10.11, 6;
    %dup/vec4;
    %pushi/vec4 3, 0, 2;
    %cmp/u;
    %jmp/1 T_10.12, 6;
    %pushi/vec4 0, 0, 32;
    %store/vec4 v0x5e02002fb1b0_0, 0, 32;
    %jmp T_10.14;
T_10.9 ;
    %load/vec4 v0x5e02002fb290_0;
    %parti/s 1, 7, 4;
    %replicate 24;
    %load/vec4 v0x5e02002fb290_0;
    %parti/s 8, 0, 2;
    %concat/vec4; draw_concat_vec4
    %store/vec4 v0x5e02002fb1b0_0, 0, 32;
    %jmp T_10.14;
T_10.10 ;
    %load/vec4 v0x5e02002fb290_0;
    %parti/s 1, 15, 5;
    %replicate 24;
    %load/vec4 v0x5e02002fb290_0;
    %parti/s 8, 8, 5;
    %concat/vec4; draw_concat_vec4
    %store/vec4 v0x5e02002fb1b0_0, 0, 32;
    %jmp T_10.14;
T_10.11 ;
    %load/vec4 v0x5e02002fb290_0;
    %parti/s 1, 23, 6;
    %replicate 24;
    %load/vec4 v0x5e02002fb290_0;
    %parti/s 8, 16, 6;
    %concat/vec4; draw_concat_vec4
    %store/vec4 v0x5e02002fb1b0_0, 0, 32;
    %jmp T_10.14;
T_10.12 ;
    %load/vec4 v0x5e02002fb290_0;
    %parti/s 1, 31, 6;
    %replicate 24;
    %load/vec4 v0x5e02002fb290_0;
    %parti/s 8, 24, 6;
    %concat/vec4; draw_concat_vec4
    %store/vec4 v0x5e02002fb1b0_0, 0, 32;
    %jmp T_10.14;
T_10.14 ;
    %pop/vec4 1;
    %jmp T_10.8;
T_10.3 ;
    %load/vec4 v0x5e02002faca0_0;
    %parti/s 1, 0, 2;
    %dup/vec4;
    %pushi/vec4 0, 0, 1;
    %cmp/u;
    %jmp/1 T_10.15, 6;
    %dup/vec4;
    %pushi/vec4 1, 0, 1;
    %cmp/u;
    %jmp/1 T_10.16, 6;
    %pushi/vec4 0, 0, 32;
    %store/vec4 v0x5e02002fb1b0_0, 0, 32;
    %jmp T_10.18;
T_10.15 ;
    %load/vec4 v0x5e02002fb290_0;
    %parti/s 1, 15, 5;
    %replicate 16;
    %load/vec4 v0x5e02002fb290_0;
    %parti/s 16, 0, 2;
    %concat/vec4; draw_concat_vec4
    %store/vec4 v0x5e02002fb1b0_0, 0, 32;
    %jmp T_10.18;
T_10.16 ;
    %load/vec4 v0x5e02002fb290_0;
    %parti/s 1, 31, 6;
    %replicate 16;
    %load/vec4 v0x5e02002fb290_0;
    %parti/s 16, 16, 6;
    %concat/vec4; draw_concat_vec4
    %store/vec4 v0x5e02002fb1b0_0, 0, 32;
    %jmp T_10.18;
T_10.18 ;
    %pop/vec4 1;
    %jmp T_10.8;
T_10.4 ;
    %load/vec4 v0x5e02002fb290_0;
    %store/vec4 v0x5e02002fb1b0_0, 0, 32;
    %jmp T_10.8;
T_10.5 ;
    %load/vec4 v0x5e02002faca0_0;
    %parti/s 2, 0, 2;
    %dup/vec4;
    %pushi/vec4 0, 0, 2;
    %cmp/u;
    %jmp/1 T_10.19, 6;
    %dup/vec4;
    %pushi/vec4 1, 0, 2;
    %cmp/u;
    %jmp/1 T_10.20, 6;
    %dup/vec4;
    %pushi/vec4 2, 0, 2;
    %cmp/u;
    %jmp/1 T_10.21, 6;
    %dup/vec4;
    %pushi/vec4 3, 0, 2;
    %cmp/u;
    %jmp/1 T_10.22, 6;
    %pushi/vec4 0, 0, 32;
    %store/vec4 v0x5e02002fb1b0_0, 0, 32;
    %jmp T_10.24;
T_10.19 ;
    %pushi/vec4 0, 0, 24;
    %load/vec4 v0x5e02002fb290_0;
    %parti/s 8, 0, 2;
    %concat/vec4; draw_concat_vec4
    %store/vec4 v0x5e02002fb1b0_0, 0, 32;
    %jmp T_10.24;
T_10.20 ;
    %pushi/vec4 0, 0, 24;
    %load/vec4 v0x5e02002fb290_0;
    %parti/s 8, 8, 5;
    %concat/vec4; draw_concat_vec4
    %store/vec4 v0x5e02002fb1b0_0, 0, 32;
    %jmp T_10.24;
T_10.21 ;
    %pushi/vec4 0, 0, 24;
    %load/vec4 v0x5e02002fb290_0;
    %parti/s 8, 16, 6;
    %concat/vec4; draw_concat_vec4
    %store/vec4 v0x5e02002fb1b0_0, 0, 32;
    %jmp T_10.24;
T_10.22 ;
    %pushi/vec4 0, 0, 24;
    %load/vec4 v0x5e02002fb290_0;
    %parti/s 8, 24, 6;
    %concat/vec4; draw_concat_vec4
    %store/vec4 v0x5e02002fb1b0_0, 0, 32;
    %jmp T_10.24;
T_10.24 ;
    %pop/vec4 1;
    %jmp T_10.8;
T_10.6 ;
    %load/vec4 v0x5e02002faca0_0;
    %parti/s 1, 0, 2;
    %dup/vec4;
    %pushi/vec4 0, 0, 1;
    %cmp/u;
    %jmp/1 T_10.25, 6;
    %dup/vec4;
    %pushi/vec4 1, 0, 1;
    %cmp/u;
    %jmp/1 T_10.26, 6;
    %pushi/vec4 0, 0, 32;
    %store/vec4 v0x5e02002fb1b0_0, 0, 32;
    %jmp T_10.28;
T_10.25 ;
    %pushi/vec4 0, 0, 16;
    %load/vec4 v0x5e02002fb290_0;
    %parti/s 16, 0, 2;
    %concat/vec4; draw_concat_vec4
    %store/vec4 v0x5e02002fb1b0_0, 0, 32;
    %jmp T_10.28;
T_10.26 ;
    %pushi/vec4 0, 0, 16;
    %load/vec4 v0x5e02002fb290_0;
    %parti/s 16, 16, 6;
    %concat/vec4; draw_concat_vec4
    %store/vec4 v0x5e02002fb1b0_0, 0, 32;
    %jmp T_10.28;
T_10.28 ;
    %pop/vec4 1;
    %jmp T_10.8;
T_10.8 ;
    %pop/vec4 1;
T_10.0 ;
    %jmp T_10;
    .thread T_10, $push;
    .scope S_0x5e02002fa690;
T_11 ;
    %wait E_0x5e020011a620;
    %load/vec4 v0x5e02002fb0f0_0;
    %flag_set/vec4 8;
    %jmp/0xz  T_11.0, 8;
    %load/vec4 v0x5e02002faf50_0;
    %dup/vec4;
    %pushi/vec4 0, 0, 3;
    %cmp/u;
    %jmp/1 T_11.2, 6;
    %dup/vec4;
    %pushi/vec4 1, 0, 3;
    %cmp/u;
    %jmp/1 T_11.3, 6;
    %dup/vec4;
    %pushi/vec4 2, 0, 3;
    %cmp/u;
    %jmp/1 T_11.4, 6;
    %jmp T_11.5;
T_11.2 ;
    %load/vec4 v0x5e02002faca0_0;
    %parti/s 2, 0, 2;
    %dup/vec4;
    %pushi/vec4 0, 0, 2;
    %cmp/u;
    %jmp/1 T_11.6, 6;
    %dup/vec4;
    %pushi/vec4 1, 0, 2;
    %cmp/u;
    %jmp/1 T_11.7, 6;
    %dup/vec4;
    %pushi/vec4 2, 0, 2;
    %cmp/u;
    %jmp/1 T_11.8, 6;
    %dup/vec4;
    %pushi/vec4 3, 0, 2;
    %cmp/u;
    %jmp/1 T_11.9, 6;
    %jmp T_11.10;
T_11.6 ;
    %load/vec4 v0x5e02002fb370_0;
    %parti/s 8, 0, 2;
    %load/vec4 v0x5e02002faca0_0;
    %parti/s 8, 2, 3;
    %pad/u 10;
    %ix/vec4 3;
    %ix/load 4, 0, 0; Constant delay
    %assign/vec4/a/d v0x5e02002fae90, 0, 4;
    %jmp T_11.10;
T_11.7 ;
    %load/vec4 v0x5e02002fb370_0;
    %parti/s 8, 0, 2;
    %load/vec4 v0x5e02002faca0_0;
    %parti/s 8, 2, 3;
    %pad/u 10;
    %ix/vec4 3;
    %ix/load 4, 8, 0; part off
    %ix/load 5, 0, 0; Constant delay
    %assign/vec4/a/d v0x5e02002fae90, 4, 5;
    %jmp T_11.10;
T_11.8 ;
    %load/vec4 v0x5e02002fb370_0;
    %parti/s 8, 0, 2;
    %load/vec4 v0x5e02002faca0_0;
    %parti/s 8, 2, 3;
    %pad/u 10;
    %ix/vec4 3;
    %ix/load 4, 16, 0; part off
    %ix/load 5, 0, 0; Constant delay
    %assign/vec4/a/d v0x5e02002fae90, 4, 5;
    %jmp T_11.10;
T_11.9 ;
    %load/vec4 v0x5e02002fb370_0;
    %parti/s 8, 0, 2;
    %load/vec4 v0x5e02002faca0_0;
    %parti/s 8, 2, 3;
    %pad/u 10;
    %ix/vec4 3;
    %ix/load 4, 24, 0; part off
    %ix/load 5, 0, 0; Constant delay
    %assign/vec4/a/d v0x5e02002fae90, 4, 5;
    %jmp T_11.10;
T_11.10 ;
    %pop/vec4 1;
    %jmp T_11.5;
T_11.3 ;
    %load/vec4 v0x5e02002faca0_0;
    %parti/s 1, 0, 2;
    %dup/vec4;
    %pushi/vec4 0, 0, 1;
    %cmp/u;
    %jmp/1 T_11.11, 6;
    %dup/vec4;
    %pushi/vec4 1, 0, 1;
    %cmp/u;
    %jmp/1 T_11.12, 6;
    %jmp T_11.13;
T_11.11 ;
    %load/vec4 v0x5e02002fb370_0;
    %parti/s 16, 0, 2;
    %load/vec4 v0x5e02002faca0_0;
    %parti/s 8, 2, 3;
    %pad/u 10;
    %ix/vec4 3;
    %ix/load 4, 0, 0; Constant delay
    %assign/vec4/a/d v0x5e02002fae90, 0, 4;
    %jmp T_11.13;
T_11.12 ;
    %load/vec4 v0x5e02002fb370_0;
    %parti/s 16, 0, 2;
    %load/vec4 v0x5e02002faca0_0;
    %parti/s 8, 2, 3;
    %pad/u 10;
    %ix/vec4 3;
    %ix/load 4, 16, 0; part off
    %ix/load 5, 0, 0; Constant delay
    %assign/vec4/a/d v0x5e02002fae90, 4, 5;
    %jmp T_11.13;
T_11.13 ;
    %pop/vec4 1;
    %jmp T_11.5;
T_11.4 ;
    %load/vec4 v0x5e02002fb370_0;
    %load/vec4 v0x5e02002faca0_0;
    %parti/s 8, 2, 3;
    %pad/u 10;
    %ix/vec4 3;
    %ix/load 4, 0, 0; Constant delay
    %assign/vec4/a/d v0x5e02002fae90, 0, 4;
    %jmp T_11.5;
T_11.5 ;
    %pop/vec4 1;
T_11.0 ;
    %jmp T_11;
    .thread T_11;
    .scope S_0x5e02002fb530;
T_12 ;
    %wait E_0x5e02000fd790;
    %pushi/vec4 0, 0, 2;
    %store/vec4 v0x5e02002fbda0_0, 0, 2;
    %pushi/vec4 0, 0, 2;
    %store/vec4 v0x5e02002fbe80_0, 0, 2;
    %load/vec4 v0x5e02002fb950_0;
    %flag_set/vec4 10;
    %flag_get/vec4 10;
    %jmp/0 T_12.3, 10;
    %load/vec4 v0x5e02002fb850_0;
    %pushi/vec4 0, 0, 5;
    %cmp/ne;
    %flag_get/vec4 4;
    %and;
T_12.3;
    %flag_set/vec4 9;
    %flag_get/vec4 9;
    %jmp/0 T_12.2, 9;
    %load/vec4 v0x5e02002fb850_0;
    %load/vec4 v0x5e02002fba10_0;
    %cmp/e;
    %flag_get/vec4 4;
    %and;
T_12.2;
    %flag_set/vec4 8;
    %jmp/0xz  T_12.0, 8;
    %pushi/vec4 2, 0, 2;
    %store/vec4 v0x5e02002fbda0_0, 0, 2;
    %jmp T_12.1;
T_12.0 ;
    %load/vec4 v0x5e02002fbce0_0;
    %flag_set/vec4 10;
    %flag_get/vec4 10;
    %jmp/0 T_12.7, 10;
    %load/vec4 v0x5e02002fbbb0_0;
    %pushi/vec4 0, 0, 5;
    %cmp/ne;
    %flag_get/vec4 4;
    %and;
T_12.7;
    %flag_set/vec4 9;
    %flag_get/vec4 9;
    %jmp/0 T_12.6, 9;
    %load/vec4 v0x5e02002fbbb0_0;
    %load/vec4 v0x5e02002fba10_0;
    %cmp/e;
    %flag_get/vec4 4;
    %and;
T_12.6;
    %flag_set/vec4 8;
    %jmp/0xz  T_12.4, 8;
    %pushi/vec4 1, 0, 2;
    %store/vec4 v0x5e02002fbda0_0, 0, 2;
T_12.4 ;
T_12.1 ;
    %load/vec4 v0x5e02002fb950_0;
    %flag_set/vec4 10;
    %flag_get/vec4 10;
    %jmp/0 T_12.11, 10;
    %load/vec4 v0x5e02002fb850_0;
    %pushi/vec4 0, 0, 5;
    %cmp/ne;
    %flag_get/vec4 4;
    %and;
T_12.11;
    %flag_set/vec4 9;
    %flag_get/vec4 9;
    %jmp/0 T_12.10, 9;
    %load/vec4 v0x5e02002fb850_0;
    %load/vec4 v0x5e02002fbad0_0;
    %cmp/e;
    %flag_get/vec4 4;
    %and;
T_12.10;
    %flag_set/vec4 8;
    %jmp/0xz  T_12.8, 8;
    %pushi/vec4 2, 0, 2;
    %store/vec4 v0x5e02002fbe80_0, 0, 2;
    %jmp T_12.9;
T_12.8 ;
    %load/vec4 v0x5e02002fbce0_0;
    %flag_set/vec4 10;
    %flag_get/vec4 10;
    %jmp/0 T_12.15, 10;
    %load/vec4 v0x5e02002fbbb0_0;
    %pushi/vec4 0, 0, 5;
    %cmp/ne;
    %flag_get/vec4 4;
    %and;
T_12.15;
    %flag_set/vec4 9;
    %flag_get/vec4 9;
    %jmp/0 T_12.14, 9;
    %load/vec4 v0x5e02002fbbb0_0;
    %load/vec4 v0x5e02002fbad0_0;
    %cmp/e;
    %flag_get/vec4 4;
    %and;
T_12.14;
    %flag_set/vec4 8;
    %jmp/0xz  T_12.12, 8;
    %pushi/vec4 1, 0, 2;
    %store/vec4 v0x5e02002fbe80_0, 0, 2;
T_12.12 ;
T_12.9 ;
    %jmp T_12;
    .thread T_12, $push;
    .scope S_0x5e02002fc0b0;
T_13 ;
    %wait E_0x5e02002bd3f0;
    %load/vec4 v0x5e02002fc2e0_0;
    %flag_set/vec4 8;
    %flag_get/vec4 8;
    %jmp/0 T_13.0, 8;
    %load/vec4 v0x5e02002fc3c0_0;
    %load/vec4 v0x5e02002fc4a0_0;
    %cmp/e;
    %flag_get/vec4 4;
    %jmp/1 T_13.1, 4;
    %load/vec4 v0x5e02002fc590_0;
    %load/vec4 v0x5e02002fc3c0_0;
    %cmp/e;
    %flag_get/vec4 4;
    %or;
T_13.1;
    %and;
T_13.0;
    %store/vec4 v0x5e02002fc670_0, 0, 1;
    %jmp T_13;
    .thread T_13, $push;
    .scope S_0x5e02002bf1d0;
T_14 ;
    %wait E_0x5e02000fdbd0;
    %pushi/vec4 0, 0, 1;
    %store/vec4 v0x5e0200303720_0, 0, 1;
    %load/vec4 v0x5e0200301ab0_0;
    %flag_set/vec4 8;
    %jmp/0xz  T_14.0, 8;
    %load/vec4 v0x5e0200301ce0_0;
    %dup/vec4;
    %pushi/vec4 0, 0, 3;
    %cmp/u;
    %jmp/1 T_14.2, 6;
    %dup/vec4;
    %pushi/vec4 1, 0, 3;
    %cmp/u;
    %jmp/1 T_14.3, 6;
    %dup/vec4;
    %pushi/vec4 4, 0, 3;
    %cmp/u;
    %jmp/1 T_14.4, 6;
    %dup/vec4;
    %pushi/vec4 5, 0, 3;
    %cmp/u;
    %jmp/1 T_14.5, 6;
    %dup/vec4;
    %pushi/vec4 6, 0, 3;
    %cmp/u;
    %jmp/1 T_14.6, 6;
    %dup/vec4;
    %pushi/vec4 7, 0, 3;
    %cmp/u;
    %jmp/1 T_14.7, 6;
    %pushi/vec4 0, 0, 1;
    %store/vec4 v0x5e0200303720_0, 0, 1;
    %jmp T_14.9;
T_14.2 ;
    %load/vec4 v0x5e0200303400_0;
    %load/vec4 v0x5e02003035a0_0;
    %cmp/e;
    %flag_get/vec4 4;
    %store/vec4 v0x5e0200303720_0, 0, 1;
    %jmp T_14.9;
T_14.3 ;
    %load/vec4 v0x5e0200303400_0;
    %load/vec4 v0x5e02003035a0_0;
    %cmp/ne;
    %flag_get/vec4 4;
    %store/vec4 v0x5e0200303720_0, 0, 1;
    %jmp T_14.9;
T_14.4 ;
    %load/vec4 v0x5e0200303400_0;
    %load/vec4 v0x5e02003035a0_0;
    %cmp/s;
    %flag_get/vec4 5;
    %store/vec4 v0x5e0200303720_0, 0, 1;
    %jmp T_14.9;
T_14.5 ;
    %load/vec4 v0x5e02003035a0_0;
    %load/vec4 v0x5e0200303400_0;
    %cmp/s;
    %flag_get/vec4 4;
    %flag_get/vec4 5;
    %or;
    %store/vec4 v0x5e0200303720_0, 0, 1;
    %jmp T_14.9;
T_14.6 ;
    %load/vec4 v0x5e0200303400_0;
    %load/vec4 v0x5e02003035a0_0;
    %cmp/u;
    %flag_get/vec4 5;
    %store/vec4 v0x5e0200303720_0, 0, 1;
    %jmp T_14.9;
T_14.7 ;
    %load/vec4 v0x5e02003035a0_0;
    %load/vec4 v0x5e0200303400_0;
    %cmp/u;
    %flag_get/vec4 4;
    %flag_get/vec4 5;
    %or;
    %store/vec4 v0x5e0200303720_0, 0, 1;
    %jmp T_14.9;
T_14.9 ;
    %pop/vec4 1;
T_14.0 ;
    %jmp T_14;
    .thread T_14, $push;
    .scope S_0x5e02002bf1d0;
T_15 ;
    %wait E_0x5e02001004d0;
    %load/vec4 v0x5e0200302cd0_0;
    %load/vec4 v0x5e0200302d90_0;
    %concat/vec4; draw_concat_vec4
    %dup/vec4;
    %pushi/vec4 0, 0, 2;
    %cmp/u;
    %jmp/1 T_15.0, 6;
    %dup/vec4;
    %pushi/vec4 1, 0, 2;
    %cmp/u;
    %jmp/1 T_15.1, 6;
    %dup/vec4;
    %pushi/vec4 2, 0, 2;
    %cmp/u;
    %jmp/1 T_15.2, 6;
    %load/vec4 v0x5e0200302bf0_0;
    %store/vec4 v0x5e02003053e0_0, 0, 32;
    %jmp T_15.4;
T_15.0 ;
    %load/vec4 v0x5e0200302bf0_0;
    %store/vec4 v0x5e02003053e0_0, 0, 32;
    %jmp T_15.4;
T_15.1 ;
    %load/vec4 v0x5e0200302ff0_0;
    %store/vec4 v0x5e02003053e0_0, 0, 32;
    %jmp T_15.4;
T_15.2 ;
    %load/vec4 v0x5e0200302e50_0;
    %addi 4, 0, 32;
    %store/vec4 v0x5e02003053e0_0, 0, 32;
    %jmp T_15.4;
T_15.4 ;
    %pop/vec4 1;
    %jmp T_15;
    .thread T_15, $push;
    .scope S_0x5e02002bf1d0;
T_16 ;
    %wait E_0x5e02000fdab0;
    %load/vec4 v0x5e0200303720_0;
    %load/vec4 v0x5e0200302010_0;
    %concat/vec4; draw_concat_vec4
    %load/vec4 v0x5e0200301f70_0;
    %concat/vec4; draw_concat_vec4
    %dup/vec4;
    %pushi/vec4 4, 0, 3;
    %cmp/u;
    %jmp/1 T_16.0, 6;
    %dup/vec4;
    %pushi/vec4 2, 0, 3;
    %cmp/u;
    %jmp/1 T_16.1, 6;
    %dup/vec4;
    %pushi/vec4 3, 0, 3;
    %cmp/u;
    %jmp/1 T_16.2, 6;
    %dup/vec4;
    %pushi/vec4 1, 0, 3;
    %cmp/u;
    %jmp/1 T_16.3, 6;
    %load/vec4 v0x5e02003049e0_0;
    %addi 4, 0, 32;
    %store/vec4 v0x5e02003037c0_0, 0, 32;
    %jmp T_16.5;
T_16.0 ;
    %load/vec4 v0x5e0200301ea0_0;
    %load/vec4 v0x5e0200302280_0;
    %add;
    %store/vec4 v0x5e02003037c0_0, 0, 32;
    %jmp T_16.5;
T_16.1 ;
    %load/vec4 v0x5e0200301ea0_0;
    %load/vec4 v0x5e0200302280_0;
    %add;
    %store/vec4 v0x5e02003037c0_0, 0, 32;
    %jmp T_16.5;
T_16.2 ;
    %load/vec4 v0x5e0200304eb0_0;
    %store/vec4 v0x5e02003037c0_0, 0, 32;
    %jmp T_16.5;
T_16.3 ;
    %load/vec4 v0x5e0200303400_0;
    %load/vec4 v0x5e0200301ea0_0;
    %add;
    %store/vec4 v0x5e02003037c0_0, 0, 32;
    %jmp T_16.5;
T_16.5 ;
    %pop/vec4 1;
    %jmp T_16;
    .thread T_16, $push;
    .scope S_0x5e02002bf1d0;
T_17 ;
    %wait E_0x5e02000fd300;
    %load/vec4 v0x5e0200303cf0_0;
    %dup/vec4;
    %pushi/vec4 0, 0, 2;
    %cmp/u;
    %jmp/1 T_17.0, 6;
    %dup/vec4;
    %pushi/vec4 1, 0, 2;
    %cmp/u;
    %jmp/1 T_17.1, 6;
    %dup/vec4;
    %pushi/vec4 2, 0, 2;
    %cmp/u;
    %jmp/1 T_17.2, 6;
    %load/vec4 v0x5e0200302340_0;
    %store/vec4 v0x5e0200303400_0, 0, 32;
    %jmp T_17.4;
T_17.0 ;
    %load/vec4 v0x5e0200302340_0;
    %store/vec4 v0x5e0200303400_0, 0, 32;
    %jmp T_17.4;
T_17.1 ;
    %load/vec4 v0x5e02003053e0_0;
    %store/vec4 v0x5e0200303400_0, 0, 32;
    %jmp T_17.4;
T_17.2 ;
    %load/vec4 v0x5e0200300a60_0;
    %store/vec4 v0x5e0200303400_0, 0, 32;
    %jmp T_17.4;
T_17.4 ;
    %pop/vec4 1;
    %load/vec4 v0x5e0200303dc0_0;
    %dup/vec4;
    %pushi/vec4 0, 0, 2;
    %cmp/u;
    %jmp/1 T_17.5, 6;
    %dup/vec4;
    %pushi/vec4 1, 0, 2;
    %cmp/u;
    %jmp/1 T_17.6, 6;
    %dup/vec4;
    %pushi/vec4 2, 0, 2;
    %cmp/u;
    %jmp/1 T_17.7, 6;
    %load/vec4 v0x5e0200302630_0;
    %store/vec4 v0x5e02003035a0_0, 0, 32;
    %jmp T_17.9;
T_17.5 ;
    %load/vec4 v0x5e0200302630_0;
    %store/vec4 v0x5e02003035a0_0, 0, 32;
    %jmp T_17.9;
T_17.6 ;
    %load/vec4 v0x5e02003053e0_0;
    %store/vec4 v0x5e02003035a0_0, 0, 32;
    %jmp T_17.9;
T_17.7 ;
    %load/vec4 v0x5e0200300a60_0;
    %store/vec4 v0x5e02003035a0_0, 0, 32;
    %jmp T_17.9;
T_17.9 ;
    %pop/vec4 1;
    %load/vec4 v0x5e02003019f0_0;
    %flag_set/vec4 8;
    %jmp/0 T_17.10, 8;
    %load/vec4 v0x5e0200301ea0_0;
    %jmp/1 T_17.11, 8;
T_17.10 ; End of true expr.
    %load/vec4 v0x5e02003035a0_0;
    %jmp/0 T_17.11, 8;
 ; End of false expr.
    %blend;
T_17.11;
    %store/vec4 v0x5e02003034e0_0, 0, 32;
    %load/vec4 v0x5e0200302190_0;
    %cmpi/e 23, 0, 7;
    %flag_mov 8, 4;
    %jmp/0 T_17.12, 8;
    %load/vec4 v0x5e0200302280_0;
    %jmp/1 T_17.13, 8;
T_17.12 ; End of true expr.
    %load/vec4 v0x5e0200303400_0;
    %jmp/0 T_17.13, 8;
 ; End of false expr.
    %blend;
T_17.13;
    %store/vec4 v0x5e0200303340_0, 0, 32;
    %jmp T_17;
    .thread T_17, $push;
    .scope S_0x5e02002bf1d0;
T_18 ;
    %wait E_0x5e020011a620;
    %load/vec4 v0x5e0200305160_0;
    %flag_set/vec4 8;
    %jmp/0xz  T_18.0, 8;
    %pushi/vec4 0, 0, 32;
    %assign/vec4 v0x5e0200302b30_0, 0;
    %pushi/vec4 0, 0, 32;
    %assign/vec4 v0x5e0200302a60_0, 0;
    %pushi/vec4 0, 0, 1;
    %assign/vec4 v0x5e0200302800_0, 0;
    %pushi/vec4 0, 0, 1;
    %assign/vec4 v0x5e0200301c40_0, 0;
    %pushi/vec4 0, 0, 1;
    %assign/vec4 v0x5e02003020d0_0, 0;
    %pushi/vec4 0, 0, 1;
    %assign/vec4 v0x5e0200301b70_0, 0;
    %pushi/vec4 0, 0, 1;
    %assign/vec4 v0x5e0200301ab0_0, 0;
    %pushi/vec4 0, 0, 1;
    %assign/vec4 v0x5e0200302010_0, 0;
    %pushi/vec4 0, 0, 1;
    %assign/vec4 v0x5e0200301f70_0, 0;
    %pushi/vec4 0, 0, 1;
    %assign/vec4 v0x5e02003019f0_0, 0;
    %pushi/vec4 0, 0, 5;
    %assign/vec4 v0x5e0200301930_0, 0;
    %pushi/vec4 0, 0, 32;
    %assign/vec4 v0x5e0200300a60_0, 0;
    %pushi/vec4 0, 0, 32;
    %assign/vec4 v0x5e02003014f0_0, 0;
    %pushi/vec4 0, 0, 32;
    %assign/vec4 v0x5e0200300b20_0, 0;
    %pushi/vec4 0, 0, 3;
    %assign/vec4 v0x5e0200300fe0_0, 0;
    %pushi/vec4 0, 0, 5;
    %assign/vec4 v0x5e02003015e0_0, 0;
    %pushi/vec4 0, 0, 1;
    %assign/vec4 v0x5e02003011f0_0, 0;
    %pushi/vec4 0, 0, 1;
    %assign/vec4 v0x5e0200300c20_0, 0;
    %pushi/vec4 0, 0, 1;
    %assign/vec4 v0x5e0200301150_0, 0;
    %pushi/vec4 0, 0, 1;
    %assign/vec4 v0x5e02003010b0_0, 0;
    %pushi/vec4 0, 0, 1;
    %assign/vec4 v0x5e0200300cc0_0, 0;
    %pushi/vec4 0, 0, 1;
    %assign/vec4 v0x5e0200301890_0, 0;
    %pushi/vec4 0, 0, 1;
    %assign/vec4 v0x5e0200301350_0, 0;
    %pushi/vec4 0, 0, 1;
    %assign/vec4 v0x5e0200301290_0, 0;
    %pushi/vec4 0, 0, 32;
    %assign/vec4 v0x5e0200300d80_0, 0;
    %pushi/vec4 0, 0, 32;
    %assign/vec4 v0x5e0200301410_0, 0;
    %pushi/vec4 0, 0, 1;
    %assign/vec4 v0x5e02003030d0_0, 0;
    %pushi/vec4 0, 0, 1;
    %assign/vec4 v0x5e0200302d90_0, 0;
    %pushi/vec4 0, 0, 1;
    %assign/vec4 v0x5e0200302cd0_0, 0;
    %jmp T_18.1;
T_18.0 ;
    %load/vec4 v0x5e0200304eb0_0;
    %assign/vec4 v0x5e0200300a60_0, 0;
    %load/vec4 v0x5e02003035a0_0;
    %assign/vec4 v0x5e02003014f0_0, 0;
    %load/vec4 v0x5e0200304eb0_0;
    %assign/vec4 v0x5e0200300b20_0, 0;
    %load/vec4 v0x5e0200301ce0_0;
    %assign/vec4 v0x5e0200300fe0_0, 0;
    %load/vec4 v0x5e0200302710_0;
    %assign/vec4 v0x5e02003015e0_0, 0;
    %load/vec4 v0x5e02003020d0_0;
    %assign/vec4 v0x5e02003011f0_0, 0;
    %load/vec4 v0x5e0200301ab0_0;
    %assign/vec4 v0x5e0200300c20_0, 0;
    %load/vec4 v0x5e0200302010_0;
    %assign/vec4 v0x5e0200301150_0, 0;
    %load/vec4 v0x5e0200301f70_0;
    %assign/vec4 v0x5e02003010b0_0, 0;
    %load/vec4 v0x5e0200303720_0;
    %assign/vec4 v0x5e0200300cc0_0, 0;
    %load/vec4 v0x5e0200305480_0;
    %assign/vec4 v0x5e0200301890_0, 0;
    %load/vec4 v0x5e0200304940_0;
    %assign/vec4 v0x5e0200301350_0, 0;
    %load/vec4 v0x5e0200304780_0;
    %assign/vec4 v0x5e0200301290_0, 0;
    %load/vec4 v0x5e02003037c0_0;
    %assign/vec4 v0x5e0200300d80_0, 0;
    %load/vec4 v0x5e0200302280_0;
    %assign/vec4 v0x5e0200301410_0, 0;
    %load/vec4 v0x5e0200300a60_0;
    %assign/vec4 v0x5e0200302bf0_0, 0;
    %load/vec4 v0x5e0200304d10_0;
    %assign/vec4 v0x5e0200302ff0_0, 0;
    %load/vec4 v0x5e02003015e0_0;
    %assign/vec4 v0x5e0200302f30_0, 0;
    %load/vec4 v0x5e02003017c0_0;
    %assign/vec4 v0x5e02003030d0_0, 0;
    %load/vec4 v0x5e02003011f0_0;
    %assign/vec4 v0x5e0200302d90_0, 0;
    %load/vec4 v0x5e0200301410_0;
    %assign/vec4 v0x5e0200302e50_0, 0;
    %load/vec4 v0x5e0200301150_0;
    %assign/vec4 v0x5e0200302cd0_0, 0;
    %load/vec4 v0x5e0200303ab0_0;
    %flag_set/vec4 8;
    %jmp/0xz  T_18.2, 8;
    %pushi/vec4 0, 0, 32;
    %assign/vec4 v0x5e0200302a60_0, 0;
    %pushi/vec4 0, 0, 1;
    %assign/vec4 v0x5e0200302800_0, 0;
    %pushi/vec4 0, 0, 1;
    %assign/vec4 v0x5e0200301c40_0, 0;
    %pushi/vec4 0, 0, 1;
    %assign/vec4 v0x5e02003020d0_0, 0;
    %pushi/vec4 0, 0, 1;
    %assign/vec4 v0x5e0200301b70_0, 0;
    %pushi/vec4 0, 0, 1;
    %assign/vec4 v0x5e0200301ab0_0, 0;
    %pushi/vec4 0, 0, 1;
    %assign/vec4 v0x5e0200302010_0, 0;
    %pushi/vec4 0, 0, 1;
    %assign/vec4 v0x5e0200301f70_0, 0;
    %pushi/vec4 0, 0, 1;
    %assign/vec4 v0x5e02003019f0_0, 0;
    %pushi/vec4 0, 0, 5;
    %assign/vec4 v0x5e0200301930_0, 0;
    %pushi/vec4 0, 0, 32;
    %assign/vec4 v0x5e0200302280_0, 0;
    %pushi/vec4 0, 0, 32;
    %assign/vec4 v0x5e0200302340_0, 0;
    %pushi/vec4 0, 0, 32;
    %assign/vec4 v0x5e0200302630_0, 0;
    %pushi/vec4 0, 0, 5;
    %assign/vec4 v0x5e02003028a0_0, 0;
    %pushi/vec4 0, 0, 5;
    %assign/vec4 v0x5e0200302990_0, 0;
    %pushi/vec4 0, 0, 5;
    %assign/vec4 v0x5e0200302710_0, 0;
    %pushi/vec4 0, 0, 32;
    %assign/vec4 v0x5e0200301ea0_0, 0;
    %pushi/vec4 0, 0, 3;
    %assign/vec4 v0x5e0200301ce0_0, 0;
    %pushi/vec4 0, 0, 7;
    %assign/vec4 v0x5e0200301dd0_0, 0;
    %pushi/vec4 0, 0, 7;
    %assign/vec4 v0x5e0200302190_0, 0;
    %pushi/vec4 0, 0, 1;
    %assign/vec4 v0x5e02003017c0_0, 0;
    %pushi/vec4 0, 0, 1;
    %assign/vec4 v0x5e0200300f10_0, 0;
    %pushi/vec4 0, 0, 1;
    %assign/vec4 v0x5e0200300e40_0, 0;
    %pushi/vec4 0, 0, 1;
    %assign/vec4 v0x5e0200301150_0, 0;
    %pushi/vec4 0, 0, 1;
    %assign/vec4 v0x5e02003010b0_0, 0;
    %pushi/vec4 0, 0, 1;
    %assign/vec4 v0x5e0200300cc0_0, 0;
    %jmp T_18.3;
T_18.2 ;
    %load/vec4 v0x5e02003052f0_0;
    %flag_set/vec4 8;
    %jmp/0xz  T_18.4, 8;
    %load/vec4 v0x5e0200302b30_0;
    %assign/vec4 v0x5e0200302b30_0, 0;
    %load/vec4 v0x5e0200302a60_0;
    %assign/vec4 v0x5e0200302a60_0, 0;
    %pushi/vec4 0, 0, 1;
    %assign/vec4 v0x5e0200302800_0, 0;
    %pushi/vec4 0, 0, 1;
    %assign/vec4 v0x5e0200301c40_0, 0;
    %pushi/vec4 0, 0, 1;
    %assign/vec4 v0x5e0200301b70_0, 0;
    %pushi/vec4 0, 0, 1;
    %assign/vec4 v0x5e0200301ab0_0, 0;
    %pushi/vec4 0, 0, 1;
    %assign/vec4 v0x5e0200302010_0, 0;
    %pushi/vec4 0, 0, 1;
    %assign/vec4 v0x5e0200301f70_0, 0;
    %load/vec4 v0x5e0200302800_0;
    %assign/vec4 v0x5e02003017c0_0, 0;
    %load/vec4 v0x5e0200301b70_0;
    %assign/vec4 v0x5e0200300e40_0, 0;
    %load/vec4 v0x5e0200301c40_0;
    %assign/vec4 v0x5e0200300f10_0, 0;
    %jmp T_18.5;
T_18.4 ;
    %load/vec4 v0x5e02003049e0_0;
    %assign/vec4 v0x5e0200302b30_0, 0;
    %load/vec4 v0x5e0200304440_0;
    %assign/vec4 v0x5e0200302a60_0, 0;
    %load/vec4 v0x5e0200302b30_0;
    %assign/vec4 v0x5e0200302280_0, 0;
    %load/vec4 v0x5e0200304ad0_0;
    %assign/vec4 v0x5e0200302340_0, 0;
    %load/vec4 v0x5e0200304b70_0;
    %assign/vec4 v0x5e0200302630_0, 0;
    %load/vec4 v0x5e0200304f80_0;
    %assign/vec4 v0x5e02003028a0_0, 0;
    %load/vec4 v0x5e0200305070_0;
    %assign/vec4 v0x5e0200302990_0, 0;
    %load/vec4 v0x5e0200304c40_0;
    %assign/vec4 v0x5e0200302710_0, 0;
    %load/vec4 v0x5e0200303e90_0;
    %assign/vec4 v0x5e0200301ea0_0, 0;
    %load/vec4 v0x5e0200303b50_0;
    %assign/vec4 v0x5e0200301ce0_0, 0;
    %load/vec4 v0x5e0200303c20_0;
    %assign/vec4 v0x5e0200301dd0_0, 0;
    %load/vec4 v0x5e0200304850_0;
    %assign/vec4 v0x5e0200302190_0, 0;
    %load/vec4 v0x5e0200304de0_0;
    %assign/vec4 v0x5e0200302800_0, 0;
    %load/vec4 v0x5e02003046b0_0;
    %assign/vec4 v0x5e02003020d0_0, 0;
    %load/vec4 v0x5e0200303940_0;
    %assign/vec4 v0x5e0200301b70_0, 0;
    %load/vec4 v0x5e02003039e0_0;
    %assign/vec4 v0x5e0200301c40_0, 0;
    %load/vec4 v0x5e0200303680_0;
    %assign/vec4 v0x5e0200301ab0_0, 0;
    %load/vec4 v0x5e02003045e0_0;
    %assign/vec4 v0x5e0200302010_0, 0;
    %load/vec4 v0x5e0200304510_0;
    %assign/vec4 v0x5e0200301f70_0, 0;
    %load/vec4 v0x5e0200300970_0;
    %assign/vec4 v0x5e02003019f0_0, 0;
    %load/vec4 v0x5e0200305200_0;
    %assign/vec4 v0x5e0200301930_0, 0;
    %load/vec4 v0x5e0200302800_0;
    %assign/vec4 v0x5e02003017c0_0, 0;
    %load/vec4 v0x5e0200301b70_0;
    %assign/vec4 v0x5e0200300e40_0, 0;
    %load/vec4 v0x5e0200301c40_0;
    %assign/vec4 v0x5e0200300f10_0, 0;
T_18.5 ;
T_18.3 ;
T_18.1 ;
    %jmp T_18;
    .thread T_18;
    .scope S_0x5e02001adc30;
T_19 ;
    %pushi/vec4 0, 0, 32;
    %store/vec4 v0x5e0200305680_0, 0, 32;
    %pushi/vec4 0, 0, 32;
    %store/vec4 v0x5e02003055c0_0, 0, 32;
    %end;
    .thread T_19, $init;
    .scope S_0x5e02001adc30;
T_20 ;
    %delay 5, 0;
    %load/vec4 v0x5e0200305520_0;
    %inv;
    %assign/vec4 v0x5e0200305520_0, 0;
    %jmp T_20;
    .thread T_20;
    .scope S_0x5e02001adc30;
T_21 ;
    %vpi_call/w 3 51 "$display", "Starting testbench" {0 0 0};
    %pushi/vec4 0, 0, 1;
    %store/vec4 v0x5e0200305520_0, 0, 1;
    %pushi/vec4 1, 0, 1;
    %store/vec4 v0x5e0200305740_0, 0, 1;
    %pushi/vec4 5, 0, 32;
T_21.0 %dup/vec4;
    %pushi/vec4 0, 0, 32;
    %cmp/s;
    %jmp/1xz T_21.1, 5;
    %jmp/1 T_21.1, 4;
    %pushi/vec4 1, 0, 32;
    %sub;
    %wait E_0x5e020011a620;
    %jmp T_21.0;
T_21.1 ;
    %pop/vec4 1;
    %pushi/vec4 0, 0, 1;
    %store/vec4 v0x5e0200305740_0, 0, 1;
    %pushi/vec4 5, 0, 32;
T_21.2 %dup/vec4;
    %pushi/vec4 0, 0, 32;
    %cmp/s;
    %jmp/1xz T_21.3, 5;
    %jmp/1 T_21.3, 4;
    %pushi/vec4 1, 0, 32;
    %sub;
    %wait E_0x5e020011a620;
    %jmp T_21.2;
T_21.3 ;
    %pop/vec4 1;
    %pushi/vec4 1, 0, 5;
    %store/vec4 v0x5e02002bef50_0, 0, 5;
    %pushi/vec4 5, 0, 32;
    %store/vec4 v0x5e02002becd0_0, 0, 32;
    %pushi/str "addi x1, x0, 5";
    %store/str v0x5e02002bf030_0;
    %pushi/vec4 1, 0, 32;
    %store/vec4 v0x5e02002bf0f0_0, 0, 32;
    %load/vec4 v0x5e0200305680_0;
    %store/vec4 v0x5e02002bee90_0, 0, 32;
    %load/vec4 v0x5e02003055c0_0;
    %store/vec4 v0x5e02002bedb0_0, 0, 32;
    %fork TD_tb_cpu.check_registers, S_0x5e02002beb20;
    %join;
    %load/vec4 v0x5e02002bee90_0;
    %store/vec4 v0x5e0200305680_0, 0, 32;
    %load/vec4 v0x5e02002bedb0_0;
    %store/vec4 v0x5e02003055c0_0, 0, 32;
    %pushi/vec4 1, 0, 32;
    %store/vec4 v0x5e02001be030_0, 0, 32;
    %pushi/vec4 5, 0, 32;
    %store/vec4 v0x5e02002ba910_0, 0, 32;
    %pushi/str "sw x1, 4(x0)";
    %store/str v0x5e02002aa190_0;
    %pushi/vec4 2, 0, 32;
    %store/vec4 v0x5e02002bea40_0, 0, 32;
    %load/vec4 v0x5e0200305680_0;
    %store/vec4 v0x5e02001ad420_0, 0, 32;
    %load/vec4 v0x5e02003055c0_0;
    %store/vec4 v0x5e02002b9260_0, 0, 32;
    %fork TD_tb_cpu.check_mem, S_0x5e02001eb310;
    %join;
    %load/vec4 v0x5e02001ad420_0;
    %store/vec4 v0x5e0200305680_0, 0, 32;
    %load/vec4 v0x5e02002b9260_0;
    %store/vec4 v0x5e02003055c0_0, 0, 32;
    %pushi/vec4 2, 0, 5;
    %store/vec4 v0x5e02002bef50_0, 0, 5;
    %pushi/vec4 5, 0, 32;
    %store/vec4 v0x5e02002becd0_0, 0, 32;
    %pushi/str "lw x1, 4(x0)";
    %store/str v0x5e02002bf030_0;
    %pushi/vec4 3, 0, 32;
    %store/vec4 v0x5e02002bf0f0_0, 0, 32;
    %load/vec4 v0x5e0200305680_0;
    %store/vec4 v0x5e02002bee90_0, 0, 32;
    %load/vec4 v0x5e02003055c0_0;
    %store/vec4 v0x5e02002bedb0_0, 0, 32;
    %fork TD_tb_cpu.check_registers, S_0x5e02002beb20;
    %join;
    %load/vec4 v0x5e02002bee90_0;
    %store/vec4 v0x5e0200305680_0, 0, 32;
    %load/vec4 v0x5e02002bedb0_0;
    %store/vec4 v0x5e02003055c0_0, 0, 32;
    %vpi_call/w 3 60 "$display", "Passed: %0d, Failed: %0d", v0x5e0200305680_0, v0x5e02003055c0_0 {0 0 0};
    %vpi_call/w 3 61 "$finish" {0 0 0};
    %end;
    .thread T_21;
# The file index is used to find the file name in the following table.
:file_names 16;
    "N/A";
    "<interactive>";
    "-";
    "tb/my_tb.sv";
    "./rtl/cpu-p.sv";
    "./rtl/alu-p.sv";
    "./rtl/ops-p.sv";
    "./rtl/alucontrol-p.sv";
    "./rtl/control-p.sv";
    "./rtl/datamem-p.sv";
    "./rtl/forwardunit-p.sv";
    "./rtl/hazarddetect-p.sv";
    "./rtl/instdecoder-p.sv";
    "./rtl/instmem-p.sv";
    "./rtl/progcounter-p.sv";
    "./rtl/registers-p.sv";
